video,video_index,material,split,frame_idx,timestamp_sec,tool_tip_x,tool_tip_y,crop_tip_x,crop_tip_y,roi_x1,roi_y1,roi_x2,roi_y2,crop_w,crop_h,laplacian_var,motion_score,tracking_status,category,crop_path
WhatsApp Video 2026-08-11 at 6.55.10 AM (1).mp4,2,Aluminium,train,0,0.0,494,214,150,150,344,64,644,364,300,300,133.09,0.0,TRACKED,RETAINED,data/phase2_roi_crops/retained/WhatsApp_Video_2026-08-11_at_6.55.10_AM_(1)/crop_000000.jpg
WhatsApp Video 2026-08-11 at 6.55.10 AM (1).mp4,2,Aluminium,train,15,0.25,497,212,150,150,347,62,647,362,300,300,126.16,5.32,TRACKED,RETAINED,data/phase2_roi_crops/retained/WhatsApp_Video_2026-08-11_at_6.55.10_AM_(1)/crop_000015.jpg
WhatsApp Video 2026-08-11 at 6.55.10 AM (1).mp4,2,Aluminium,train,30,0.5,502,215,150,150,352,65,652,365,300,300,137.48,8.61,TRACKED,RETAINED,data/phase2_roi_crops/retained/WhatsApp_Video_2026-08-11_at_6.55.10_AM_(1)/crop_000030.jpg
WhatsApp Video 2026-08-11 at 6.55.10 AM (1).mp4,2,Aluminium,train,45,0.75,500,212,150,150,350,62,650,362,300,300,117.64,14.57,TRACKED,RETAINED,data/phase2_roi_crops/retained/WhatsApp_Video_2026-08-11_at_6.55.10_AM_(1)/crop_000045.jpg
WhatsApp Video 2026-08-11 at 6.55.10 AM (1).mp4,2,Aluminium,train,60,1.0,504,213,150,150,354,63,654,363,300,300,116.93,35.68,TRACKED,RETAINED,data/phase2_roi_crops/retained/WhatsApp_Video_2026-08-11_at_6.55.10_AM_(1)/crop_000060.jpg
WhatsApp Video 2026-08-11 at 6.55.10 AM (1).mp4,2,Aluminium,train,75,1.25,506,212,150,150,356,62,656,362,300,300,129.81,27.94,TRACKED,RETAINED,data/phase2_roi_crops/retained/WhatsApp_Video_2026-08-11_at_6.55.10_AM_(1)/crop_000075.jpg
WhatsApp Video 2026-08-11 at 6.55.10 AM (1).mp4,2,Aluminium,train,90,1.5,505,205,150,150,355,55,655,355,300,300,129.35,11.65,TRACKED,RETAINED,data/phase2_roi_crops/retained/WhatsApp_Video_2026-08-11_at_6.55.10_AM_(1)/crop_000090.jpg
WhatsApp Video 2026-08-11 at 6.55.10 AM (1).mp4,2,Aluminium,train,105,1.75,511,210,150,150,361,60,661,360,300,300,132.31,26.26,TRACKED,RETAINED,data/phase2_roi_crops/retained/WhatsApp_Video_2026-08-11_at_6.55.10_AM_(1)/crop_000105.jpg
WhatsApp Video 2026-08-11 at 6.55.10 AM (1).mp4,2,Aluminium,train,120,2.0,508,210,150,150,358,60,658,360,300,300,143.04,21.59,TRACKED,RETAINED,data/phase2_roi_crops/retained/WhatsApp_Video_2026-08-11_at_6.55.10_AM_(1)/crop_000120.jpg
WhatsApp Video 2026-08-11 at 6.55.10 AM (1).mp4,2,Aluminium,train,135,2.25,508,210,150,150,358,60,658,360,300,300,163.26,19.8,TRACKED,RETAINED,data/phase2_roi_crops/retained/WhatsApp_Video_2026-08-11_at_6.55.10_AM_(1)/crop_000135.jpg
WhatsApp Video 2026-08-11 at 6.55.10 AM (1).mp4,2,Aluminium,train,150,2.5,513,205,150,150,363,55,663,355,300,300,149.74,7.44,TRACKED,RETAINED,data/phase2_roi_crops/retained/WhatsApp_Video_2026-08-11_at_6.55.10_AM_(1)/crop_000150.jpg
WhatsApp Video 2026-08-11 at 6.55.10 AM (1).mp4,2,Aluminium,train,165,2.75,515,210,150,150,365,60,665,360,300,300,154.61,11.15,TRACKED,RETAINED,data/phase2_roi_crops/retained/WhatsApp_Video_2026-08-11_at_6.55.10_AM_(1)/crop_000165.jpg
WhatsApp Video 2026-08-11 at 6.55.10 AM (1).mp4,2,Aluminium,train,180,3.0,514,208,150,150,364,58,664,358,300,300,157.18,26.46,TRACKED,RETAINED,data/phase2_roi_crops/retained/WhatsApp_Video_2026-08-11_at_6.55.10_AM_(1)/crop_000180.jpg
WhatsApp Video 2026-08-11 at 6.55.10 AM (1).mp4,2,Aluminium,train,195,3.25,513,205,150,150,363,55,663,355,300,300,118.24,8.02,TRACKED,RETAINED,data/phase2_roi_crops/retained/WhatsApp_Video_2026-08-11_at_6.55.10_AM_(1)/crop_000195.jpg
WhatsApp Video 2026-08-11 at 6.55.10 AM (1).mp4,2,Aluminium,train,210,3.5,514,206,150,150,364,56,664,356,300,300,103.19,26.26,TRACKED,RETAINED,data/phase2_roi_crops/retained/WhatsApp_Video_2026-08-11_at_6.55.10_AM_(1)/crop_000210.jpg
WhatsApp Video 2026-08-11 at 6.55.10 AM (1).mp4,2,Aluminium,train,225,3.75,515,205,150,150,365,55,665,355,300,300,97.3,19.84,TRACKED,RETAINED,data/phase2_roi_crops/retained/WhatsApp_Video_2026-08-11_at_6.55.10_AM_(1)/crop_000225.jpg
WhatsApp Video 2026-08-11 at 6.55.10 AM (1).mp4,2,Aluminium,train,240,4.0,517,205,150,150,367,55,667,355,300,300,97.0,13.33,TRACKED,RETAINED,data/phase2_roi_crops/retained/WhatsApp_Video_2026-08-11_at_6.55.10_AM_(1)/crop_000240.jpg
WhatsApp Video 2026-08-11 at 6.55.10 AM (1).mp4,2,Aluminium,train,255,4.25,517,204,150,150,367,54,667,354,300,300,94.91,9.0,TRACKED,RETAINED,data/phase2_roi_crops/retained/WhatsApp_Video_2026-08-11_at_6.55.10_AM_(1)/crop_000255.jpg
WhatsApp Video 2026-08-11 at 6.55.10 AM (1).mp4,2,Aluminium,train,270,4.5,521,205,150,150,371,55,671,355,300,300,102.51,8.25,TRACKED,RETAINED,data/phase2_roi_crops/retained/WhatsApp_Video_2026-08-11_at_6.55.10_AM_(1)/crop_000270.jpg
WhatsApp Video 2026-08-11 at 6.55.10 AM (1).mp4,2,Aluminium,train,285,4.75,522,206,150,150,372,56,672,356,300,300,100.54,21.23,TRACKED,RETAINED,data/phase2_roi_crops/retained/WhatsApp_Video_2026-08-11_at_6.55.10_AM_(1)/crop_000285.jpg
WhatsApp Video 2026-08-11 at 6.55.10 AM (1).mp4,2,Aluminium,train,300,5.0,526,203,150,150,376,53,676,353,300,300,126.42,26.15,TRACKED,RETAINED,data/phase2_roi_crops/retained/WhatsApp_Video_2026-08-11_at_6.55.10_AM_(1)/crop_000300.jpg
WhatsApp Video 2026-08-11 at 6.55.10 AM (1).mp4,2,Aluminium,train,315,5.25,530,205,150,150,380,55,680,355,300,300,111.68,7.26,TRACKED,RETAINED,data/phase2_roi_crops/retained/WhatsApp_Video_2026-08-11_at_6.55.10_AM_(1)/crop_000315.jpg
WhatsApp Video 2026-08-11 at 6.55.10 AM (1).mp4,2,Aluminium,train,330,5.5,530,205,150,150,380,55,680,355,300,300,122.52,16.28,TRACKED,RETAINED,data/phase2_roi_crops/retained/WhatsApp_Video_2026-08-11_at_6.55.10_AM_(1)/crop_000330.jpg
WhatsApp Video 2026-08-11 at 6.55.10 AM (1).mp4,2,Aluminium,train,345,5.75,531,204,150,150,381,54,681,354,300,300,124.25,6.88,TRACKED,RETAINED,data/phase2_roi_crops/retained/WhatsApp_Video_2026-08-11_at_6.55.10_AM_(1)/crop_000345.jpg
WhatsApp Video 2026-08-11 at 6.55.10 AM (1).mp4,2,Aluminium,train,360,6.0,531,198,150,150,381,48,681,348,300,300,104.2,9.21,TRACKED,RETAINED,data/phase2_roi_crops/retained/WhatsApp_Video_2026-08-11_at_6.55.10_AM_(1)/crop_000360.jpg
WhatsApp Video 2026-08-11 at 6.55.10 AM (1).mp4,2,Aluminium,train,375,6.25,533,200,150,150,383,50,683,350,300,300,101.81,24.72,TRACKED,RETAINED,data/phase2_roi_crops/retained/WhatsApp_Video_2026-08-11_at_6.55.10_AM_(1)/crop_000375.jpg
WhatsApp Video 2026-08-11 at 6.55.10 AM (1).mp4,2,Aluminium,train,390,6.5,536,199,150,150,386,49,686,349,300,300,98.33,20.96,TRACKED,RETAINED,data/phase2_roi_crops/retained/WhatsApp_Video_2026-08-11_at_6.55.10_AM_(1)/crop_000390.jpg
WhatsApp Video 2026-08-11 at 6.55.10 AM (1).mp4,2,Aluminium,train,405,6.75,537,198,150,150,387,48,687,348,300,300,90.66,22.23,TRACKED,RETAINED,data/phase2_roi_crops/retained/WhatsApp_Video_2026-08-11_at_6.55.10_AM_(1)/crop_000405.jpg
WhatsApp Video 2026-08-11 at 6.55.10 AM (1).mp4,2,Aluminium,train,420,7.0,538,197,150,150,388,47,688,347,300,300,90.44,9.92,TRACKED,RETAINED,data/phase2_roi_crops/retained/WhatsApp_Video_2026-08-11_at_6.55.10_AM_(1)/crop_000420.jpg
WhatsApp Video 2026-08-11 at 6.55.10 AM (1).mp4,2,Aluminium,train,435,7.25,538,196,150,150,388,46,688,346,300,300,104.75,23.22,TRACKED,RETAINED,data/phase2_roi_crops/retained/WhatsApp_Video_2026-08-11_at_6.55.10_AM_(1)/crop_000435.jpg
WhatsApp Video 2026-08-11 at 6.55.10 AM (1).mp4,2,Aluminium,train,450,7.5,537,198,150,150,387,48,687,348,300,300,104.88,8.45,TRACKED,RETAINED,data/phase2_roi_crops/retained/WhatsApp_Video_2026-08-11_at_6.55.10_AM_(1)/crop_000450.jpg
WhatsApp Video 2026-08-11 at 6.55.10 AM (1).mp4,2,Aluminium,train,465,7.75,533,195,150,150,383,45,683,345,300,300,110.79,7.59,TRACKED,RETAINED,data/phase2_roi_crops/retained/WhatsApp_Video_2026-08-11_at_6.55.10_AM_(1)/crop_000465.jpg
WhatsApp Video 2026-08-11 at 6.55.10 AM (1).mp4,2,Aluminium,train,480,8.0,533,194,150,150,383,44,683,344,300,300,107.13,5.47,TRACKED,RETAINED,data/phase2_roi_crops/retained/WhatsApp_Video_2026-08-11_at_6.55.10_AM_(1)/crop_000480.jpg
WhatsApp Video 2026-08-11 at 6.55.10 AM (1).mp4,2,Aluminium,train,495,8.25,534,194,150,150,384,44,684,344,300,300,115.78,7.4,TRACKED,RETAINED,data/phase2_roi_crops/retained/WhatsApp_Video_2026-08-11_at_6.55.10_AM_(1)/crop_000495.jpg
WhatsApp Video 2026-08-11 at 6.55.10 AM (1).mp4,2,Aluminium,train,510,8.5,532,194,150,150,382,44,682,344,300,300,112.89,7.84,TRACKED,RETAINED,data/phase2_roi_crops/retained/WhatsApp_Video_2026-08-11_at_6.55.10_AM_(1)/crop_000510.jpg
WhatsApp Video 2026-08-11 at 6.55.10 AM (1).mp4,2,Aluminium,train,525,8.75,526,189,150,150,376,39,676,339,300,300,105.43,9.5,TRACKED,RETAINED,data/phase2_roi_crops/retained/WhatsApp_Video_2026-08-11_at_6.55.10_AM_(1)/crop_000525.jpg
WhatsApp Video 2026-08-11 at 6.55.10 AM (1).mp4,2,Aluminium,train,540,9.0,530,191,150,150,380,41,680,341,300,300,106.43,25.88,TRACKED,RETAINED,data/phase2_roi_crops/retained/WhatsApp_Video_2026-08-11_at_6.55.10_AM_(1)/crop_000540.jpg
WhatsApp Video 2026-08-11 at 6.55.10 AM (1).mp4,2,Aluminium,train,555,9.25,531,188,150,150,381,38,681,338,300,300,114.03,11.27,TRACKED,RETAINED,data/phase2_roi_crops/retained/WhatsApp_Video_2026-08-11_at_6.55.10_AM_(1)/crop_000555.jpg
WhatsApp Video 2026-08-11 at 6.55.10 AM (1).mp4,2,Aluminium,train,570,9.5,525,184,150,150,375,34,675,334,300,300,117.76,12.56,TRACKED,RETAINED,data/phase2_roi_crops/retained/WhatsApp_Video_2026-08-11_at_6.55.10_AM_(1)/crop_000570.jpg
WhatsApp Video 2026-08-11 at 6.55.10 AM (1).mp4,2,Aluminium,train,585,9.75,530,183,150,150,380,33,680,333,300,300,137.17,16.17,TRACKED,RETAINED,data/phase2_roi_crops/retained/WhatsApp_Video_2026-08-11_at_6.55.10_AM_(1)/crop_000585.jpg
WhatsApp Video 2026-08-11 at 6.55.10 AM (1).mp4,2,Aluminium,train,600,10.0,525,187,150,150,375,37,675,337,300,300,198.26,15.83,TRACKED,RETAINED,data/phase2_roi_crops/retained/WhatsApp_Video_2026-08-11_at_6.55.10_AM_(1)/crop_000600.jpg
WhatsApp Video 2026-08-11 at 6.55.10 AM (1).mp4,2,Aluminium,train,615,10.25,523,183,150,150,373,33,673,333,300,300,116.08,23.97,TRACKED,RETAINED,data/phase2_roi_crops/retained/WhatsApp_Video_2026-08-11_at_6.55.10_AM_(1)/crop_000615.jpg
WhatsApp Video 2026-08-11 at 6.55.10 AM (1).mp4,2,Aluminium,train,630,10.5,521,183,150,150,371,33,671,333,300,300,118.14,8.0,TRACKED,RETAINED,data/phase2_roi_crops/retained/WhatsApp_Video_2026-08-11_at_6.55.10_AM_(1)/crop_000630.jpg
WhatsApp Video 2026-08-11 at 6.55.10 AM (1).mp4,2,Aluminium,train,645,10.75,516,183,150,150,366,33,666,333,300,300,124.79,6.47,TRACKED,RETAINED,data/phase2_roi_crops/retained/WhatsApp_Video_2026-08-11_at_6.55.10_AM_(1)/crop_000645.jpg
WhatsApp Video 2026-08-11 at 6.55.10 AM (1).mp4,2,Aluminium,train,660,11.0,517,178,150,150,367,28,667,328,300,300,130.55,17.68,TRACKED,RETAINED,data/phase2_roi_crops/retained/WhatsApp_Video_2026-08-11_at_6.55.10_AM_(1)/crop_000660.jpg
WhatsApp Video 2026-08-11 at 6.55.10 AM (1).mp4,2,Aluminium,train,675,11.25,514,178,150,150,364,28,664,328,300,300,123.3,7.55,TRACKED,RETAINED,data/phase2_roi_crops/retained/WhatsApp_Video_2026-08-11_at_6.55.10_AM_(1)/crop_000675.jpg
WhatsApp Video 2026-08-11 at 6.55.10 AM (1).mp4,2,Aluminium,train,690,11.5,519,177,150,150,369,27,669,327,300,300,132.44,11.02,TRACKED,RETAINED,data/phase2_roi_crops/retained/WhatsApp_Video_2026-08-11_at_6.55.10_AM_(1)/crop_000690.jpg
WhatsApp Video 2026-08-11 at 6.55.10 AM (1).mp4,2,Aluminium,train,705,11.75,518,174,150,150,368,24,668,324,300,300,104.92,5.69,TRACKED,RETAINED,data/phase2_roi_crops/retained/WhatsApp_Video_2026-08-11_at_6.55.10_AM_(1)/crop_000705.jpg
WhatsApp Video 2026-08-11 at 6.55.10 AM (1).mp4,2,Aluminium,train,720,12.0,514,172,150,150,364,22,664,322,300,300,99.14,23.44,TRACKED,RETAINED,data/phase2_roi_crops/retained/WhatsApp_Video_2026-08-11_at_6.55.10_AM_(1)/crop_000720.jpg
WhatsApp Video 2026-08-11 at 6.55.10 AM (1).mp4,2,Aluminium,train,735,12.25,519,174,150,150,369,24,669,324,300,300,91.31,30.32,TRACKED,RETAINED,data/phase2_roi_crops/retained/WhatsApp_Video_2026-08-11_at_6.55.10_AM_(1)/crop_000735.jpg
WhatsApp Video 2026-08-11 at 6.55.10 AM (1).mp4,2,Aluminium,train,750,12.5,514,171,150,150,364,21,664,321,300,300,107.93,20.61,TRACKED,RETAINED,data/phase2_roi_crops/retained/WhatsApp_Video_2026-08-11_at_6.55.10_AM_(1)/crop_000750.jpg
WhatsApp Video 2026-08-11 at 6.55.10 AM (1).mp4,2,Aluminium,train,765,12.75,517,170,150,150,367,20,667,320,300,300,107.21,7.23,TRACKED,RETAINED,data/phase2_roi_crops/retained/WhatsApp_Video_2026-08-11_at_6.55.10_AM_(1)/crop_000765.jpg
WhatsApp Video 2026-08-11 at 6.55.10 AM (1).mp4,2,Aluminium,train,780,13.0,512,174,150,150,362,24,662,324,300,300,111.85,18.82,TRACKED,RETAINED,data/phase2_roi_crops/retained/WhatsApp_Video_2026-08-11_at_6.55.10_AM_(1)/crop_000780.jpg
WhatsApp Video 2026-08-11 at 6.55.10 AM (1).mp4,2,Aluminium,train,795,13.25,509,169,150,150,359,19,659,319,300,300,109.02,24.31,TRACKED,RETAINED,data/phase2_roi_crops/retained/WhatsApp_Video_2026-08-11_at_6.55.10_AM_(1)/crop_000795.jpg
WhatsApp Video 2026-08-11 at 6.55.10 AM (1).mp4,2,Aluminium,train,810,13.5,509,170,150,150,359,20,659,320,300,300,119.99,14.86,TRACKED,RETAINED,data/phase2_roi_crops/retained/WhatsApp_Video_2026-08-11_at_6.55.10_AM_(1)/crop_000810.jpg
WhatsApp Video 2026-08-11 at 6.55.10 AM (1).mp4,2,Aluminium,train,825,13.75,507,168,150,150,357,18,657,318,300,300,122.6,20.41,TRACKED,RETAINED,data/phase2_roi_crops/retained/WhatsApp_Video_2026-08-11_at_6.55.10_AM_(1)/crop_000825.jpg
WhatsApp Video 2026-08-11 at 6.55.10 AM (1).mp4,2,Aluminium,train,840,14.0,506,166,150,150,356,16,656,316,300,300,118.36,11.53,TRACKED,RETAINED,data/phase2_roi_crops/retained/WhatsApp_Video_2026-08-11_at_6.55.10_AM_(1)/crop_000840.jpg
WhatsApp Video 2026-08-11 at 6.55.10 AM (1).mp4,2,Aluminium,train,855,14.25,507,166,150,150,357,16,657,316,300,300,131.48,5.04,TRACKED,RETAINED,data/phase2_roi_crops/retained/WhatsApp_Video_2026-08-11_at_6.55.10_AM_(1)/crop_000855.jpg
WhatsApp Video 2026-08-11 at 6.55.10 AM (1).mp4,2,Aluminium,train,870,14.5,503,162,150,150,353,12,653,312,300,300,126.29,23.09,TRACKED,RETAINED,data/phase2_roi_crops/retained/WhatsApp_Video_2026-08-11_at_6.55.10_AM_(1)/crop_000870.jpg
WhatsApp Video 2026-08-11 at 6.55.10 AM (1).mp4,2,Aluminium,train,885,14.75,500,166,150,150,350,16,650,316,300,300,139.8,7.23,TRACKED,RETAINED,data/phase2_roi_crops/retained/WhatsApp_Video_2026-08-11_at_6.55.10_AM_(1)/crop_000885.jpg
WhatsApp Video 2026-08-11 at 6.55.10 AM (1).mp4,2,Aluminium,train,900,15.0,499,166,150,150,349,16,649,316,300,300,181.34,16.03,TRACKED,RETAINED,data/phase2_roi_crops/retained/WhatsApp_Video_2026-08-11_at_6.55.10_AM_(1)/crop_000900.jpg
WhatsApp Video 2026-08-11 at 6.55.10 AM (1).mp4,2,Aluminium,train,915,15.25,496,167,150,150,346,17,646,317,300,300,154.51,9.73,TRACKED,RETAINED,data/phase2_roi_crops/retained/WhatsApp_Video_2026-08-11_at_6.55.10_AM_(1)/crop_000915.jpg
WhatsApp Video 2026-08-11 at 6.55.10 AM (1).mp4,2,Aluminium,train,930,15.5,498,167,150,150,348,17,648,317,300,300,140.86,7.18,TRACKED,RETAINED,data/phase2_roi_crops/retained/WhatsApp_Video_2026-08-11_at_6.55.10_AM_(1)/crop_000930.jpg
WhatsApp Video 2026-08-11 at 6.55.10 AM (1).mp4,2,Aluminium,train,945,15.75,493,167,150,150,343,17,643,317,300,300,138.41,10.86,TRACKED,RETAINED,data/phase2_roi_crops/retained/WhatsApp_Video_2026-08-11_at_6.55.10_AM_(1)/crop_000945.jpg
WhatsApp Video 2026-08-11 at 6.55.10 AM (1).mp4,2,Aluminium,train,960,16.0,491,166,150,150,341,16,641,316,300,300,134.57,14.92,TRACKED,RETAINED,data/phase2_roi_crops/retained/WhatsApp_Video_2026-08-11_at_6.55.10_AM_(1)/crop_000960.jpg
WhatsApp Video 2026-08-11 at 6.55.10 AM (1).mp4,2,Aluminium,train,975,16.25,488,167,150,150,338,17,638,317,300,300,135.74,7.8,TRACKED,RETAINED,data/phase2_roi_crops/retained/WhatsApp_Video_2026-08-11_at_6.55.10_AM_(1)/crop_000975.jpg
WhatsApp Video 2026-08-11 at 6.55.10 AM (1).mp4,2,Aluminium,train,990,16.5,486,170,150,150,336,20,636,320,300,300,146.06,7.81,TRACKED,RETAINED,data/phase2_roi_crops/retained/WhatsApp_Video_2026-08-11_at_6.55.10_AM_(1)/crop_000990.jpg
WhatsApp Video 2026-08-11 at 6.55.10 AM (1).mp4,2,Aluminium,train,1005,16.75,485,168,150,150,335,18,635,318,300,300,130.98,7.49,TRACKED,RETAINED,data/phase2_roi_crops/retained/WhatsApp_Video_2026-08-11_at_6.55.10_AM_(1)/crop_001005.jpg
WhatsApp Video 2026-08-11 at 6.55.10 AM (1).mp4,2,Aluminium,train,1020,17.0,483,167,150,150,333,17,633,317,300,300,141.8,7.49,TRACKED,RETAINED,data/phase2_roi_crops/retained/WhatsApp_Video_2026-08-11_at_6.55.10_AM_(1)/crop_001020.jpg
WhatsApp Video 2026-08-11 at 6.55.10 AM (1).mp4,2,Aluminium,train,1035,17.25,482,164,150,150,332,14,632,314,300,300,124.5,5.54,TRACKED,RETAINED,data/phase2_roi_crops/retained/WhatsApp_Video_2026-08-11_at_6.55.10_AM_(1)/crop_001035.jpg
WhatsApp Video 2026-08-11 at 6.55.10 AM (1).mp4,2,Aluminium,train,1050,17.5,482,163,150,150,332,13,632,313,300,300,139.23,4.9,TRACKED,RETAINED,data/phase2_roi_crops/retained/WhatsApp_Video_2026-08-11_at_6.55.10_AM_(1)/crop_001050.jpg
WhatsApp Video 2026-08-11 at 6.55.10 AM (1).mp4,2,Aluminium,train,1065,17.75,480,163,150,150,330,13,630,313,300,300,128.6,4.0,TRACKED,RETAINED,data/phase2_roi_crops/retained/WhatsApp_Video_2026-08-11_at_6.55.10_AM_(1)/crop_001065.jpg
WhatsApp Video 2026-08-11 at 6.55.10 AM (1).mp4,2,Aluminium,train,1080,18.0,476,164,150,150,326,14,626,314,300,300,130.21,5.92,TRACKED,RETAINED,data/phase2_roi_crops/retained/WhatsApp_Video_2026-08-11_at_6.55.10_AM_(1)/crop_001080.jpg
WhatsApp Video 2026-08-11 at 6.55.10 AM (1).mp4,2,Aluminium,train,1095,18.25,474,165,150,150,324,15,624,315,300,300,120.97,18.83,TRACKED,RETAINED,data/phase2_roi_crops/retained/WhatsApp_Video_2026-08-11_at_6.55.10_AM_(1)/crop_001095.jpg
WhatsApp Video 2026-08-11 at 6.55.10 AM (1).mp4,2,Aluminium,train,1110,18.5,472,164,150,150,322,14,622,314,300,300,120.62,4.15,TRACKED,RETAINED,data/phase2_roi_crops/retained/WhatsApp_Video_2026-08-11_at_6.55.10_AM_(1)/crop_001110.jpg
WhatsApp Video 2026-08-11 at 6.55.10 AM (1).mp4,2,Aluminium,train,1125,18.75,472,165,150,150,322,15,622,315,300,300,114.1,6.02,TRACKED,RETAINED,data/phase2_roi_crops/retained/WhatsApp_Video_2026-08-11_at_6.55.10_AM_(1)/crop_001125.jpg
WhatsApp Video 2026-08-11 at 6.55.10 AM (1).mp4,2,Aluminium,train,1140,19.0,469,165,150,150,319,15,619,315,300,300,120.43,6.46,TRACKED,RETAINED,data/phase2_roi_crops/retained/WhatsApp_Video_2026-08-11_at_6.55.10_AM_(1)/crop_001140.jpg
WhatsApp Video 2026-08-11 at 6.55.10 AM (1).mp4,2,Aluminium,train,1155,19.25,469,167,150,150,319,17,619,317,300,300,120.45,4.21,TRACKED,RETAINED,data/phase2_roi_crops/retained/WhatsApp_Video_2026-08-11_at_6.55.10_AM_(1)/crop_001155.jpg
WhatsApp Video 2026-08-11 at 6.55.10 AM (1).mp4,2,Aluminium,train,1170,19.5,470,167,150,150,320,17,620,317,300,300,111.4,4.13,TRACKED,RETAINED,data/phase2_roi_crops/retained/WhatsApp_Video_2026-08-11_at_6.55.10_AM_(1)/crop_001170.jpg
WhatsApp Video 2026-08-11 at 6.55.10 AM (1).mp4,2,Aluminium,train,1185,19.75,465,165,150,150,315,15,615,315,300,300,107.45,12.62,TRACKED,RETAINED,data/phase2_roi_crops/retained/WhatsApp_Video_2026-08-11_at_6.55.10_AM_(1)/crop_001185.jpg
WhatsApp Video 2026-08-11 at 6.55.10 AM (1).mp4,2,Aluminium,train,1200,20.0,460,165,150,150,310,15,610,315,300,300,153.69,10.4,TRACKED,RETAINED,data/phase2_roi_crops/retained/WhatsApp_Video_2026-08-11_at_6.55.10_AM_(1)/crop_001200.jpg
WhatsApp Video 2026-08-11 at 6.55.10 AM (1).mp4,2,Aluminium,train,1215,20.25,458,164,150,150,308,14,608,314,300,300,111.34,18.2,TRACKED,RETAINED,data/phase2_roi_crops/retained/WhatsApp_Video_2026-08-11_at_6.55.10_AM_(1)/crop_001215.jpg
WhatsApp Video 2026-08-11 at 6.55.10 AM (1).mp4,2,Aluminium,train,1230,20.5,456,165,150,150,306,15,606,315,300,300,102.4,13.05,TRACKED,RETAINED,data/phase2_roi_crops/retained/WhatsApp_Video_2026-08-11_at_6.55.10_AM_(1)/crop_001230.jpg
WhatsApp Video 2026-08-11 at 6.55.10 AM (1).mp4,2,Aluminium,train,1245,20.75,457,163,150,150,307,13,607,313,300,300,105.55,8.93,TRACKED,RETAINED,data/phase2_roi_crops/retained/WhatsApp_Video_2026-08-11_at_6.55.10_AM_(1)/crop_001245.jpg
WhatsApp Video 2026-08-11 at 6.55.10 AM (1).mp4,2,Aluminium,train,1260,21.0,456,166,150,150,306,16,606,316,300,300,94.47,15.03,TRACKED,RETAINED,data/phase2_roi_crops/retained/WhatsApp_Video_2026-08-11_at_6.55.10_AM_(1)/crop_001260.jpg
WhatsApp Video 2026-08-11 at 6.55.10 AM (1).mp4,2,Aluminium,train,1275,21.25,456,167,150,150,306,17,606,317,300,300,88.31,5.08,TRACKED,RETAINED,data/phase2_roi_crops/retained/WhatsApp_Video_2026-08-11_at_6.55.10_AM_(1)/crop_001275.jpg
WhatsApp Video 2026-08-11 at 6.55.10 AM (1).mp4,2,Aluminium,train,1290,21.5,455,167,150,150,305,17,605,317,300,300,85.74,11.52,TRACKED,RETAINED,data/phase2_roi_crops/retained/WhatsApp_Video_2026-08-11_at_6.55.10_AM_(1)/crop_001290.jpg
WhatsApp Video 2026-08-11 at 6.55.10 AM (1).mp4,2,Aluminium,train,1305,21.75,455,169,150,150,305,19,605,319,300,300,77.03,6.26,TRACKED,RETAINED,data/phase2_roi_crops/retained/WhatsApp_Video_2026-08-11_at_6.55.10_AM_(1)/crop_001305.jpg
WhatsApp Video 2026-08-11 at 6.55.10 AM (1).mp4,2,Aluminium,train,1320,22.0,455,168,150,150,305,18,605,318,300,300,78.92,6.63,TRACKED,RETAINED,data/phase2_roi_crops/retained/WhatsApp_Video_2026-08-11_at_6.55.10_AM_(1)/crop_001320.jpg
WhatsApp Video 2026-08-11 at 6.55.10 AM (1).mp4,2,Aluminium,train,1335,22.25,457,170,150,150,307,20,607,320,300,300,76.11,5.12,TRACKED,RETAINED,data/phase2_roi_crops/retained/WhatsApp_Video_2026-08-11_at_6.55.10_AM_(1)/crop_001335.jpg
WhatsApp Video 2026-08-11 at 6.55.10 AM (1).mp4,2,Aluminium,train,1350,22.5,456,172,150,150,306,22,606,322,300,300,79.31,7.41,TRACKED,RETAINED,data/phase2_roi_crops/retained/WhatsApp_Video_2026-08-11_at_6.55.10_AM_(1)/crop_001350.jpg
WhatsApp Video 2026-08-11 at 6.55.10 AM (1).mp4,2,Aluminium,train,1365,22.75,456,170,150,150,306,20,606,320,300,300,85.83,13.06,TRACKED,RETAINED,data/phase2_roi_crops/retained/WhatsApp_Video_2026-08-11_at_6.55.10_AM_(1)/crop_001365.jpg
WhatsApp Video 2026-08-11 at 6.55.10 AM (1).mp4,2,Aluminium,train,1380,23.0,458,168,150,150,308,18,608,318,300,300,87.13,12.34,TRACKED,RETAINED,data/phase2_roi_crops/retained/WhatsApp_Video_2026-08-11_at_6.55.10_AM_(1)/crop_001380.jpg
WhatsApp Video 2026-08-11 at 6.55.10 AM (1).mp4,2,Aluminium,train,1395,23.25,455,170,150,150,305,20,605,320,300,300,91.29,12.02,TRACKED,RETAINED,data/phase2_roi_crops/retained/WhatsApp_Video_2026-08-11_at_6.55.10_AM_(1)/crop_001395.jpg
WhatsApp Video 2026-08-11 at 6.55.10 AM (1).mp4,2,Aluminium,train,1410,23.5,451,169,150,150,301,19,601,319,300,300,93.09,6.0,TRACKED,RETAINED,data/phase2_roi_crops/retained/WhatsApp_Video_2026-08-11_at_6.55.10_AM_(1)/crop_001410.jpg
WhatsApp Video 2026-08-11 at 6.55.10 AM (1).mp4,2,Aluminium,train,1425,23.75,457,171,150,150,307,21,607,321,300,300,76.7,13.4,TRACKED,RETAINED,data/phase2_roi_crops/retained/WhatsApp_Video_2026-08-11_at_6.55.10_AM_(1)/crop_001425.jpg
WhatsApp Video 2026-08-11 at 6.55.10 AM (1).mp4,2,Aluminium,train,1440,24.0,456,172,150,150,306,22,606,322,300,300,79.15,7.45,TRACKED,RETAINED,data/phase2_roi_crops/retained/WhatsApp_Video_2026-08-11_at_6.55.10_AM_(1)/crop_001440.jpg
WhatsApp Video 2026-08-11 at 6.55.10 AM (1).mp4,2,Aluminium,train,1455,24.25,453,174,150,150,303,24,603,324,300,300,74.55,7.33,TRACKED,RETAINED,data/phase2_roi_crops/retained/WhatsApp_Video_2026-08-11_at_6.55.10_AM_(1)/crop_001455.jpg
WhatsApp Video 2026-08-11 at 6.55.10 AM (1).mp4,2,Aluminium,train,1470,24.5,452,174,150,150,302,24,602,324,300,300,61.75,5.82,TRACKED,RETAINED,data/phase2_roi_crops/retained/WhatsApp_Video_2026-08-11_at_6.55.10_AM_(1)/crop_001470.jpg
WhatsApp Video 2026-08-11 at 6.55.10 AM (1).mp4,2,Aluminium,train,1485,24.75,452,173,150,150,302,23,602,323,300,300,68.38,4.66,TRACKED,RETAINED,data/phase2_roi_crops/retained/WhatsApp_Video_2026-08-11_at_6.55.10_AM_(1)/crop_001485.jpg
WhatsApp Video 2026-08-11 at 6.55.10 AM (1).mp4,2,Aluminium,train,1500,25.0,454,173,150,150,304,23,604,323,300,300,99.07,9.65,TRACKED,RETAINED,data/phase2_roi_crops/retained/WhatsApp_Video_2026-08-11_at_6.55.10_AM_(1)/crop_001500.jpg
WhatsApp Video 2026-08-11 at 6.55.10 AM (1).mp4,2,Aluminium,train,1515,25.25,452,173,150,150,302,23,602,323,300,300,92.96,9.63,TRACKED,RETAINED,data/phase2_roi_crops/retained/WhatsApp_Video_2026-08-11_at_6.55.10_AM_(1)/crop_001515.jpg
WhatsApp Video 2026-08-11 at 6.55.10 AM (1).mp4,2,Aluminium,train,1530,25.5,454,176,150,150,304,26,604,326,300,300,70.82,9.11,TRACKED,RETAINED,data/phase2_roi_crops/retained/WhatsApp_Video_2026-08-11_at_6.55.10_AM_(1)/crop_001530.jpg
WhatsApp Video 2026-08-11 at 6.55.10 AM (1).mp4,2,Aluminium,train,1545,25.75,454,174,150,150,304,24,604,324,300,300,68.51,10.8,TRACKED,RETAINED,data/phase2_roi_crops/retained/WhatsApp_Video_2026-08-11_at_6.55.10_AM_(1)/crop_001545.jpg
WhatsApp Video 2026-08-11 at 6.55.10 AM (1).mp4,2,Aluminium,train,1560,26.0,452,174,150,150,302,24,602,324,300,300,67.5,5.75,TRACKED,RETAINED,data/phase2_roi_crops/retained/WhatsApp_Video_2026-08-11_at_6.55.10_AM_(1)/crop_001560.jpg
WhatsApp Video 2026-08-11 at 6.55.10 AM (1).mp4,2,Aluminium,train,1575,26.25,454,174,150,150,304,24,604,324,300,300,65.38,4.76,TRACKED,RETAINED,data/phase2_roi_crops/retained/WhatsApp_Video_2026-08-11_at_6.55.10_AM_(1)/crop_001575.jpg
WhatsApp Video 2026-08-11 at 6.55.10 AM (1).mp4,2,Aluminium,train,1590,26.5,455,173,150,150,305,23,605,323,300,300,63.8,3.35,TRACKED,RETAINED,data/phase2_roi_crops/retained/WhatsApp_Video_2026-08-11_at_6.55.10_AM_(1)/crop_001590.jpg
WhatsApp Video 2026-08-11 at 6.55.10 AM (1).mp4,2,Aluminium,train,1605,26.75,458,171,150,150,308,21,608,321,300,300,70.95,3.68,TRACKED,RETAINED,data/phase2_roi_crops/retained/WhatsApp_Video_2026-08-11_at_6.55.10_AM_(1)/crop_001605.jpg
WhatsApp Video 2026-08-11 at 6.55.10 AM (1).mp4,2,Aluminium,train,1620,27.0,456,176,150,150,306,26,606,326,300,300,59.61,12.39,TRACKED,RETAINED,data/phase2_roi_crops/retained/WhatsApp_Video_2026-08-11_at_6.55.10_AM_(1)/crop_001620.jpg
WhatsApp Video 2026-08-11 at 6.55.10 AM (1).mp4,2,Aluminium,train,1635,27.25,454,174,150,150,304,24,604,324,300,300,68.6,4.13,TRACKED,RETAINED,data/phase2_roi_crops/retained/WhatsApp_Video_2026-08-11_at_6.55.10_AM_(1)/crop_001635.jpg
WhatsApp Video 2026-08-11 at 6.55.10 AM (1).mp4,2,Aluminium,train,1650,27.5,455,174,150,150,305,24,605,324,300,300,62.52,5.77,TRACKED,RETAINED,data/phase2_roi_crops/retained/WhatsApp_Video_2026-08-11_at_6.55.10_AM_(1)/crop_001650.jpg
WhatsApp Video 2026-08-11 at 6.55.10 AM (1).mp4,2,Aluminium,train,1665,27.75,456,177,150,150,306,27,606,327,300,300,51.69,11.57,TRACKED,RETAINED,data/phase2_roi_crops/retained/WhatsApp_Video_2026-08-11_at_6.55.10_AM_(1)/crop_001665.jpg
WhatsApp Video 2026-08-11 at 6.55.11 AM (1).mp4,5,Aluminium,train,0,0.0,376,254,150,150,226,104,526,404,300,300,1233.51,0.0,TRACKED,RETAINED,data/phase2_roi_crops/retained/WhatsApp_Video_2026-08-11_at_6.55.11_AM_(1)/crop_000000.jpg
WhatsApp Video 2026-08-11 at 6.55.11 AM (1).mp4,5,Aluminium,train,15,0.25,376,252,150,150,226,102,526,402,300,300,539.36,28.52,TRACKED,RETAINED,data/phase2_roi_crops/retained/WhatsApp_Video_2026-08-11_at_6.55.11_AM_(1)/crop_000015.jpg
WhatsApp Video 2026-08-11 at 6.55.11 AM (1).mp4,5,Aluminium,train,30,0.5,377,248,150,150,227,98,527,398,300,300,544.02,34.33,TRACKED,RETAINED,data/phase2_roi_crops/retained/WhatsApp_Video_2026-08-11_at_6.55.11_AM_(1)/crop_000030.jpg
WhatsApp Video 2026-08-11 at 6.55.11 AM (1).mp4,5,Aluminium,train,45,0.75,377,247,150,150,227,97,527,397,300,300,573.23,40.22,TRACKED,RETAINED,data/phase2_roi_crops/retained/WhatsApp_Video_2026-08-11_at_6.55.11_AM_(1)/crop_000045.jpg
WhatsApp Video 2026-08-11 at 6.55.11 AM (1).mp4,5,Aluminium,train,60,1.0,378,246,150,150,228,96,528,396,300,300,633.98,30.29,TRACKED,RETAINED,data/phase2_roi_crops/retained/WhatsApp_Video_2026-08-11_at_6.55.11_AM_(1)/crop_000060.jpg
WhatsApp Video 2026-08-11 at 6.55.11 AM (1).mp4,5,Aluminium,train,75,1.25,377,244,150,150,227,94,527,394,300,300,653.74,24.48,TRACKED,RETAINED,data/phase2_roi_crops/retained/WhatsApp_Video_2026-08-11_at_6.55.11_AM_(1)/crop_000075.jpg
WhatsApp Video 2026-08-11 at 6.55.11 AM (1).mp4,5,Aluminium,train,90,1.5,379,243,150,150,229,93,529,393,300,300,647.37,9.44,TRACKED,RETAINED,data/phase2_roi_crops/retained/WhatsApp_Video_2026-08-11_at_6.55.11_AM_(1)/crop_000090.jpg
WhatsApp Video 2026-08-11 at 6.55.11 AM (1).mp4,5,Aluminium,train,105,1.75,376,239,150,150,226,89,526,389,300,300,655.52,23.49,TRACKED,RETAINED,data/phase2_roi_crops/retained/WhatsApp_Video_2026-08-11_at_6.55.11_AM_(1)/crop_000105.jpg
WhatsApp Video 2026-08-11 at 6.55.11 AM (1).mp4,5,Aluminium,train,120,2.0,376,238,150,150,226,88,526,388,300,300,592.51,15.77,TRACKED,RETAINED,data/phase2_roi_crops/retained/WhatsApp_Video_2026-08-11_at_6.55.11_AM_(1)/crop_000120.jpg
WhatsApp Video 2026-08-11 at 6.55.11 AM (1).mp4,5,Aluminium,train,135,2.25,374,235,150,150,224,85,524,385,300,300,749.32,12.57,TRACKED,RETAINED,data/phase2_roi_crops/retained/WhatsApp_Video_2026-08-11_at_6.55.11_AM_(1)/crop_000135.jpg
WhatsApp Video 2026-08-11 at 6.55.11 AM (1).mp4,5,Aluminium,train,150,2.5,376,233,150,150,226,83,526,383,300,300,611.19,22.48,TRACKED,RETAINED,data/phase2_roi_crops/retained/WhatsApp_Video_2026-08-11_at_6.55.11_AM_(1)/crop_000150.jpg
WhatsApp Video 2026-08-11 at 6.55.11 AM (1).mp4,5,Aluminium,train,165,2.75,374,233,150,150,224,83,524,383,300,300,628.88,7.04,TRACKED,RETAINED,data/phase2_roi_crops/retained/WhatsApp_Video_2026-08-11_at_6.55.11_AM_(1)/crop_000165.jpg
WhatsApp Video 2026-08-11 at 6.55.11 AM (1).mp4,5,Aluminium,train,180,3.0,372,231,150,150,222,81,522,381,300,300,646.84,13.47,TRACKED,RETAINED,data/phase2_roi_crops/retained/WhatsApp_Video_2026-08-11_at_6.55.11_AM_(1)/crop_000180.jpg
WhatsApp Video 2026-08-11 at 6.55.11 AM (1).mp4,5,Aluminium,train,195,3.25,376,228,150,150,226,78,526,378,300,300,808.84,25.9,TRACKED,RETAINED,data/phase2_roi_crops/retained/WhatsApp_Video_2026-08-11_at_6.55.11_AM_(1)/crop_000195.jpg
WhatsApp Video 2026-08-11 at 6.55.11 AM (1).mp4,5,Aluminium,train,210,3.5,376,227,150,150,226,77,526,377,300,300,654.15,15.59,TRACKED,RETAINED,data/phase2_roi_crops/retained/WhatsApp_Video_2026-08-11_at_6.55.11_AM_(1)/crop_000210.jpg
WhatsApp Video 2026-08-11 at 6.55.11 AM (1).mp4,5,Aluminium,train,225,3.75,374,227,150,150,224,77,524,377,300,300,659.02,9.46,TRACKED,RETAINED,data/phase2_roi_crops/retained/WhatsApp_Video_2026-08-11_at_6.55.11_AM_(1)/crop_000225.jpg
WhatsApp Video 2026-08-11 at 6.55.11 AM (1).mp4,5,Aluminium,train,240,4.0,375,222,150,150,225,72,525,372,300,300,699.52,26.34,TRACKED,RETAINED,data/phase2_roi_crops/retained/WhatsApp_Video_2026-08-11_at_6.55.11_AM_(1)/crop_000240.jpg
WhatsApp Video 2026-08-11 at 6.55.11 AM (1).mp4,5,Aluminium,train,255,4.25,377,221,150,150,227,71,527,371,300,300,634.47,18.77,TRACKED,RETAINED,data/phase2_roi_crops/retained/WhatsApp_Video_2026-08-11_at_6.55.11_AM_(1)/crop_000255.jpg
WhatsApp Video 2026-08-11 at 6.55.11 AM (1).mp4,5,Aluminium,train,270,4.5,376,221,150,150,226,71,526,371,300,300,674.09,5.02,TRACKED,RETAINED,data/phase2_roi_crops/retained/WhatsApp_Video_2026-08-11_at_6.55.11_AM_(1)/crop_000270.jpg
WhatsApp Video 2026-08-11 at 6.55.11 AM (1).mp4,5,Aluminium,train,285,4.75,375,221,150,150,225,71,525,371,300,300,633.59,6.07,TRACKED,RETAINED,data/phase2_roi_crops/retained/WhatsApp_Video_2026-08-11_at_6.55.11_AM_(1)/crop_000285.jpg
WhatsApp Video 2026-08-11 at 6.55.11 AM (1).mp4,5,Aluminium,train,300,5.0,377,213,150,150,227,63,527,363,300,300,1430.04,31.82,TRACKED,RETAINED,data/phase2_roi_crops/retained/WhatsApp_Video_2026-08-11_at_6.55.11_AM_(1)/crop_000300.jpg
WhatsApp Video 2026-08-11 at 6.55.11 AM (1).mp4,5,Aluminium,train,315,5.25,376,213,150,150,226,63,526,363,300,300,721.59,11.11,TRACKED,RETAINED,data/phase2_roi_crops/retained/WhatsApp_Video_2026-08-11_at_6.55.11_AM_(1)/crop_000315.jpg
WhatsApp Video 2026-08-11 at 6.55.11 AM (1).mp4,5,Aluminium,train,330,5.5,375,213,150,150,225,63,525,363,300,300,641.51,5.7,TRACKED,RETAINED,data/phase2_roi_crops/retained/WhatsApp_Video_2026-08-11_at_6.55.11_AM_(1)/crop_000330.jpg
WhatsApp Video 2026-08-11 at 6.55.11 AM (1).mp4,5,Aluminium,train,345,5.75,375,212,150,150,225,62,525,362,300,300,663.34,6.47,TRACKED,RETAINED,data/phase2_roi_crops/retained/WhatsApp_Video_2026-08-11_at_6.55.11_AM_(1)/crop_000345.jpg
WhatsApp Video 2026-08-11 at 6.55.11 AM (1).mp4,5,Aluminium,train,360,6.0,374,209,150,150,224,59,524,359,300,300,548.45,13.35,TRACKED,RETAINED,data/phase2_roi_crops/retained/WhatsApp_Video_2026-08-11_at_6.55.11_AM_(1)/crop_000360.jpg
WhatsApp Video 2026-08-11 at 6.55.11 AM (1).mp4,5,Aluminium,train,375,6.25,376,202,150,150,226,52,526,352,300,300,735.58,10.15,TRACKED,RETAINED,data/phase2_roi_crops/retained/WhatsApp_Video_2026-08-11_at_6.55.11_AM_(1)/crop_000375.jpg
WhatsApp Video 2026-08-11 at 6.55.11 AM (1).mp4,5,Aluminium,train,390,6.5,375,198,150,150,225,48,525,348,300,300,586.23,11.46,TRACKED,RETAINED,data/phase2_roi_crops/retained/WhatsApp_Video_2026-08-11_at_6.55.11_AM_(1)/crop_000390.jpg
WhatsApp Video 2026-08-11 at 6.55.11 AM (1).mp4,5,Aluminium,train,405,6.75,373,197,150,150,223,47,523,347,300,300,460.89,10.96,TRACKED,RETAINED,data/phase2_roi_crops/retained/WhatsApp_Video_2026-08-11_at_6.55.11_AM_(1)/crop_000405.jpg
WhatsApp Video 2026-08-11 at 6.55.11 AM (1).mp4,5,Aluminium,train,420,7.0,374,199,150,150,224,49,524,349,300,300,460.13,31.94,TRACKED,RETAINED,data/phase2_roi_crops/retained/WhatsApp_Video_2026-08-11_at_6.55.11_AM_(1)/crop_000420.jpg
WhatsApp Video 2026-08-11 at 6.55.11 AM (1).mp4,5,Aluminium,train,435,7.25,374,201,150,150,224,51,524,351,300,300,482.55,39.34,TRACKED,RETAINED,data/phase2_roi_crops/retained/WhatsApp_Video_2026-08-11_at_6.55.11_AM_(1)/crop_000435.jpg
WhatsApp Video 2026-08-11 at 6.55.11 AM (1).mp4,5,Aluminium,train,450,7.5,375,202,150,150,225,52,525,352,300,300,570.87,39.83,TRACKED,RETAINED,data/phase2_roi_crops/retained/WhatsApp_Video_2026-08-11_at_6.55.11_AM_(1)/crop_000450.jpg
WhatsApp Video 2026-08-11 at 6.55.11 AM (1).mp4,5,Aluminium,train,465,7.75,375,203,150,150,225,53,525,353,300,300,522.93,32.79,TRACKED,RETAINED,data/phase2_roi_crops/retained/WhatsApp_Video_2026-08-11_at_6.55.11_AM_(1)/crop_000465.jpg
WhatsApp Video 2026-08-11 at 6.55.11 AM (1).mp4,5,Aluminium,train,480,8.0,377,203,150,150,227,53,527,353,300,300,480.29,40.16,TRACKED,RETAINED,data/phase2_roi_crops/retained/WhatsApp_Video_2026-08-11_at_6.55.11_AM_(1)/crop_000480.jpg
WhatsApp Video 2026-08-11 at 6.55.11 AM (1).mp4,5,Aluminium,train,495,8.25,378,205,150,150,228,55,528,355,300,300,360.47,43.61,TRACKED,RETAINED,data/phase2_roi_crops/retained/WhatsApp_Video_2026-08-11_at_6.55.11_AM_(1)/crop_000495.jpg
WhatsApp Video 2026-08-11 at 6.55.11 AM (1).mp4,5,Aluminium,train,510,8.5,375,205,150,150,225,55,525,355,300,300,391.72,37.24,TRACKED,RETAINED,data/phase2_roi_crops/retained/WhatsApp_Video_2026-08-11_at_6.55.11_AM_(1)/crop_000510.jpg
WhatsApp Video 2026-08-11 at 6.55.11 AM (1).mp4,5,Aluminium,train,525,8.75,377,207,150,150,227,57,527,357,300,300,512.34,39.45,TRACKED,RETAINED,data/phase2_roi_crops/retained/WhatsApp_Video_2026-08-11_at_6.55.11_AM_(1)/crop_000525.jpg
WhatsApp Video 2026-08-11 at 6.55.11 AM (1).mp4,5,Aluminium,train,540,9.0,376,207,150,150,226,57,526,357,300,300,519.52,32.05,TRACKED,RETAINED,data/phase2_roi_crops/retained/WhatsApp_Video_2026-08-11_at_6.55.11_AM_(1)/crop_000540.jpg
WhatsApp Video 2026-08-11 at 6.55.11 AM (1).mp4,5,Aluminium,train,555,9.25,381,211,150,150,231,61,531,361,300,300,614.12,30.87,TRACKED,RETAINED,data/phase2_roi_crops/retained/WhatsApp_Video_2026-08-11_at_6.55.11_AM_(1)/crop_000555.jpg
WhatsApp Video 2026-08-11 at 6.55.11 AM (1).mp4,5,Aluminium,train,570,9.5,379,212,150,150,229,62,529,362,300,300,602.09,8.15,TRACKED,RETAINED,data/phase2_roi_crops/retained/WhatsApp_Video_2026-08-11_at_6.55.11_AM_(1)/crop_000570.jpg
WhatsApp Video 2026-08-11 at 6.55.11 AM (1).mp4,5,Aluminium,train,585,9.75,378,213,150,150,228,63,528,363,300,300,618.28,7.42,TRACKED,RETAINED,data/phase2_roi_crops/retained/WhatsApp_Video_2026-08-11_at_6.55.11_AM_(1)/crop_000585.jpg
WhatsApp Video 2026-08-11 at 6.55.11 AM (1).mp4,5,Aluminium,train,600,10.0,378,214,150,150,228,64,528,364,300,300,1296.05,15.78,TRACKED,RETAINED,data/phase2_roi_crops/retained/WhatsApp_Video_2026-08-11_at_6.55.11_AM_(1)/crop_000600.jpg
WhatsApp Video 2026-08-11 at 6.55.11 AM (1).mp4,5,Aluminium,train,615,10.25,382,215,150,150,232,65,532,365,300,300,579.66,26.92,TRACKED,RETAINED,data/phase2_roi_crops/retained/WhatsApp_Video_2026-08-11_at_6.55.11_AM_(1)/crop_000615.jpg
WhatsApp Video 2026-08-11 at 6.55.11 AM (1).mp4,5,Aluminium,train,630,10.5,382,216,150,150,232,66,532,366,300,300,618.35,13.4,TRACKED,RETAINED,data/phase2_roi_crops/retained/WhatsApp_Video_2026-08-11_at_6.55.11_AM_(1)/crop_000630.jpg
WhatsApp Video 2026-08-11 at 6.55.11 AM (1).mp4,5,Aluminium,train,645,10.75,383,215,150,150,233,65,533,365,300,300,622.39,13.81,TRACKED,RETAINED,data/phase2_roi_crops/retained/WhatsApp_Video_2026-08-11_at_6.55.11_AM_(1)/crop_000645.jpg
WhatsApp Video 2026-08-11 at 6.55.11 AM (1).mp4,5,Aluminium,train,660,11.0,387,218,150,150,237,68,537,368,300,300,649.87,29.12,TRACKED,RETAINED,data/phase2_roi_crops/retained/WhatsApp_Video_2026-08-11_at_6.55.11_AM_(1)/crop_000660.jpg
WhatsApp Video 2026-08-11 at 6.55.11 AM (1).mp4,5,Aluminium,train,675,11.25,385,220,150,150,235,70,535,370,300,300,575.79,38.37,TRACKED,RETAINED,data/phase2_roi_crops/retained/WhatsApp_Video_2026-08-11_at_6.55.11_AM_(1)/crop_000675.jpg
WhatsApp Video 2026-08-11 at 6.55.11 AM (1).mp4,5,Aluminium,train,690,11.5,388,220,150,150,238,70,538,370,300,300,654.67,29.7,TRACKED,RETAINED,data/phase2_roi_crops/retained/WhatsApp_Video_2026-08-11_at_6.55.11_AM_(1)/crop_000690.jpg
WhatsApp Video 2026-08-11 at 6.55.11 AM (1).mp4,5,Aluminium,train,705,11.75,387,224,150,150,237,74,537,374,300,300,661.02,39.19,TRACKED,RETAINED,data/phase2_roi_crops/retained/WhatsApp_Video_2026-08-11_at_6.55.11_AM_(1)/crop_000705.jpg
WhatsApp Video 2026-08-11 at 6.55.11 AM (1).mp4,5,Aluminium,train,720,12.0,391,225,150,150,241,75,541,375,300,300,677.71,23.71,TRACKED,RETAINED,data/phase2_roi_crops/retained/WhatsApp_Video_2026-08-11_at_6.55.11_AM_(1)/crop_000720.jpg
WhatsApp Video 2026-08-11 at 6.55.11 AM (1).mp4,5,Aluminium,train,735,12.25,391,226,150,150,241,76,541,376,300,300,590.9,52.19,TRACKED,RETAINED,data/phase2_roi_crops/retained/WhatsApp_Video_2026-08-11_at_6.55.11_AM_(1)/crop_000735.jpg
WhatsApp Video 2026-08-11 at 6.55.11 AM (1).mp4,5,Aluminium,train,750,12.5,391,229,150,150,241,79,541,379,300,300,736.8,60.21,TRACKED,RETAINED,data/phase2_roi_crops/retained/WhatsApp_Video_2026-08-11_at_6.55.11_AM_(1)/crop_000750.jpg
WhatsApp Video 2026-08-11 at 6.55.11 AM (1).mp4,5,Aluminium,train,765,12.75,386,230,150,150,236,80,536,380,300,300,885.64,27.32,TRACKED,RETAINED,data/phase2_roi_crops/retained/WhatsApp_Video_2026-08-11_at_6.55.11_AM_(1)/crop_000765.jpg
WhatsApp Video 2026-08-11 at 6.55.11 AM (1).mp4,5,Aluminium,train,780,13.0,388,230,150,150,238,80,538,380,300,300,922.94,18.17,TRACKED,RETAINED,data/phase2_roi_crops/retained/WhatsApp_Video_2026-08-11_at_6.55.11_AM_(1)/crop_000780.jpg
WhatsApp Video 2026-08-11 at 6.55.11 AM (1).mp4,5,Aluminium,train,795,13.25,392,234,150,150,242,84,542,384,300,300,1066.81,17.49,TRACKED,RETAINED,data/phase2_roi_crops/retained/WhatsApp_Video_2026-08-11_at_6.55.11_AM_(1)/crop_000795.jpg
WhatsApp Video 2026-08-11 at 6.55.11 AM (1).mp4,5,Aluminium,train,810,13.5,392,233,150,150,242,83,542,383,300,300,1174.99,28.86,TRACKED,RETAINED,data/phase2_roi_crops/retained/WhatsApp_Video_2026-08-11_at_6.55.11_AM_(1)/crop_000810.jpg
WhatsApp Video 2026-08-11 at 6.55.11 AM (1).mp4,5,Aluminium,train,825,13.75,392,233,150,150,242,83,542,383,300,300,1016.6,25.68,TRACKED,RETAINED,data/phase2_roi_crops/retained/WhatsApp_Video_2026-08-11_at_6.55.11_AM_(1)/crop_000825.jpg
WhatsApp Video 2026-08-11 at 6.55.11 AM (1).mp4,5,Aluminium,train,840,14.0,389,234,150,150,239,84,539,384,300,300,989.31,31.19,TRACKED,RETAINED,data/phase2_roi_crops/retained/WhatsApp_Video_2026-08-11_at_6.55.11_AM_(1)/crop_000840.jpg
WhatsApp Video 2026-08-11 at 6.55.11 AM (1).mp4,5,Aluminium,train,855,14.25,391,234,150,150,241,84,541,384,300,300,976.46,15.41,TRACKED,RETAINED,data/phase2_roi_crops/retained/WhatsApp_Video_2026-08-11_at_6.55.11_AM_(1)/crop_000855.jpg
WhatsApp Video 2026-08-11 at 6.55.11 AM (1).mp4,5,Aluminium,train,870,14.5,392,233,150,150,242,83,542,383,300,300,938.61,14.86,TRACKED,RETAINED,data/phase2_roi_crops/retained/WhatsApp_Video_2026-08-11_at_6.55.11_AM_(1)/crop_000870.jpg
WhatsApp Video 2026-08-11 at 6.55.11 AM (1).mp4,5,Aluminium,train,885,14.75,387,236,150,150,237,86,537,386,300,300,868.86,29.5,TRACKED,RETAINED,data/phase2_roi_crops/retained/WhatsApp_Video_2026-08-11_at_6.55.11_AM_(1)/crop_000885.jpg
WhatsApp Video 2026-08-11 at 6.55.11 AM (1).mp4,5,Aluminium,train,900,15.0,384,236,150,150,234,86,534,386,300,300,2041.0,22.86,TRACKED,RETAINED,data/phase2_roi_crops/retained/WhatsApp_Video_2026-08-11_at_6.55.11_AM_(1)/crop_000900.jpg
WhatsApp Video 2026-08-11 at 6.55.11 AM (1).mp4,5,Aluminium,train,915,15.25,384,236,150,150,234,86,534,386,300,300,993.11,13.01,TRACKED,RETAINED,data/phase2_roi_crops/retained/WhatsApp_Video_2026-08-11_at_6.55.11_AM_(1)/crop_000915.jpg
WhatsApp Video 2026-08-11 at 6.55.11 AM (1).mp4,5,Aluminium,train,930,15.5,383,236,150,150,233,86,533,386,300,300,755.86,16.17,TRACKED,RETAINED,data/phase2_roi_crops/retained/WhatsApp_Video_2026-08-11_at_6.55.11_AM_(1)/crop_000930.jpg
WhatsApp Video 2026-08-11 at 6.55.11 AM (1).mp4,5,Aluminium,train,945,15.75,379,237,150,150,229,87,529,387,300,300,686.25,12.49,TRACKED,RETAINED,data/phase2_roi_crops/retained/WhatsApp_Video_2026-08-11_at_6.55.11_AM_(1)/crop_000945.jpg
WhatsApp Video 2026-08-11 at 6.55.11 AM (1).mp4,5,Aluminium,train,960,16.0,377,237,150,150,227,87,527,387,300,300,766.21,14.11,TRACKED,RETAINED,data/phase2_roi_crops/retained/WhatsApp_Video_2026-08-11_at_6.55.11_AM_(1)/crop_000960.jpg
WhatsApp Video 2026-08-11 at 6.55.11 AM (1).mp4,5,Aluminium,train,975,16.25,374,236,150,150,224,86,524,386,300,300,637.91,13.64,TRACKED,RETAINED,data/phase2_roi_crops/retained/WhatsApp_Video_2026-08-11_at_6.55.11_AM_(1)/crop_000975.jpg
WhatsApp Video 2026-08-11 at 6.55.11 AM (1).mp4,5,Aluminium,train,990,16.5,375,237,150,150,225,87,525,387,300,300,928.84,26.16,TRACKED,RETAINED,data/phase2_roi_crops/retained/WhatsApp_Video_2026-08-11_at_6.55.11_AM_(1)/crop_000990.jpg
WhatsApp Video 2026-08-11 at 6.55.11 AM (1).mp4,5,Aluminium,train,1005,16.75,372,237,150,150,222,87,522,387,300,300,669.64,14.41,TRACKED,RETAINED,data/phase2_roi_crops/retained/WhatsApp_Video_2026-08-11_at_6.55.11_AM_(1)/crop_001005.jpg
WhatsApp Video 2026-08-11 at 6.55.11 AM (1).mp4,5,Aluminium,train,1020,17.0,370,238,150,150,220,88,520,388,300,300,719.98,11.03,TRACKED,RETAINED,data/phase2_roi_crops/retained/WhatsApp_Video_2026-08-11_at_6.55.11_AM_(1)/crop_001020.jpg
WhatsApp Video 2026-08-11 at 6.55.11 AM (1).mp4,5,Aluminium,train,1035,17.25,369,238,150,150,219,88,519,388,300,300,744.67,13.27,TRACKED,RETAINED,data/phase2_roi_crops/retained/WhatsApp_Video_2026-08-11_at_6.55.11_AM_(1)/crop_001035.jpg
WhatsApp Video 2026-08-11 at 6.55.11 AM (1).mp4,5,Aluminium,train,1050,17.5,367,238,150,150,217,88,517,388,300,300,809.42,11.77,TRACKED,RETAINED,data/phase2_roi_crops/retained/WhatsApp_Video_2026-08-11_at_6.55.11_AM_(1)/crop_001050.jpg
WhatsApp Video 2026-08-11 at 6.55.11 AM (1).mp4,5,Aluminium,train,1065,17.75,367,239,150,150,217,89,517,389,300,300,993.35,13.43,TRACKED,RETAINED,data/phase2_roi_crops/retained/WhatsApp_Video_2026-08-11_at_6.55.11_AM_(1)/crop_001065.jpg
WhatsApp Video 2026-08-11 at 6.55.11 AM (1).mp4,5,Aluminium,train,1080,18.0,366,239,150,150,216,89,516,389,300,300,742.89,11.63,TRACKED,RETAINED,data/phase2_roi_crops/retained/WhatsApp_Video_2026-08-11_at_6.55.11_AM_(1)/crop_001080.jpg
WhatsApp Video 2026-08-11 at 6.55.11 AM (1).mp4,5,Aluminium,train,1095,18.25,365,240,150,150,215,90,515,390,300,300,855.59,10.93,TRACKED,RETAINED,data/phase2_roi_crops/retained/WhatsApp_Video_2026-08-11_at_6.55.11_AM_(1)/crop_001095.jpg
WhatsApp Video 2026-08-11 at 6.55.11 AM (1).mp4,5,Aluminium,train,1110,18.5,364,241,150,150,214,91,514,391,300,300,711.25,10.04,TRACKED,RETAINED,data/phase2_roi_crops/retained/WhatsApp_Video_2026-08-11_at_6.55.11_AM_(1)/crop_001110.jpg
WhatsApp Video 2026-08-11 at 6.55.11 AM (1).mp4,5,Aluminium,train,1125,18.75,363,241,150,150,213,91,513,391,300,300,1118.23,9.89,TRACKED,RETAINED,data/phase2_roi_crops/retained/WhatsApp_Video_2026-08-11_at_6.55.11_AM_(1)/crop_001125.jpg
WhatsApp Video 2026-08-11 at 6.55.11 AM (1).mp4,5,Aluminium,train,1140,19.0,362,241,150,150,212,91,512,391,300,300,777.9,9.86,TRACKED,RETAINED,data/phase2_roi_crops/retained/WhatsApp_Video_2026-08-11_at_6.55.11_AM_(1)/crop_001140.jpg
WhatsApp Video 2026-08-11 at 6.55.11 AM (1).mp4,5,Aluminium,train,1155,19.25,360,242,150,150,210,92,510,392,300,300,832.4,11.48,TRACKED,RETAINED,data/phase2_roi_crops/retained/WhatsApp_Video_2026-08-11_at_6.55.11_AM_(1)/crop_001155.jpg
WhatsApp Video 2026-08-11 at 6.55.11 AM (1).mp4,5,Aluminium,train,1170,19.5,360,242,150,150,210,92,510,392,300,300,594.75,14.87,TRACKED,RETAINED,data/phase2_roi_crops/retained/WhatsApp_Video_2026-08-11_at_6.55.11_AM_(1)/crop_001170.jpg
WhatsApp Video 2026-08-11 at 6.55.11 AM (1).mp4,5,Aluminium,train,1185,19.75,358,243,150,150,208,93,508,393,300,300,743.34,10.88,TRACKED,RETAINED,data/phase2_roi_crops/retained/WhatsApp_Video_2026-08-11_at_6.55.11_AM_(1)/crop_001185.jpg
WhatsApp Video 2026-08-11 at 6.55.11 AM (1).mp4,5,Aluminium,train,1200,20.0,357,243,150,150,207,93,507,393,300,300,1999.53,10.06,TRACKED,RETAINED,data/phase2_roi_crops/retained/WhatsApp_Video_2026-08-11_at_6.55.11_AM_(1)/crop_001200.jpg
WhatsApp Video 2026-08-11 at 6.55.11 AM (1).mp4,5,Aluminium,train,1215,20.25,355,243,150,150,205,93,505,393,300,300,1043.47,10.62,TRACKED,RETAINED,data/phase2_roi_crops/retained/WhatsApp_Video_2026-08-11_at_6.55.11_AM_(1)/crop_001215.jpg
WhatsApp Video 2026-08-11 at 6.55.11 AM (1).mp4,5,Aluminium,train,1230,20.5,354,243,150,150,204,93,504,393,300,300,856.34,9.24,TRACKED,RETAINED,data/phase2_roi_crops/retained/WhatsApp_Video_2026-08-11_at_6.55.11_AM_(1)/crop_001230.jpg
WhatsApp Video 2026-08-11 at 6.55.11 AM (1).mp4,5,Aluminium,train,1245,20.75,353,244,150,150,203,94,503,394,300,300,990.94,10.46,TRACKED,RETAINED,data/phase2_roi_crops/retained/WhatsApp_Video_2026-08-11_at_6.55.11_AM_(1)/crop_001245.jpg
WhatsApp Video 2026-08-11 at 6.55.11 AM (1).mp4,5,Aluminium,train,1260,21.0,355,241,150,150,205,91,505,391,300,300,961.48,24.45,TRACKED,RETAINED,data/phase2_roi_crops/retained/WhatsApp_Video_2026-08-11_at_6.55.11_AM_(1)/crop_001260.jpg
WhatsApp Video 2026-08-11 at 6.55.11 AM (1).mp4,5,Aluminium,train,1275,21.25,355,240,150,150,205,90,505,390,300,300,939.37,13.77,TRACKED,RETAINED,data/phase2_roi_crops/retained/WhatsApp_Video_2026-08-11_at_6.55.11_AM_(1)/crop_001275.jpg
WhatsApp Video 2026-08-11 at 6.55.11 AM (1).mp4,5,Aluminium,train,1290,21.5,354,240,150,150,204,90,504,390,300,300,1207.06,8.79,TRACKED,RETAINED,data/phase2_roi_crops/retained/WhatsApp_Video_2026-08-11_at_6.55.11_AM_(1)/crop_001290.jpg
WhatsApp Video 2026-08-11 at 6.55.11 AM (1).mp4,5,Aluminium,train,1305,21.75,354,240,150,150,204,90,504,390,300,300,1235.83,9.49,TRACKED,RETAINED,data/phase2_roi_crops/retained/WhatsApp_Video_2026-08-11_at_6.55.11_AM_(1)/crop_001305.jpg
WhatsApp Video 2026-08-11 at 6.55.11 AM (1).mp4,5,Aluminium,train,1320,22.0,355,241,150,150,205,91,505,391,300,300,1098.3,10.55,TRACKED,RETAINED,data/phase2_roi_crops/retained/WhatsApp_Video_2026-08-11_at_6.55.11_AM_(1)/crop_001320.jpg
WhatsApp Video 2026-08-11 at 6.55.11 AM (1).mp4,5,Aluminium,train,1335,22.25,359,237,150,150,209,87,509,387,300,300,1284.93,28.68,TRACKED,RETAINED,data/phase2_roi_crops/retained/WhatsApp_Video_2026-08-11_at_6.55.11_AM_(1)/crop_001335.jpg
WhatsApp Video 2026-08-11 at 6.55.11 AM (1).mp4,5,Aluminium,train,1350,22.5,359,238,150,150,209,88,509,388,300,300,1187.15,10.71,TRACKED,RETAINED,data/phase2_roi_crops/retained/WhatsApp_Video_2026-08-11_at_6.55.11_AM_(1)/crop_001350.jpg
WhatsApp Video 2026-08-11 at 6.55.11 AM (1).mp4,5,Aluminium,train,1365,22.75,358,237,150,150,208,87,508,387,300,300,950.52,9.14,TRACKED,RETAINED,data/phase2_roi_crops/retained/WhatsApp_Video_2026-08-11_at_6.55.11_AM_(1)/crop_001365.jpg
WhatsApp Video 2026-08-11 at 6.55.11 AM (1).mp4,5,Aluminium,train,1380,23.0,358,236,150,150,208,86,508,386,300,300,1173.04,13.77,TRACKED,RETAINED,data/phase2_roi_crops/retained/WhatsApp_Video_2026-08-11_at_6.55.11_AM_(1)/crop_001380.jpg
WhatsApp Video 2026-08-11 at 6.55.11 AM (1).mp4,5,Aluminium,train,1395,23.25,358,236,150,150,208,86,508,386,300,300,1323.29,10.53,TRACKED,RETAINED,data/phase2_roi_crops/retained/WhatsApp_Video_2026-08-11_at_6.55.11_AM_(1)/crop_001395.jpg
WhatsApp Video 2026-08-11 at 6.55.11 AM (1).mp4,5,Aluminium,train,1410,23.5,358,236,150,150,208,86,508,386,300,300,1334.45,7.63,TRACKED,RETAINED,data/phase2_roi_crops/retained/WhatsApp_Video_2026-08-11_at_6.55.11_AM_(1)/crop_001410.jpg
WhatsApp Video 2026-08-11 at 6.55.11 AM (1).mp4,5,Aluminium,train,1425,23.75,363,234,150,150,213,84,513,384,300,300,1428.34,27.81,TRACKED,RETAINED,data/phase2_roi_crops/retained/WhatsApp_Video_2026-08-11_at_6.55.11_AM_(1)/crop_001425.jpg
WhatsApp Video 2026-08-11 at 6.55.11 AM (1).mp4,5,Aluminium,train,1440,24.0,364,234,150,150,214,84,514,384,300,300,1295.41,13.37,TRACKED,RETAINED,data/phase2_roi_crops/retained/WhatsApp_Video_2026-08-11_at_6.55.11_AM_(1)/crop_001440.jpg
WhatsApp Video 2026-08-11 at 6.55.11 AM (1).mp4,5,Aluminium,train,1455,24.25,364,233,150,150,214,83,514,383,300,300,1192.04,13.72,TRACKED,RETAINED,data/phase2_roi_crops/retained/WhatsApp_Video_2026-08-11_at_6.55.11_AM_(1)/crop_001455.jpg
WhatsApp Video 2026-08-11 at 6.55.11 AM (1).mp4,5,Aluminium,train,1470,24.5,364,234,150,150,214,84,514,384,300,300,1319.41,9.28,TRACKED,RETAINED,data/phase2_roi_crops/retained/WhatsApp_Video_2026-08-11_at_6.55.11_AM_(1)/crop_001470.jpg
WhatsApp Video 2026-08-11 at 6.55.11 AM (1).mp4,5,Aluminium,train,1485,24.75,364,233,150,150,214,83,514,383,300,300,1383.61,11.94,TRACKED,RETAINED,data/phase2_roi_crops/retained/WhatsApp_Video_2026-08-11_at_6.55.11_AM_(1)/crop_001485.jpg
WhatsApp Video 2026-08-11 at 6.55.11 AM (1).mp4,5,Aluminium,train,1500,25.0,364,233,150,150,214,83,514,383,300,300,2260.25,9.76,TRACKED,RETAINED,data/phase2_roi_crops/retained/WhatsApp_Video_2026-08-11_at_6.55.11_AM_(1)/crop_001500.jpg
WhatsApp Video 2026-08-11 at 6.55.11 AM (1).mp4,5,Aluminium,train,1515,25.25,368,234,150,150,218,84,518,384,300,300,1140.93,27.62,TRACKED,RETAINED,data/phase2_roi_crops/retained/WhatsApp_Video_2026-08-11_at_6.55.11_AM_(1)/crop_001515.jpg
WhatsApp Video 2026-08-11 at 6.55.11 AM (1).mp4,5,Aluminium,train,1530,25.5,367,231,150,150,217,81,517,381,300,300,1213.12,18.31,TRACKED,RETAINED,data/phase2_roi_crops/retained/WhatsApp_Video_2026-08-11_at_6.55.11_AM_(1)/crop_001530.jpg
WhatsApp Video 2026-08-11 at 6.55.11 AM (1).mp4,5,Aluminium,train,1545,25.75,367,231,150,150,217,81,517,381,300,300,1050.13,8.85,TRACKED,RETAINED,data/phase2_roi_crops/retained/WhatsApp_Video_2026-08-11_at_6.55.11_AM_(1)/crop_001545.jpg
WhatsApp Video 2026-08-11 at 6.55.11 AM (1).mp4,5,Aluminium,train,1560,26.0,370,228,150,150,220,78,520,378,300,300,1241.11,21.72,TRACKED,RETAINED,data/phase2_roi_crops/retained/WhatsApp_Video_2026-08-11_at_6.55.11_AM_(1)/crop_001560.jpg
WhatsApp Video 2026-08-11 at 6.55.11 AM (1).mp4,5,Aluminium,train,1575,26.25,371,228,150,150,221,78,521,378,300,300,964.06,12.25,TRACKED,RETAINED,data/phase2_roi_crops/retained/WhatsApp_Video_2026-08-11_at_6.55.11_AM_(1)/crop_001575.jpg
WhatsApp Video 2026-08-11 at 6.55.11 AM (1).mp4,5,Aluminium,train,1590,26.5,372,229,150,150,222,79,522,379,300,300,947.38,16.88,TRACKED,RETAINED,data/phase2_roi_crops/retained/WhatsApp_Video_2026-08-11_at_6.55.11_AM_(1)/crop_001590.jpg
WhatsApp Video 2026-08-11 at 6.55.11 AM (1).mp4,5,Aluminium,train,1605,26.75,375,231,150,150,225,81,525,381,300,300,847.34,13.17,TRACKED,RETAINED,data/phase2_roi_crops/retained/WhatsApp_Video_2026-08-11_at_6.55.11_AM_(1)/crop_001605.jpg
WhatsApp Video 2026-08-11 at 6.55.11 AM (1).mp4,5,Aluminium,train,1620,27.0,378,230,150,150,228,80,528,380,300,300,826.53,17.99,TRACKED,RETAINED,data/phase2_roi_crops/retained/WhatsApp_Video_2026-08-11_at_6.55.11_AM_(1)/crop_001620.jpg
WhatsApp Video 2026-08-11 at 6.55.11 AM (1).mp4,5,Aluminium,train,1635,27.25,375,225,150,150,225,75,525,375,300,300,798.16,35.73,TRACKED,RETAINED,data/phase2_roi_crops/retained/WhatsApp_Video_2026-08-11_at_6.55.11_AM_(1)/crop_001635.jpg
WhatsApp Video 2026-08-11 at 6.55.11 AM (1).mp4,5,Aluminium,train,1650,27.5,375,226,150,150,225,76,525,376,300,300,863.75,29.51,TRACKED,RETAINED,data/phase2_roi_crops/retained/WhatsApp_Video_2026-08-11_at_6.55.11_AM_(1)/crop_001650.jpg
WhatsApp Video 2026-08-11 at 6.55.11 AM (1).mp4,5,Aluminium,train,1665,27.75,377,226,150,150,227,76,527,376,300,300,793.26,29.6,TRACKED,RETAINED,data/phase2_roi_crops/retained/WhatsApp_Video_2026-08-11_at_6.55.11_AM_(1)/crop_001665.jpg
WhatsApp Video 2026-08-11 at 6.55.11 AM.mp4,6,Aluminium,train,0,0.0,488,249,150,150,338,99,638,399,300,300,2486.83,0.0,TRACKED,RETAINED,data/phase2_roi_crops/retained/WhatsApp_Video_2026-08-11_at_6.55.11_AM/crop_000000.jpg
WhatsApp Video 2026-08-11 at 6.55.11 AM.mp4,6,Aluminium,train,15,0.25,488,247,150,150,338,97,638,397,300,300,1021.96,10.8,TRACKED,RETAINED,data/phase2_roi_crops/retained/WhatsApp_Video_2026-08-11_at_6.55.11_AM/crop_000015.jpg
WhatsApp Video 2026-08-11 at 6.55.11 AM.mp4,6,Aluminium,train,30,0.5,488,245,150,150,338,95,638,395,300,300,933.69,10.13,TRACKED,RETAINED,data/phase2_roi_crops/retained/WhatsApp_Video_2026-08-11_at_6.55.11_AM/crop_000030.jpg
WhatsApp Video 2026-08-11 at 6.55.11 AM.mp4,6,Aluminium,train,45,0.75,489,244,150,150,339,94,639,394,300,300,923.83,9.35,TRACKED,RETAINED,data/phase2_roi_crops/retained/WhatsApp_Video_2026-08-11_at_6.55.11_AM/crop_000045.jpg
WhatsApp Video 2026-08-11 at 6.55.11 AM.mp4,6,Aluminium,train,60,1.0,488,242,150,150,338,92,638,392,300,300,754.22,16.09,TRACKED,RETAINED,data/phase2_roi_crops/retained/WhatsApp_Video_2026-08-11_at_6.55.11_AM/crop_000060.jpg
WhatsApp Video 2026-08-11 at 6.55.11 AM.mp4,6,Aluminium,train,75,1.25,485,240,150,150,335,90,635,390,300,300,715.27,25.61,TRACKED,RETAINED,data/phase2_roi_crops/retained/WhatsApp_Video_2026-08-11_at_6.55.11_AM/crop_000075.jpg
WhatsApp Video 2026-08-11 at 6.55.11 AM.mp4,6,Aluminium,train,90,1.5,483,239,150,150,333,89,633,389,300,300,719.0,10.78,TRACKED,RETAINED,data/phase2_roi_crops/retained/WhatsApp_Video_2026-08-11_at_6.55.11_AM/crop_000090.jpg
WhatsApp Video 2026-08-11 at 6.55.11 AM.mp4,6,Aluminium,train,105,1.75,479,238,150,150,329,88,629,388,300,300,786.84,16.91,TRACKED,RETAINED,data/phase2_roi_crops/retained/WhatsApp_Video_2026-08-11_at_6.55.11_AM/crop_000105.jpg
WhatsApp Video 2026-08-11 at 6.55.11 AM.mp4,6,Aluminium,train,120,2.0,478,237,150,150,328,87,628,387,300,300,848.05,32.39,TRACKED,RETAINED,data/phase2_roi_crops/retained/WhatsApp_Video_2026-08-11_at_6.55.11_AM/crop_000120.jpg
WhatsApp Video 2026-08-11 at 6.55.11 AM.mp4,6,Aluminium,train,135,2.25,478,235,150,150,328,85,628,385,300,300,707.03,38.24,TRACKED,RETAINED,data/phase2_roi_crops/retained/WhatsApp_Video_2026-08-11_at_6.55.11_AM/crop_000135.jpg
WhatsApp Video 2026-08-11 at 6.55.11 AM.mp4,6,Aluminium,train,150,2.5,476,234,150,150,326,84,626,384,300,300,838.37,35.49,TRACKED,RETAINED,data/phase2_roi_crops/retained/WhatsApp_Video_2026-08-11_at_6.55.11_AM/crop_000150.jpg
WhatsApp Video 2026-08-11 at 6.55.11 AM.mp4,6,Aluminium,train,165,2.75,476,233,150,150,326,83,626,383,300,300,1226.09,35.21,TRACKED,RETAINED,data/phase2_roi_crops/retained/WhatsApp_Video_2026-08-11_at_6.55.11_AM/crop_000165.jpg
WhatsApp Video 2026-08-11 at 6.55.11 AM.mp4,6,Aluminium,train,180,3.0,479,230,150,150,329,80,629,380,300,300,1020.47,35.21,TRACKED,RETAINED,data/phase2_roi_crops/retained/WhatsApp_Video_2026-08-11_at_6.55.11_AM/crop_000180.jpg
WhatsApp Video 2026-08-11 at 6.55.11 AM.mp4,6,Aluminium,train,195,3.25,479,231,150,150,329,81,629,381,300,300,1071.68,12.91,TRACKED,RETAINED,data/phase2_roi_crops/retained/WhatsApp_Video_2026-08-11_at_6.55.11_AM/crop_000195.jpg
WhatsApp Video 2026-08-11 at 6.55.11 AM.mp4,6,Aluminium,train,210,3.5,479,227,150,150,329,77,629,377,300,300,864.5,9.26,TRACKED,RETAINED,data/phase2_roi_crops/retained/WhatsApp_Video_2026-08-11_at_6.55.11_AM/crop_000210.jpg
WhatsApp Video 2026-08-11 at 6.55.11 AM.mp4,6,Aluminium,train,225,3.75,477,225,150,150,327,75,627,375,300,300,770.65,16.65,TRACKED,RETAINED,data/phase2_roi_crops/retained/WhatsApp_Video_2026-08-11_at_6.55.11_AM/crop_000225.jpg
WhatsApp Video 2026-08-11 at 6.55.11 AM.mp4,6,Aluminium,train,240,4.0,476,224,150,150,326,74,626,374,300,300,928.68,10.21,TRACKED,RETAINED,data/phase2_roi_crops/retained/WhatsApp_Video_2026-08-11_at_6.55.11_AM/crop_000240.jpg
WhatsApp Video 2026-08-11 at 6.55.11 AM.mp4,6,Aluminium,train,255,4.25,476,223,150,150,326,73,626,373,300,300,1141.6,11.33,TRACKED,RETAINED,data/phase2_roi_crops/retained/WhatsApp_Video_2026-08-11_at_6.55.11_AM/crop_000255.jpg
WhatsApp Video 2026-08-11 at 6.55.11 AM.mp4,6,Aluminium,train,270,4.5,476,222,150,150,326,72,626,372,300,300,1146.99,15.3,TRACKED,RETAINED,data/phase2_roi_crops/retained/WhatsApp_Video_2026-08-11_at_6.55.11_AM/crop_000270.jpg
WhatsApp Video 2026-08-11 at 6.55.11 AM.mp4,6,Aluminium,train,285,4.75,477,222,150,150,327,72,627,372,300,300,949.14,11.22,TRACKED,RETAINED,data/phase2_roi_crops/retained/WhatsApp_Video_2026-08-11_at_6.55.11_AM/crop_000285.jpg
WhatsApp Video 2026-08-11 at 6.55.11 AM.mp4,6,Aluminium,train,300,5.0,475,218,150,150,325,68,625,368,300,300,2086.61,27.22,TRACKED,RETAINED,data/phase2_roi_crops/retained/WhatsApp_Video_2026-08-11_at_6.55.11_AM/crop_000300.jpg
WhatsApp Video 2026-08-11 at 6.55.11 AM.mp4,6,Aluminium,train,315,5.25,477,216,150,150,327,66,627,366,300,300,823.79,13.51,TRACKED,RETAINED,data/phase2_roi_crops/retained/WhatsApp_Video_2026-08-11_at_6.55.11_AM/crop_000315.jpg
WhatsApp Video 2026-08-11 at 6.55.11 AM.mp4,6,Aluminium,train,330,5.5,476,215,150,150,326,65,626,365,300,300,788.27,27.04,TRACKED,RETAINED,data/phase2_roi_crops/retained/WhatsApp_Video_2026-08-11_at_6.55.11_AM/crop_000330.jpg
WhatsApp Video 2026-08-11 at 6.55.11 AM.mp4,6,Aluminium,train,345,5.75,474,213,150,150,324,63,624,363,300,300,912.72,27.3,TRACKED,RETAINED,data/phase2_roi_crops/retained/WhatsApp_Video_2026-08-11_at_6.55.11_AM/crop_000345.jpg
WhatsApp Video 2026-08-11 at 6.55.11 AM.mp4,6,Aluminium,train,360,6.0,475,212,150,150,325,62,625,362,300,300,961.54,10.81,TRACKED,RETAINED,data/phase2_roi_crops/retained/WhatsApp_Video_2026-08-11_at_6.55.11_AM/crop_000360.jpg
WhatsApp Video 2026-08-11 at 6.55.11 AM.mp4,6,Aluminium,train,375,6.25,472,209,150,150,322,59,622,359,300,300,941.73,24.98,TRACKED,RETAINED,data/phase2_roi_crops/retained/WhatsApp_Video_2026-08-11_at_6.55.11_AM/crop_000375.jpg
WhatsApp Video 2026-08-11 at 6.55.11 AM.mp4,6,Aluminium,train,390,6.5,472,207,150,150,322,57,622,357,300,300,992.29,7.49,TRACKED,RETAINED,data/phase2_roi_crops/retained/WhatsApp_Video_2026-08-11_at_6.55.11_AM/crop_000390.jpg
WhatsApp Video 2026-08-11 at 6.55.11 AM.mp4,6,Aluminium,train,405,6.75,471,207,150,150,321,57,621,357,300,300,808.03,10.91,TRACKED,RETAINED,data/phase2_roi_crops/retained/WhatsApp_Video_2026-08-11_at_6.55.11_AM/crop_000405.jpg
WhatsApp Video 2026-08-11 at 6.55.11 AM.mp4,6,Aluminium,train,420,7.0,469,206,150,150,319,56,619,356,300,300,778.25,13.59,TRACKED,RETAINED,data/phase2_roi_crops/retained/WhatsApp_Video_2026-08-11_at_6.55.11_AM/crop_000420.jpg
WhatsApp Video 2026-08-11 at 6.55.11 AM.mp4,6,Aluminium,train,435,7.25,467,205,150,150,317,55,617,355,300,300,862.16,15.48,TRACKED,RETAINED,data/phase2_roi_crops/retained/WhatsApp_Video_2026-08-11_at_6.55.11_AM/crop_000435.jpg
WhatsApp Video 2026-08-11 at 6.55.11 AM.mp4,6,Aluminium,train,450,7.5,467,205,150,150,317,55,617,355,300,300,1012.42,14.88,TRACKED,RETAINED,data/phase2_roi_crops/retained/WhatsApp_Video_2026-08-11_at_6.55.11_AM/crop_000450.jpg
WhatsApp Video 2026-08-11 at 6.55.11 AM.mp4,6,Aluminium,train,465,7.75,468,204,150,150,318,54,618,354,300,300,805.56,17.32,TRACKED,RETAINED,data/phase2_roi_crops/retained/WhatsApp_Video_2026-08-11_at_6.55.11_AM/crop_000465.jpg
WhatsApp Video 2026-08-11 at 6.55.11 AM.mp4,6,Aluminium,train,480,8.0,467,198,150,150,317,48,617,348,300,300,911.14,33.97,TRACKED,RETAINED,data/phase2_roi_crops/retained/WhatsApp_Video_2026-08-11_at_6.55.11_AM/crop_000480.jpg
WhatsApp Video 2026-08-11 at 6.55.11 AM.mp4,6,Aluminium,train,495,8.25,466,197,150,150,316,47,616,347,300,300,799.73,24.28,TRACKED,RETAINED,data/phase2_roi_crops/retained/WhatsApp_Video_2026-08-11_at_6.55.11_AM/crop_000495.jpg
WhatsApp Video 2026-08-11 at 6.55.11 AM.mp4,6,Aluminium,train,510,8.5,465,196,150,150,315,46,615,346,300,300,1051.57,16.55,TRACKED,RETAINED,data/phase2_roi_crops/retained/WhatsApp_Video_2026-08-11_at_6.55.11_AM/crop_000510.jpg
WhatsApp Video 2026-08-11 at 6.55.11 AM.mp4,6,Aluminium,train,525,8.75,465,194,150,150,315,44,615,344,300,300,1356.67,10.79,TRACKED,RETAINED,data/phase2_roi_crops/retained/WhatsApp_Video_2026-08-11_at_6.55.11_AM/crop_000525.jpg
WhatsApp Video 2026-08-11 at 6.55.11 AM.mp4,6,Aluminium,train,540,9.0,464,194,150,150,314,44,614,344,300,300,1011.66,8.94,TRACKED,RETAINED,data/phase2_roi_crops/retained/WhatsApp_Video_2026-08-11_at_6.55.11_AM/crop_000540.jpg
WhatsApp Video 2026-08-11 at 6.55.11 AM.mp4,6,Aluminium,train,555,9.25,460,194,150,150,310,44,610,344,300,300,824.85,16.43,TRACKED,RETAINED,data/phase2_roi_crops/retained/WhatsApp_Video_2026-08-11_at_6.55.11_AM/crop_000555.jpg
WhatsApp Video 2026-08-11 at 6.55.11 AM.mp4,6,Aluminium,train,570,9.5,459,191,150,150,309,41,609,341,300,300,978.11,15.36,TRACKED,RETAINED,data/phase2_roi_crops/retained/WhatsApp_Video_2026-08-11_at_6.55.11_AM/crop_000570.jpg
WhatsApp Video 2026-08-11 at 6.55.11 AM.mp4,6,Aluminium,train,585,9.75,459,187,150,150,309,37,609,337,300,300,844.01,28.47,TRACKED,RETAINED,data/phase2_roi_crops/retained/WhatsApp_Video_2026-08-11_at_6.55.11_AM/crop_000585.jpg
WhatsApp Video 2026-08-11 at 6.55.11 AM.mp4,6,Aluminium,train,600,10.0,459,190,150,150,309,40,609,340,300,300,2125.95,42.92,TRACKED,RETAINED,data/phase2_roi_crops/retained/WhatsApp_Video_2026-08-11_at_6.55.11_AM/crop_000600.jpg
WhatsApp Video 2026-08-11 at 6.55.11 AM.mp4,6,Aluminium,train,615,10.25,459,190,150,150,309,40,609,340,300,300,1058.53,34.12,TRACKED,RETAINED,data/phase2_roi_crops/retained/WhatsApp_Video_2026-08-11_at_6.55.11_AM/crop_000615.jpg
WhatsApp Video 2026-08-11 at 6.55.11 AM.mp4,6,Aluminium,train,630,10.5,459,186,150,150,309,36,609,336,300,300,1068.65,23.02,TRACKED,RETAINED,data/phase2_roi_crops/retained/WhatsApp_Video_2026-08-11_at_6.55.11_AM/crop_000630.jpg
WhatsApp Video 2026-08-11 at 6.55.11 AM.mp4,6,Aluminium,train,645,10.75,458,189,150,150,308,39,608,339,300,300,1211.34,30.41,TRACKED,RETAINED,data/phase2_roi_crops/retained/WhatsApp_Video_2026-08-11_at_6.55.11_AM/crop_000645.jpg
WhatsApp Video 2026-08-11 at 6.55.11 AM.mp4,6,Aluminium,train,660,11.0,456,187,150,150,306,37,606,337,300,300,1126.61,15.52,TRACKED,RETAINED,data/phase2_roi_crops/retained/WhatsApp_Video_2026-08-11_at_6.55.11_AM/crop_000660.jpg
WhatsApp Video 2026-08-11 at 6.55.11 AM.mp4,6,Aluminium,train,675,11.25,455,187,150,150,305,37,605,337,300,300,1171.07,14.13,TRACKED,RETAINED,data/phase2_roi_crops/retained/WhatsApp_Video_2026-08-11_at_6.55.11_AM/crop_000675.jpg
WhatsApp Video 2026-08-11 at 6.55.11 AM.mp4,6,Aluminium,train,690,11.5,453,189,150,150,303,39,603,339,300,300,1135.59,17.85,TRACKED,RETAINED,data/phase2_roi_crops/retained/WhatsApp_Video_2026-08-11_at_6.55.11_AM/crop_000690.jpg
WhatsApp Video 2026-08-11 at 6.55.11 AM.mp4,6,Aluminium,train,705,11.75,455,190,150,150,305,40,605,340,300,300,980.72,41.53,TRACKED,RETAINED,data/phase2_roi_crops/retained/WhatsApp_Video_2026-08-11_at_6.55.11_AM/crop_000705.jpg
WhatsApp Video 2026-08-11 at 6.55.11 AM.mp4,6,Aluminium,train,720,12.0,454,191,150,150,304,41,604,341,300,300,780.7,42.53,TRACKED,RETAINED,data/phase2_roi_crops/retained/WhatsApp_Video_2026-08-11_at_6.55.11_AM/crop_000720.jpg
WhatsApp Video 2026-08-11 at 6.55.11 AM.mp4,6,Aluminium,train,735,12.25,459,186,150,150,309,36,609,336,300,300,771.4,44.92,TRACKED,RETAINED,data/phase2_roi_crops/retained/WhatsApp_Video_2026-08-11_at_6.55.11_AM/crop_000735.jpg
WhatsApp Video 2026-08-11 at 6.55.11 AM.mp4,6,Aluminium,train,750,12.5,460,182,150,150,310,32,610,332,300,300,691.1,16.94,TRACKED,RETAINED,data/phase2_roi_crops/retained/WhatsApp_Video_2026-08-11_at_6.55.11_AM/crop_000750.jpg
WhatsApp Video 2026-08-11 at 6.55.11 AM.mp4,6,Aluminium,train,765,12.75,457,186,150,150,307,36,607,336,300,300,711.94,51.89,TRACKED,RETAINED,data/phase2_roi_crops/retained/WhatsApp_Video_2026-08-11_at_6.55.11_AM/crop_000765.jpg
WhatsApp Video 2026-08-11 at 6.55.11 AM.mp4,6,Aluminium,train,780,13.0,456,184,150,150,306,34,606,334,300,300,1124.34,38.04,TRACKED,RETAINED,data/phase2_roi_crops/retained/WhatsApp_Video_2026-08-11_at_6.55.11_AM/crop_000780.jpg
WhatsApp Video 2026-08-11 at 6.55.11 AM.mp4,6,Aluminium,train,795,13.25,458,181,150,150,308,31,608,331,300,300,1117.37,15.66,TRACKED,RETAINED,data/phase2_roi_crops/retained/WhatsApp_Video_2026-08-11_at_6.55.11_AM/crop_000795.jpg
WhatsApp Video 2026-08-11 at 6.55.11 AM.mp4,6,Aluminium,train,810,13.5,456,183,150,150,306,33,606,333,300,300,1186.82,32.32,TRACKED,RETAINED,data/phase2_roi_crops/retained/WhatsApp_Video_2026-08-11_at_6.55.11_AM/crop_000810.jpg
WhatsApp Video 2026-08-11 at 6.55.11 AM.mp4,6,Aluminium,train,825,13.75,458,181,150,150,308,31,608,331,300,300,1074.56,11.59,TRACKED,RETAINED,data/phase2_roi_crops/retained/WhatsApp_Video_2026-08-11_at_6.55.11_AM/crop_000825.jpg
WhatsApp Video 2026-08-11 at 6.55.11 AM.mp4,6,Aluminium,train,840,14.0,458,181,150,150,308,31,608,331,300,300,985.43,14.49,TRACKED,RETAINED,data/phase2_roi_crops/retained/WhatsApp_Video_2026-08-11_at_6.55.11_AM/crop_000840.jpg
WhatsApp Video 2026-08-11 at 6.55.11 AM.mp4,6,Aluminium,train,855,14.25,455,183,150,150,305,33,605,333,300,300,1169.85,35.16,TRACKED,RETAINED,data/phase2_roi_crops/retained/WhatsApp_Video_2026-08-11_at_6.55.11_AM/crop_000855.jpg
WhatsApp Video 2026-08-11 at 6.55.11 AM.mp4,6,Aluminium,train,870,14.5,454,182,150,150,304,32,604,332,300,300,663.07,39.18,TRACKED,RETAINED,data/phase2_roi_crops/retained/WhatsApp_Video_2026-08-11_at_6.55.11_AM/crop_000870.jpg
WhatsApp Video 2026-08-11 at 6.55.11 AM.mp4,6,Aluminium,train,885,14.75,450,181,150,150,300,31,600,331,300,300,884.26,33.14,TRACKED,RETAINED,data/phase2_roi_crops/retained/WhatsApp_Video_2026-08-11_at_6.55.11_AM/crop_000885.jpg
WhatsApp Video 2026-08-11 at 6.55.11 AM.mp4,6,Aluminium,train,900,15.0,457,182,150,150,307,32,607,332,300,300,2234.66,26.69,TRACKED,RETAINED,data/phase2_roi_crops/retained/WhatsApp_Video_2026-08-11_at_6.55.11_AM/crop_000900.jpg
WhatsApp Video 2026-08-11 at 6.55.11 AM.mp4,6,Aluminium,train,915,15.25,453,179,150,150,303,29,603,329,300,300,919.02,31.97,TRACKED,RETAINED,data/phase2_roi_crops/retained/WhatsApp_Video_2026-08-11_at_6.55.11_AM/crop_000915.jpg
WhatsApp Video 2026-08-11 at 6.55.11 AM.mp4,6,Aluminium,train,930,15.5,454,180,150,150,304,30,604,330,300,300,1152.58,8.23,TRACKED,RETAINED,data/phase2_roi_crops/retained/WhatsApp_Video_2026-08-11_at_6.55.11_AM/crop_000930.jpg
WhatsApp Video 2026-08-11 at 6.55.11 AM.mp4,6,Aluminium,train,945,15.75,454,180,150,150,304,30,604,330,300,300,1537.58,7.86,TRACKED,RETAINED,data/phase2_roi_crops/retained/WhatsApp_Video_2026-08-11_at_6.55.11_AM/crop_000945.jpg
WhatsApp Video 2026-08-11 at 6.55.11 AM.mp4,6,Aluminium,train,960,16.0,454,180,150,150,304,30,604,330,300,300,1258.76,10.15,TRACKED,RETAINED,data/phase2_roi_crops/retained/WhatsApp_Video_2026-08-11_at_6.55.11_AM/crop_000960.jpg
WhatsApp Video 2026-08-11 at 6.55.11 AM.mp4,6,Aluminium,train,975,16.25,454,181,150,150,304,31,604,331,300,300,1090.13,12.12,TRACKED,RETAINED,data/phase2_roi_crops/retained/WhatsApp_Video_2026-08-11_at_6.55.11_AM/crop_000975.jpg
WhatsApp Video 2026-08-11 at 6.55.11 AM.mp4,6,Aluminium,train,990,16.5,452,177,150,150,302,27,602,327,300,300,924.59,27.01,TRACKED,RETAINED,data/phase2_roi_crops/retained/WhatsApp_Video_2026-08-11_at_6.55.11_AM/crop_000990.jpg
WhatsApp Video 2026-08-11 at 6.55.11 AM.mp4,6,Aluminium,train,1005,16.75,452,177,150,150,302,27,602,327,300,300,1322.7,9.0,TRACKED,RETAINED,data/phase2_roi_crops/retained/WhatsApp_Video_2026-08-11_at_6.55.11_AM/crop_001005.jpg
WhatsApp Video 2026-08-11 at 6.55.11 AM.mp4,6,Aluminium,train,1020,17.0,453,176,150,150,303,26,603,326,300,300,1505.91,12.27,TRACKED,RETAINED,data/phase2_roi_crops/retained/WhatsApp_Video_2026-08-11_at_6.55.11_AM/crop_001020.jpg
WhatsApp Video 2026-08-11 at 6.55.11 AM.mp4,6,Aluminium,train,1035,17.25,453,176,150,150,303,26,603,326,300,300,1225.31,13.97,TRACKED,RETAINED,data/phase2_roi_crops/retained/WhatsApp_Video_2026-08-11_at_6.55.11_AM/crop_001035.jpg
WhatsApp Video 2026-08-11 at 6.55.11 AM.mp4,6,Aluminium,train,1050,17.5,453,179,150,150,303,29,603,329,300,300,1150.01,13.65,TRACKED,RETAINED,data/phase2_roi_crops/retained/WhatsApp_Video_2026-08-11_at_6.55.11_AM/crop_001050.jpg
WhatsApp Video 2026-08-11 at 6.55.11 AM.mp4,6,Aluminium,train,1065,17.75,451,174,150,150,301,24,601,324,300,300,881.93,29.79,TRACKED,RETAINED,data/phase2_roi_crops/retained/WhatsApp_Video_2026-08-11_at_6.55.11_AM/crop_001065.jpg
WhatsApp Video 2026-08-11 at 6.55.11 AM.mp4,6,Aluminium,train,1080,18.0,452,174,150,150,302,24,602,324,300,300,943.23,16.59,TRACKED,RETAINED,data/phase2_roi_crops/retained/WhatsApp_Video_2026-08-11_at_6.55.11_AM/crop_001080.jpg
WhatsApp Video 2026-08-11 at 6.55.11 AM.mp4,6,Aluminium,train,1095,18.25,456,176,150,150,306,26,606,326,300,300,1008.8,16.63,TRACKED,RETAINED,data/phase2_roi_crops/retained/WhatsApp_Video_2026-08-11_at_6.55.11_AM/crop_001095.jpg
WhatsApp Video 2026-08-11 at 6.55.11 AM.mp4,6,Aluminium,train,1110,18.5,454,172,150,150,304,22,604,322,300,300,956.28,29.08,TRACKED,RETAINED,data/phase2_roi_crops/retained/WhatsApp_Video_2026-08-11_at_6.55.11_AM/crop_001110.jpg
WhatsApp Video 2026-08-11 at 6.55.11 AM.mp4,6,Aluminium,train,1125,18.75,455,175,150,150,305,25,605,325,300,300,792.91,10.43,TRACKED,RETAINED,data/phase2_roi_crops/retained/WhatsApp_Video_2026-08-11_at_6.55.11_AM/crop_001125.jpg
WhatsApp Video 2026-08-11 at 6.55.11 AM.mp4,6,Aluminium,train,1140,19.0,454,177,150,150,304,27,604,327,300,300,856.46,12.45,TRACKED,RETAINED,data/phase2_roi_crops/retained/WhatsApp_Video_2026-08-11_at_6.55.11_AM/crop_001140.jpg
WhatsApp Video 2026-08-11 at 6.55.11 AM.mp4,6,Aluminium,train,1155,19.25,453,175,150,150,303,25,603,325,300,300,775.43,31.75,TRACKED,RETAINED,data/phase2_roi_crops/retained/WhatsApp_Video_2026-08-11_at_6.55.11_AM/crop_001155.jpg
WhatsApp Video 2026-08-11 at 6.55.11 AM.mp4,6,Aluminium,train,1170,19.5,455,175,150,150,305,25,605,325,300,300,931.74,32.64,TRACKED,RETAINED,data/phase2_roi_crops/retained/WhatsApp_Video_2026-08-11_at_6.55.11_AM/crop_001170.jpg
WhatsApp Video 2026-08-11 at 6.55.11 AM.mp4,6,Aluminium,train,1185,19.75,458,172,150,150,308,22,608,322,300,300,853.41,31.33,TRACKED,RETAINED,data/phase2_roi_crops/retained/WhatsApp_Video_2026-08-11_at_6.55.11_AM/crop_001185.jpg
WhatsApp Video 2026-08-11 at 6.55.11 AM.mp4,6,Aluminium,train,1200,20.0,460,176,150,150,310,26,610,326,300,300,1954.41,31.25,TRACKED,RETAINED,data/phase2_roi_crops/retained/WhatsApp_Video_2026-08-11_at_6.55.11_AM/crop_001200.jpg
WhatsApp Video 2026-08-11 at 6.55.11 AM.mp4,6,Aluminium,train,1215,20.25,460,178,150,150,310,28,610,328,300,300,1151.24,18.05,TRACKED,RETAINED,data/phase2_roi_crops/retained/WhatsApp_Video_2026-08-11_at_6.55.11_AM/crop_001215.jpg
WhatsApp Video 2026-08-11 at 6.55.11 AM.mp4,6,Aluminium,train,1230,20.5,461,179,150,150,311,29,611,329,300,300,1147.6,17.32,TRACKED,RETAINED,data/phase2_roi_crops/retained/WhatsApp_Video_2026-08-11_at_6.55.11_AM/crop_001230.jpg
WhatsApp Video 2026-08-11 at 6.55.11 AM.mp4,6,Aluminium,train,1245,20.75,469,177,150,150,319,27,619,327,300,300,1077.2,34.42,TRACKED,RETAINED,data/phase2_roi_crops/retained/WhatsApp_Video_2026-08-11_at_6.55.11_AM/crop_001245.jpg
WhatsApp Video 2026-08-11 at 6.55.11 AM.mp4,6,Aluminium,train,1260,21.0,464,179,150,150,314,29,614,329,300,300,1046.2,27.05,TRACKED,RETAINED,data/phase2_roi_crops/retained/WhatsApp_Video_2026-08-11_at_6.55.11_AM/crop_001260.jpg
WhatsApp Video 2026-08-11 at 6.55.11 AM.mp4,6,Aluminium,train,1275,21.25,466,180,150,150,316,30,616,330,300,300,1316.81,20.57,TRACKED,RETAINED,data/phase2_roi_crops/retained/WhatsApp_Video_2026-08-11_at_6.55.11_AM/crop_001275.jpg
WhatsApp Video 2026-08-11 at 6.55.11 AM.mp4,6,Aluminium,train,1290,21.5,465,179,150,150,315,29,615,329,300,300,1077.23,9.02,TRACKED,RETAINED,data/phase2_roi_crops/retained/WhatsApp_Video_2026-08-11_at_6.55.11_AM/crop_001290.jpg
WhatsApp Video 2026-08-11 at 6.55.11 AM.mp4,6,Aluminium,train,1305,21.75,468,183,150,150,318,33,618,333,300,300,1076.24,27.47,TRACKED,RETAINED,data/phase2_roi_crops/retained/WhatsApp_Video_2026-08-11_at_6.55.11_AM/crop_001305.jpg
WhatsApp Video 2026-08-11 at 6.55.11 AM.mp4,6,Aluminium,train,1320,22.0,466,179,150,150,316,29,616,329,300,300,1295.04,23.41,TRACKED,RETAINED,data/phase2_roi_crops/retained/WhatsApp_Video_2026-08-11_at_6.55.11_AM/crop_001320.jpg
WhatsApp Video 2026-08-11 at 6.55.11 AM.mp4,6,Aluminium,train,1335,22.25,471,182,150,150,321,32,621,332,300,300,1186.42,30.08,TRACKED,RETAINED,data/phase2_roi_crops/retained/WhatsApp_Video_2026-08-11_at_6.55.11_AM/crop_001335.jpg
WhatsApp Video 2026-08-11 at 6.55.11 AM.mp4,6,Aluminium,train,1350,22.5,472,182,150,150,322,32,622,332,300,300,1675.49,11.49,TRACKED,RETAINED,data/phase2_roi_crops/retained/WhatsApp_Video_2026-08-11_at_6.55.11_AM/crop_001350.jpg
WhatsApp Video 2026-08-11 at 6.55.11 AM.mp4,6,Aluminium,train,1365,22.75,471,182,150,150,321,32,621,332,300,300,1705.53,12.01,TRACKED,RETAINED,data/phase2_roi_crops/retained/WhatsApp_Video_2026-08-11_at_6.55.11_AM/crop_001365.jpg
WhatsApp Video 2026-08-11 at 6.55.11 AM.mp4,6,Aluminium,train,1380,23.0,472,182,150,150,322,32,622,332,300,300,1628.21,9.46,TRACKED,RETAINED,data/phase2_roi_crops/retained/WhatsApp_Video_2026-08-11_at_6.55.11_AM/crop_001380.jpg
WhatsApp Video 2026-08-11 at 6.55.11 AM.mp4,6,Aluminium,train,1395,23.25,474,182,150,150,324,32,624,332,300,300,989.72,6.07,TRACKED,RETAINED,data/phase2_roi_crops/retained/WhatsApp_Video_2026-08-11_at_6.55.11_AM/crop_001395.jpg
WhatsApp Video 2026-08-11 at 6.55.11 AM.mp4,6,Aluminium,train,1410,23.5,477,182,150,150,327,32,627,332,300,300,889.08,12.71,TRACKED,RETAINED,data/phase2_roi_crops/retained/WhatsApp_Video_2026-08-11_at_6.55.11_AM/crop_001410.jpg
WhatsApp Video 2026-08-11 at 6.55.11 AM.mp4,6,Aluminium,train,1425,23.75,480,186,150,150,330,36,630,336,300,300,1031.59,34.47,TRACKED,RETAINED,data/phase2_roi_crops/retained/WhatsApp_Video_2026-08-11_at_6.55.11_AM/crop_001425.jpg
WhatsApp Video 2026-08-11 at 6.55.11 AM.mp4,6,Aluminium,train,1440,24.0,479,188,150,150,329,38,629,338,300,300,866.05,43.04,TRACKED,RETAINED,data/phase2_roi_crops/retained/WhatsApp_Video_2026-08-11_at_6.55.11_AM/crop_001440.jpg
WhatsApp Video 2026-08-11 at 6.55.11 AM.mp4,6,Aluminium,train,1455,24.25,480,189,150,150,330,39,630,339,300,300,735.34,40.4,TRACKED,RETAINED,data/phase2_roi_crops/retained/WhatsApp_Video_2026-08-11_at_6.55.11_AM/crop_001455.jpg
WhatsApp Video 2026-08-11 at 6.55.11 AM.mp4,6,Aluminium,train,1470,24.5,482,189,150,150,332,39,632,339,300,300,813.68,36.08,TRACKED,RETAINED,data/phase2_roi_crops/retained/WhatsApp_Video_2026-08-11_at_6.55.11_AM/crop_001470.jpg
WhatsApp Video 2026-08-11 at 6.55.11 AM.mp4,6,Aluminium,train,1485,24.75,482,189,150,150,332,39,632,339,300,300,721.89,31.24,TRACKED,RETAINED,data/phase2_roi_crops/retained/WhatsApp_Video_2026-08-11_at_6.55.11_AM/crop_001485.jpg
WhatsApp Video 2026-08-11 at 6.55.11 AM.mp4,6,Aluminium,train,1500,25.0,484,189,150,150,334,39,634,339,300,300,2189.49,29.52,TRACKED,RETAINED,data/phase2_roi_crops/retained/WhatsApp_Video_2026-08-11_at_6.55.11_AM/crop_001500.jpg
WhatsApp Video 2026-08-11 at 6.55.11 AM.mp4,6,Aluminium,train,1515,25.25,488,190,150,150,338,40,638,340,300,300,1204.74,15.91,TRACKED,RETAINED,data/phase2_roi_crops/retained/WhatsApp_Video_2026-08-11_at_6.55.11_AM/crop_001515.jpg
WhatsApp Video 2026-08-11 at 6.55.11 AM.mp4,6,Aluminium,train,1530,25.5,486,191,150,150,336,41,636,341,300,300,879.79,23.84,TRACKED,RETAINED,data/phase2_roi_crops/retained/WhatsApp_Video_2026-08-11_at_6.55.11_AM/crop_001530.jpg
WhatsApp Video 2026-08-11 at 6.55.11 AM.mp4,6,Aluminium,train,1545,25.75,488,192,150,150,338,42,638,342,300,300,763.93,10.19,TRACKED,RETAINED,data/phase2_roi_crops/retained/WhatsApp_Video_2026-08-11_at_6.55.11_AM/crop_001545.jpg
WhatsApp Video 2026-08-11 at 6.55.11 AM.mp4,6,Aluminium,train,1560,26.0,489,192,150,150,339,42,639,342,300,300,899.71,8.28,TRACKED,RETAINED,data/phase2_roi_crops/retained/WhatsApp_Video_2026-08-11_at_6.55.11_AM/crop_001560.jpg
WhatsApp Video 2026-08-11 at 6.55.11 AM.mp4,6,Aluminium,train,1575,26.25,489,193,150,150,339,43,639,343,300,300,915.0,9.82,TRACKED,RETAINED,data/phase2_roi_crops/retained/WhatsApp_Video_2026-08-11_at_6.55.11_AM/crop_001575.jpg
WhatsApp Video 2026-08-11 at 6.55.11 AM.mp4,6,Aluminium,train,1590,26.5,490,193,150,150,340,43,640,343,300,300,703.29,16.04,TRACKED,RETAINED,data/phase2_roi_crops/retained/WhatsApp_Video_2026-08-11_at_6.55.11_AM/crop_001590.jpg
WhatsApp Video 2026-08-11 at 6.55.11 AM.mp4,6,Aluminium,train,1605,26.75,489,194,150,150,339,44,639,344,300,300,611.21,10.01,TRACKED,RETAINED,data/phase2_roi_crops/retained/WhatsApp_Video_2026-08-11_at_6.55.11_AM/crop_001605.jpg
WhatsApp Video 2026-08-11 at 6.55.11 AM.mp4,6,Aluminium,train,1620,27.0,489,195,150,150,339,45,639,345,300,300,695.36,14.06,TRACKED,RETAINED,data/phase2_roi_crops/retained/WhatsApp_Video_2026-08-11_at_6.55.11_AM/crop_001620.jpg
WhatsApp Video 2026-08-11 at 6.55.11 AM.mp4,6,Aluminium,train,1635,27.25,488,195,150,150,338,45,638,345,300,300,899.45,10.52,TRACKED,RETAINED,data/phase2_roi_crops/retained/WhatsApp_Video_2026-08-11_at_6.55.11_AM/crop_001635.jpg
WhatsApp Video 2026-08-11 at 6.55.11 AM.mp4,6,Aluminium,train,1650,27.5,494,198,150,150,344,48,644,348,300,300,970.5,29.21,TRACKED,RETAINED,data/phase2_roi_crops/retained/WhatsApp_Video_2026-08-11_at_6.55.11_AM/crop_001650.jpg
WhatsApp Video 2026-08-11 at 6.55.11 AM.mp4,6,Aluminium,train,1665,27.75,495,197,150,150,345,47,645,347,300,300,1133.58,15.76,TRACKED,RETAINED,data/phase2_roi_crops/retained/WhatsApp_Video_2026-08-11_at_6.55.11_AM/crop_001665.jpg
WhatsApp Video 2026-08-11 at 6.55.11 AM.mp4,6,Aluminium,train,1680,28.0,494,198,150,150,344,48,644,348,300,300,1255.92,14.82,TRACKED,RETAINED,data/phase2_roi_crops/retained/WhatsApp_Video_2026-08-11_at_6.55.11_AM/crop_001680.jpg
WhatsApp Video 2026-08-11 at 6.55.11 AM.mp4,6,Aluminium,train,1695,28.25,495,198,150,150,345,48,645,348,300,300,1057.07,8.86,TRACKED,RETAINED,data/phase2_roi_crops/retained/WhatsApp_Video_2026-08-11_at_6.55.11_AM/crop_001695.jpg
WhatsApp Video 2026-08-11 at 6.55.11 AM.mp4,6,Aluminium,train,1710,28.5,495,198,150,150,345,48,645,348,300,300,997.4,10.95,TRACKED,RETAINED,data/phase2_roi_crops/retained/WhatsApp_Video_2026-08-11_at_6.55.11_AM/crop_001710.jpg
WhatsApp Video 2026-08-11 at 6.55.11 AM.mp4,6,Aluminium,train,1725,28.75,496,199,150,150,346,49,646,349,300,300,945.17,10.48,TRACKED,RETAINED,data/phase2_roi_crops/retained/WhatsApp_Video_2026-08-11_at_6.55.11_AM/crop_001725.jpg
WhatsApp Video 2026-08-11 at 6.55.11 AM.mp4,6,Aluminium,train,1740,29.0,496,199,150,150,346,49,646,349,300,300,1277.09,4.62,TRACKED,RETAINED,data/phase2_roi_crops/retained/WhatsApp_Video_2026-08-11_at_6.55.11_AM/crop_001740.jpg
WhatsApp Video 2026-08-11 at 6.55.11 AM.mp4,6,Aluminium,train,1755,29.25,496,200,150,150,346,50,646,350,300,300,1260.27,9.65,TRACKED,RETAINED,data/phase2_roi_crops/retained/WhatsApp_Video_2026-08-11_at_6.55.11_AM/crop_001755.jpg
WhatsApp Video 2026-08-11 at 6.55.11 AM.mp4,6,Aluminium,train,1770,29.5,496,200,150,150,346,50,646,350,300,300,1290.9,7.26,TRACKED,RETAINED,data/phase2_roi_crops/retained/WhatsApp_Video_2026-08-11_at_6.55.11_AM/crop_001770.jpg
WhatsApp Video 2026-08-11 at 6.55.11 AM.mp4,6,Aluminium,train,1785,29.75,497,200,150,150,347,50,647,350,300,300,1171.23,9.9,TRACKED,RETAINED,data/phase2_roi_crops/retained/WhatsApp_Video_2026-08-11_at_6.55.11_AM/crop_001785.jpg
WhatsApp Video 2026-08-11 at 6.55.11 AM.mp4,6,Aluminium,train,1800,30.0,496,200,150,150,346,50,646,350,300,300,2392.77,10.15,TRACKED,RETAINED,data/phase2_roi_crops/retained/WhatsApp_Video_2026-08-11_at_6.55.11_AM/crop_001800.jpg
WhatsApp Video 2026-08-11 at 6.55.11 AM.mp4,6,Aluminium,train,1815,30.25,501,198,150,150,351,48,651,348,300,300,1621.8,26.88,TRACKED,RETAINED,data/phase2_roi_crops/retained/WhatsApp_Video_2026-08-11_at_6.55.11_AM/crop_001815.jpg
WhatsApp Video 2026-08-11 at 6.55.11 AM.mp4,6,Aluminium,train,1830,30.5,502,197,150,150,352,47,652,347,300,300,964.05,12.36,TRACKED,RETAINED,data/phase2_roi_crops/retained/WhatsApp_Video_2026-08-11_at_6.55.11_AM/crop_001830.jpg
WhatsApp Video 2026-08-11 at 6.55.11 AM.mp4,6,Aluminium,train,1845,30.75,502,194,150,150,352,44,652,344,300,300,771.77,11.07,TRACKED,RETAINED,data/phase2_roi_crops/retained/WhatsApp_Video_2026-08-11_at_6.55.11_AM/crop_001845.jpg
WhatsApp Video 2026-08-11 at 6.55.11 AM.mp4,6,Aluminium,train,1860,31.0,503,198,150,150,353,48,653,348,300,300,1328.82,21.46,TRACKED,RETAINED,data/phase2_roi_crops/retained/WhatsApp_Video_2026-08-11_at_6.55.11_AM/crop_001860.jpg
WhatsApp Video 2026-08-11 at 6.55.11 AM.mp4,6,Aluminium,train,1875,31.25,504,199,150,150,354,49,654,349,300,300,943.46,8.61,TRACKED,RETAINED,data/phase2_roi_crops/retained/WhatsApp_Video_2026-08-11_at_6.55.11_AM/crop_001875.jpg
WhatsApp Video 2026-08-11 at 6.55.11 AM.mp4,6,Aluminium,train,1890,31.5,504,199,150,150,354,49,654,349,300,300,1003.39,8.13,TRACKED,RETAINED,data/phase2_roi_crops/retained/WhatsApp_Video_2026-08-11_at_6.55.11_AM/crop_001890.jpg
WhatsApp Video 2026-08-11 at 6.55.11 AM.mp4,6,Aluminium,train,1905,31.75,504,200,150,150,354,50,654,350,300,300,939.03,10.55,TRACKED,RETAINED,data/phase2_roi_crops/retained/WhatsApp_Video_2026-08-11_at_6.55.11_AM/crop_001905.jpg
WhatsApp Video 2026-08-11 at 6.55.11 AM.mp4,6,Aluminium,train,1920,32.0,505,203,150,150,355,53,655,353,300,300,850.78,17.4,TRACKED,RETAINED,data/phase2_roi_crops/retained/WhatsApp_Video_2026-08-11_at_6.55.11_AM/crop_001920.jpg
WhatsApp Video 2026-08-11 at 6.55.11 AM.mp4,6,Aluminium,train,1935,32.25,507,200,150,150,357,50,657,350,300,300,689.33,32.63,TRACKED,RETAINED,data/phase2_roi_crops/retained/WhatsApp_Video_2026-08-11_at_6.55.11_AM/crop_001935.jpg
WhatsApp Video 2026-08-11 at 6.55.11 AM.mp4,6,Aluminium,train,1950,32.5,506,196,150,150,356,46,656,346,300,300,693.05,28.33,TRACKED,RETAINED,data/phase2_roi_crops/retained/WhatsApp_Video_2026-08-11_at_6.55.11_AM/crop_001950.jpg
WhatsApp Video 2026-08-11 at 6.55.11 AM.mp4,6,Aluminium,train,1965,32.75,513,203,150,150,363,53,663,353,300,300,591.8,27.96,TRACKED,RETAINED,data/phase2_roi_crops/retained/WhatsApp_Video_2026-08-11_at_6.55.11_AM/crop_001965.jpg
WhatsApp Video 2026-08-11 at 6.55.11 AM.mp4,6,Aluminium,train,1980,33.0,511,199,150,150,361,49,661,349,300,300,590.49,42.41,TRACKED,RETAINED,data/phase2_roi_crops/retained/WhatsApp_Video_2026-08-11_at_6.55.11_AM/crop_001980.jpg
WhatsApp Video 2026-08-11 at 6.55.11 AM.mp4,6,Aluminium,train,1995,33.25,510,196,150,150,360,46,660,346,300,300,544.57,35.2,TRACKED,RETAINED,data/phase2_roi_crops/retained/WhatsApp_Video_2026-08-11_at_6.55.11_AM/crop_001995.jpg
WhatsApp Video 2026-08-11 at 6.55.11 AM.mp4,6,Aluminium,train,2010,33.5,512,199,150,150,362,49,662,349,300,300,640.86,49.31,TRACKED,RETAINED,data/phase2_roi_crops/retained/WhatsApp_Video_2026-08-11_at_6.55.11_AM/crop_002010.jpg
WhatsApp Video 2026-08-11 at 6.55.11 AM.mp4,6,Aluminium,train,2025,33.75,511,196,150,150,361,46,661,346,300,300,614.04,30.81,TRACKED,RETAINED,data/phase2_roi_crops/retained/WhatsApp_Video_2026-08-11_at_6.55.11_AM/crop_002025.jpg
WhatsApp Video 2026-08-11 at 6.55.11 AM.mp4,6,Aluminium,train,2040,34.0,515,197,150,150,365,47,665,347,300,300,616.33,19.08,TRACKED,RETAINED,data/phase2_roi_crops/retained/WhatsApp_Video_2026-08-11_at_6.55.11_AM/crop_002040.jpg
WhatsApp Video 2026-08-11 at 6.55.11 AM.mp4,6,Aluminium,train,2055,34.25,515,199,150,150,365,49,665,349,300,300,526.36,13.58,TRACKED,RETAINED,data/phase2_roi_crops/retained/WhatsApp_Video_2026-08-11_at_6.55.11_AM/crop_002055.jpg
WhatsApp Video 2026-08-11 at 6.55.11 AM.mp4,6,Aluminium,train,2070,34.5,518,199,150,150,368,49,668,349,300,300,533.3,13.46,TRACKED,RETAINED,data/phase2_roi_crops/retained/WhatsApp_Video_2026-08-11_at_6.55.11_AM/crop_002070.jpg
WhatsApp Video 2026-08-11 at 6.55.11 AM.mp4,6,Aluminium,train,2085,34.75,520,202,150,150,370,52,670,352,300,300,472.52,11.28,TRACKED,RETAINED,data/phase2_roi_crops/retained/WhatsApp_Video_2026-08-11_at_6.55.11_AM/crop_002085.jpg
WhatsApp Video 2026-08-11 at 6.55.11 AM.mp4,6,Aluminium,train,2100,35.0,517,200,150,150,367,50,667,350,300,300,1362.77,21.24,TRACKED,RETAINED,data/phase2_roi_crops/retained/WhatsApp_Video_2026-08-11_at_6.55.11_AM/crop_002100.jpg
WhatsApp Video 2026-08-11 at 6.55.11 AM.mp4,6,Aluminium,train,2115,35.25,520,198,150,150,370,48,670,348,300,300,573.22,24.59,TRACKED,RETAINED,data/phase2_roi_crops/retained/WhatsApp_Video_2026-08-11_at_6.55.11_AM/crop_002115.jpg
WhatsApp Video 2026-08-11 at 6.55.11 AM.mp4,6,Aluminium,train,2130,35.5,519,199,150,150,369,49,669,349,300,300,484.23,6.86,TRACKED,RETAINED,data/phase2_roi_crops/retained/WhatsApp_Video_2026-08-11_at_6.55.11_AM/crop_002130.jpg
WhatsApp Video 2026-08-11 at 6.55.11 AM.mp4,6,Aluminium,train,2145,35.75,517,199,150,150,367,49,667,349,300,300,510.41,8.91,TRACKED,RETAINED,data/phase2_roi_crops/retained/WhatsApp_Video_2026-08-11_at_6.55.11_AM/crop_002145.jpg
WhatsApp Video 2026-08-11 at 6.55.11 AM.mp4,6,Aluminium,train,2160,36.0,518,200,150,150,368,50,668,350,300,300,500.8,12.23,TRACKED,RETAINED,data/phase2_roi_crops/retained/WhatsApp_Video_2026-08-11_at_6.55.11_AM/crop_002160.jpg
WhatsApp Video 2026-08-11 at 6.55.11 AM.mp4,6,Aluminium,train,2175,36.25,517,201,150,150,367,51,667,351,300,300,543.49,8.95,TRACKED,RETAINED,data/phase2_roi_crops/retained/WhatsApp_Video_2026-08-11_at_6.55.11_AM/crop_002175.jpg
WhatsApp Video 2026-08-11 at 6.55.11 AM.mp4,6,Aluminium,train,2190,36.5,518,202,150,150,368,52,668,352,300,300,532.94,8.89,TRACKED,RETAINED,data/phase2_roi_crops/retained/WhatsApp_Video_2026-08-11_at_6.55.11_AM/crop_002190.jpg
WhatsApp Video 2026-08-11 at 6.55.11 AM.mp4,6,Aluminium,train,2205,36.75,519,199,150,150,369,49,669,349,300,300,494.82,20.9,TRACKED,RETAINED,data/phase2_roi_crops/retained/WhatsApp_Video_2026-08-11_at_6.55.11_AM/crop_002205.jpg
WhatsApp Video 2026-08-11 at 6.55.10 AM.mp4,4,Aluminium,val,0,0.0,555,212,150,150,405,62,705,362,300,300,51.93,0.0,TRACKED,RETAINED,data/phase2_roi_crops/retained/WhatsApp_Video_2026-08-11_at_6.55.10_AM/crop_000000.jpg
WhatsApp Video 2026-08-11 at 6.55.10 AM.mp4,4,Aluminium,val,15,0.25,553,209,150,150,403,59,703,359,300,300,43.07,48.61,TRACKED,RETAINED,data/phase2_roi_crops/retained/WhatsApp_Video_2026-08-11_at_6.55.10_AM/crop_000015.jpg
WhatsApp Video 2026-08-11 at 6.55.10 AM.mp4,4,Aluminium,val,30,0.5,549,214,150,150,399,64,699,364,300,300,62.63,23.86,TRACKED,RETAINED,data/phase2_roi_crops/retained/WhatsApp_Video_2026-08-11_at_6.55.10_AM/crop_000030.jpg
WhatsApp Video 2026-08-11 at 6.55.10 AM.mp4,4,Aluminium,val,45,0.75,551,213,150,150,401,63,701,363,300,300,54.78,36.24,TRACKED,RETAINED,data/phase2_roi_crops/retained/WhatsApp_Video_2026-08-11_at_6.55.10_AM/crop_000045.jpg
WhatsApp Video 2026-08-11 at 6.55.10 AM.mp4,4,Aluminium,val,60,1.0,545,212,150,150,395,62,695,362,300,300,68.27,15.79,TRACKED,RETAINED,data/phase2_roi_crops/retained/WhatsApp_Video_2026-08-11_at_6.55.10_AM/crop_000060.jpg
WhatsApp Video 2026-08-11 at 6.55.10 AM.mp4,4,Aluminium,val,75,1.25,550,214,150,150,400,64,700,364,300,300,78.36,10.98,TRACKED,RETAINED,data/phase2_roi_crops/retained/WhatsApp_Video_2026-08-11_at_6.55.10_AM/crop_000075.jpg
WhatsApp Video 2026-08-11 at 6.55.10 AM.mp4,4,Aluminium,val,90,1.5,548,215,150,150,398,65,698,365,300,300,95.54,25.27,TRACKED,RETAINED,data/phase2_roi_crops/retained/WhatsApp_Video_2026-08-11_at_6.55.10_AM/crop_000090.jpg
WhatsApp Video 2026-08-11 at 6.55.10 AM.mp4,4,Aluminium,val,105,1.75,545,215,150,150,395,65,695,365,300,300,103.2,4.5,TRACKED,RETAINED,data/phase2_roi_crops/retained/WhatsApp_Video_2026-08-11_at_6.55.10_AM/crop_000105.jpg
WhatsApp Video 2026-08-11 at 6.55.10 AM.mp4,4,Aluminium,val,120,2.0,544,214,150,150,394,64,694,364,300,300,109.05,15.42,TRACKED,RETAINED,data/phase2_roi_crops/retained/WhatsApp_Video_2026-08-11_at_6.55.10_AM/crop_000120.jpg
WhatsApp Video 2026-08-11 at 6.55.10 AM.mp4,4,Aluminium,val,135,2.25,544,217,150,150,394,67,694,367,300,300,109.39,20.0,TRACKED,RETAINED,data/phase2_roi_crops/retained/WhatsApp_Video_2026-08-11_at_6.55.10_AM/crop_000135.jpg
WhatsApp Video 2026-08-11 at 6.55.10 AM.mp4,4,Aluminium,val,150,2.5,541,214,150,150,391,64,691,364,300,300,120.39,19.37,TRACKED,RETAINED,data/phase2_roi_crops/retained/WhatsApp_Video_2026-08-11_at_6.55.10_AM/crop_000150.jpg
WhatsApp Video 2026-08-11 at 6.55.10 AM.mp4,4,Aluminium,val,165,2.75,537,214,150,150,387,64,687,364,300,300,121.9,4.67,TRACKED,RETAINED,data/phase2_roi_crops/retained/WhatsApp_Video_2026-08-11_at_6.55.10_AM/crop_000165.jpg
WhatsApp Video 2026-08-11 at 6.55.10 AM.mp4,4,Aluminium,val,180,3.0,538,215,150,150,388,65,688,365,300,300,114.1,11.31,TRACKED,RETAINED,data/phase2_roi_crops/retained/WhatsApp_Video_2026-08-11_at_6.55.10_AM/crop_000180.jpg
WhatsApp Video 2026-08-11 at 6.55.10 AM.mp4,4,Aluminium,val,195,3.25,538,216,150,150,388,66,688,366,300,300,120.08,6.49,TRACKED,RETAINED,data/phase2_roi_crops/retained/WhatsApp_Video_2026-08-11_at_6.55.10_AM/crop_000195.jpg
WhatsApp Video 2026-08-11 at 6.55.10 AM.mp4,4,Aluminium,val,210,3.5,539,215,150,150,389,65,689,365,300,300,94.94,19.65,TRACKED,RETAINED,data/phase2_roi_crops/retained/WhatsApp_Video_2026-08-11_at_6.55.10_AM/crop_000210.jpg
WhatsApp Video 2026-08-11 at 6.55.10 AM.mp4,4,Aluminium,val,225,3.75,535,214,150,150,385,64,685,364,300,300,106.44,36.16,TRACKED,RETAINED,data/phase2_roi_crops/retained/WhatsApp_Video_2026-08-11_at_6.55.10_AM/crop_000225.jpg
WhatsApp Video 2026-08-11 at 6.55.10 AM.mp4,4,Aluminium,val,240,4.0,533,214,150,150,383,64,683,364,300,300,115.11,20.35,TRACKED,RETAINED,data/phase2_roi_crops/retained/WhatsApp_Video_2026-08-11_at_6.55.10_AM/crop_000240.jpg
WhatsApp Video 2026-08-11 at 6.55.10 AM.mp4,4,Aluminium,val,255,4.25,529,219,150,150,379,69,679,369,300,300,102.43,6.86,TRACKED,RETAINED,data/phase2_roi_crops/retained/WhatsApp_Video_2026-08-11_at_6.55.10_AM/crop_000255.jpg
WhatsApp Video 2026-08-11 at 6.55.10 AM.mp4,4,Aluminium,val,270,4.5,532,221,150,150,382,71,682,371,300,300,146.88,33.89,TRACKED,RETAINED,data/phase2_roi_crops/retained/WhatsApp_Video_2026-08-11_at_6.55.10_AM/crop_000270.jpg
WhatsApp Video 2026-08-11 at 6.55.10 AM.mp4,4,Aluminium,val,285,4.75,534,218,150,150,384,68,684,368,300,300,106.13,30.99,TRACKED,RETAINED,data/phase2_roi_crops/retained/WhatsApp_Video_2026-08-11_at_6.55.10_AM/crop_000285.jpg
WhatsApp Video 2026-08-11 at 6.55.10 AM.mp4,4,Aluminium,val,300,5.0,528,216,150,150,378,66,678,366,300,300,165.71,32.04,TRACKED,RETAINED,data/phase2_roi_crops/retained/WhatsApp_Video_2026-08-11_at_6.55.10_AM/crop_000300.jpg
WhatsApp Video 2026-08-11 at 6.55.10 AM.mp4,4,Aluminium,val,315,5.25,526,218,150,150,376,68,676,368,300,300,104.58,16.31,TRACKED,RETAINED,data/phase2_roi_crops/retained/WhatsApp_Video_2026-08-11_at_6.55.10_AM/crop_000315.jpg
WhatsApp Video 2026-08-11 at 6.55.10 AM.mp4,4,Aluminium,val,330,5.5,525,215,150,150,375,65,675,365,300,300,84.99,20.39,TRACKED,RETAINED,data/phase2_roi_crops/retained/WhatsApp_Video_2026-08-11_at_6.55.10_AM/crop_000330.jpg
WhatsApp Video 2026-08-11 at 6.55.10 AM.mp4,4,Aluminium,val,345,5.75,525,221,150,150,375,71,675,371,300,300,107.1,7.36,TRACKED,RETAINED,data/phase2_roi_crops/retained/WhatsApp_Video_2026-08-11_at_6.55.10_AM/crop_000345.jpg
WhatsApp Video 2026-08-11 at 6.55.10 AM.mp4,4,Aluminium,val,360,6.0,524,221,150,150,374,71,674,371,300,300,85.38,5.99,TRACKED,RETAINED,data/phase2_roi_crops/retained/WhatsApp_Video_2026-08-11_at_6.55.10_AM/crop_000360.jpg
WhatsApp Video 2026-08-11 at 6.55.10 AM.mp4,4,Aluminium,val,375,6.25,520,214,150,150,370,64,670,364,300,300,100.23,6.86,TRACKED,RETAINED,data/phase2_roi_crops/retained/WhatsApp_Video_2026-08-11_at_6.55.10_AM/crop_000375.jpg
WhatsApp Video 2026-08-11 at 6.55.10 AM.mp4,4,Aluminium,val,390,6.5,518,215,150,150,368,65,668,365,300,300,69.96,9.23,TRACKED,RETAINED,data/phase2_roi_crops/retained/WhatsApp_Video_2026-08-11_at_6.55.10_AM/crop_000390.jpg
WhatsApp Video 2026-08-11 at 6.55.10 AM.mp4,4,Aluminium,val,405,6.75,518,216,150,150,368,66,668,366,300,300,77.4,5.18,TRACKED,RETAINED,data/phase2_roi_crops/retained/WhatsApp_Video_2026-08-11_at_6.55.10_AM/crop_000405.jpg
WhatsApp Video 2026-08-11 at 6.55.10 AM.mp4,4,Aluminium,val,420,7.0,514,216,150,150,364,66,664,366,300,300,80.27,3.32,TRACKED,RETAINED,data/phase2_roi_crops/retained/WhatsApp_Video_2026-08-11_at_6.55.10_AM/crop_000420.jpg
WhatsApp Video 2026-08-11 at 6.55.10 AM.mp4,4,Aluminium,val,435,7.25,515,215,150,150,365,65,665,365,300,300,87.03,18.79,TRACKED,RETAINED,data/phase2_roi_crops/retained/WhatsApp_Video_2026-08-11_at_6.55.10_AM/crop_000435.jpg
WhatsApp Video 2026-08-11 at 6.55.10 AM.mp4,4,Aluminium,val,450,7.5,514,216,150,150,364,66,664,366,300,300,86.73,24.62,TRACKED,RETAINED,data/phase2_roi_crops/retained/WhatsApp_Video_2026-08-11_at_6.55.10_AM/crop_000450.jpg
WhatsApp Video 2026-08-11 at 6.55.10 AM.mp4,4,Aluminium,val,465,7.75,512,217,150,150,362,67,662,367,300,300,112.64,21.67,TRACKED,RETAINED,data/phase2_roi_crops/retained/WhatsApp_Video_2026-08-11_at_6.55.10_AM/crop_000465.jpg
WhatsApp Video 2026-08-11 at 6.55.10 AM.mp4,4,Aluminium,val,480,8.0,511,214,150,150,361,64,661,364,300,300,109.68,14.94,TRACKED,RETAINED,data/phase2_roi_crops/retained/WhatsApp_Video_2026-08-11_at_6.55.10_AM/crop_000480.jpg
WhatsApp Video 2026-08-11 at 6.55.10 AM.mp4,4,Aluminium,val,495,8.25,512,218,150,150,362,68,662,368,300,300,96.4,14.2,TRACKED,RETAINED,data/phase2_roi_crops/retained/WhatsApp_Video_2026-08-11_at_6.55.10_AM/crop_000495.jpg
WhatsApp Video 2026-08-11 at 6.55.10 AM.mp4,4,Aluminium,val,510,8.5,507,216,150,150,357,66,657,366,300,300,103.95,4.05,TRACKED,RETAINED,data/phase2_roi_crops/retained/WhatsApp_Video_2026-08-11_at_6.55.10_AM/crop_000510.jpg
WhatsApp Video 2026-08-11 at 6.55.10 AM.mp4,4,Aluminium,val,525,8.75,506,217,150,150,356,67,656,367,300,300,89.57,15.01,TRACKED,RETAINED,data/phase2_roi_crops/retained/WhatsApp_Video_2026-08-11_at_6.55.10_AM/crop_000525.jpg
WhatsApp Video 2026-08-11 at 6.55.10 AM.mp4,4,Aluminium,val,540,9.0,508,215,150,150,358,65,658,365,300,300,94.9,7.32,TRACKED,RETAINED,data/phase2_roi_crops/retained/WhatsApp_Video_2026-08-11_at_6.55.10_AM/crop_000540.jpg
WhatsApp Video 2026-08-11 at 6.55.10 AM.mp4,4,Aluminium,val,555,9.25,505,219,150,150,355,69,655,369,300,300,94.43,12.69,TRACKED,RETAINED,data/phase2_roi_crops/retained/WhatsApp_Video_2026-08-11_at_6.55.10_AM/crop_000555.jpg
WhatsApp Video 2026-08-11 at 6.55.10 AM.mp4,4,Aluminium,val,570,9.5,508,220,150,150,358,70,658,370,300,300,90.07,4.88,TRACKED,RETAINED,data/phase2_roi_crops/retained/WhatsApp_Video_2026-08-11_at_6.55.10_AM/crop_000570.jpg
WhatsApp Video 2026-08-11 at 6.55.10 AM.mp4,4,Aluminium,val,585,9.75,503,220,150,150,353,70,653,370,300,300,99.42,3.37,TRACKED,RETAINED,data/phase2_roi_crops/retained/WhatsApp_Video_2026-08-11_at_6.55.10_AM/crop_000585.jpg
WhatsApp Video 2026-08-11 at 6.55.10 AM.mp4,4,Aluminium,val,600,10.0,503,220,150,150,353,70,653,370,300,300,203.29,4.36,TRACKED,RETAINED,data/phase2_roi_crops/retained/WhatsApp_Video_2026-08-11_at_6.55.10_AM/crop_000600.jpg
WhatsApp Video 2026-08-11 at 6.55.10 AM.mp4,4,Aluminium,val,615,10.25,501,218,150,150,351,68,651,368,300,300,107.61,3.77,TRACKED,RETAINED,data/phase2_roi_crops/retained/WhatsApp_Video_2026-08-11_at_6.55.10_AM/crop_000615.jpg
WhatsApp Video 2026-08-11 at 6.55.10 AM.mp4,4,Aluminium,val,630,10.5,497,218,150,150,347,68,647,368,300,300,108.57,5.66,TRACKED,RETAINED,data/phase2_roi_crops/retained/WhatsApp_Video_2026-08-11_at_6.55.10_AM/crop_000630.jpg
WhatsApp Video 2026-08-11 at 6.55.10 AM.mp4,4,Aluminium,val,645,10.75,503,218,150,150,353,68,653,368,300,300,100.4,14.17,TRACKED,RETAINED,data/phase2_roi_crops/retained/WhatsApp_Video_2026-08-11_at_6.55.10_AM/crop_000645.jpg
WhatsApp Video 2026-08-11 at 6.55.10 AM.mp4,4,Aluminium,val,660,11.0,505,216,150,150,355,66,655,366,300,300,107.66,4.03,TRACKED,RETAINED,data/phase2_roi_crops/retained/WhatsApp_Video_2026-08-11_at_6.55.10_AM/crop_000660.jpg
WhatsApp Video 2026-08-11 at 6.55.10 AM.mp4,4,Aluminium,val,675,11.25,505,217,150,150,355,67,655,367,300,300,101.29,3.96,TRACKED,RETAINED,data/phase2_roi_crops/retained/WhatsApp_Video_2026-08-11_at_6.55.10_AM/crop_000675.jpg
WhatsApp Video 2026-08-11 at 6.55.10 AM.mp4,4,Aluminium,val,690,11.5,502,215,150,150,352,65,652,365,300,300,107.58,5.53,TRACKED,RETAINED,data/phase2_roi_crops/retained/WhatsApp_Video_2026-08-11_at_6.55.10_AM/crop_000690.jpg
WhatsApp Video 2026-08-11 at 6.55.10 AM.mp4,4,Aluminium,val,705,11.75,499,215,150,150,349,65,649,365,300,300,96.83,7.18,TRACKED,RETAINED,data/phase2_roi_crops/retained/WhatsApp_Video_2026-08-11_at_6.55.10_AM/crop_000705.jpg
WhatsApp Video 2026-08-11 at 6.55.10 AM.mp4,4,Aluminium,val,720,12.0,498,214,150,150,348,64,648,364,300,300,97.8,3.73,TRACKED,RETAINED,data/phase2_roi_crops/retained/WhatsApp_Video_2026-08-11_at_6.55.10_AM/crop_000720.jpg
WhatsApp Video 2026-08-11 at 6.55.10 AM.mp4,4,Aluminium,val,735,12.25,497,214,150,150,347,64,647,364,300,300,107.05,8.51,TRACKED,RETAINED,data/phase2_roi_crops/retained/WhatsApp_Video_2026-08-11_at_6.55.10_AM/crop_000735.jpg
WhatsApp Video 2026-08-11 at 6.55.10 AM.mp4,4,Aluminium,val,750,12.5,497,215,150,150,347,65,647,365,300,300,119.08,19.86,TRACKED,RETAINED,data/phase2_roi_crops/retained/WhatsApp_Video_2026-08-11_at_6.55.10_AM/crop_000750.jpg
WhatsApp Video 2026-08-11 at 6.55.10 AM.mp4,4,Aluminium,val,765,12.75,501,214,150,150,351,64,651,364,300,300,116.82,18.28,TRACKED,RETAINED,data/phase2_roi_crops/retained/WhatsApp_Video_2026-08-11_at_6.55.10_AM/crop_000765.jpg
WhatsApp Video 2026-08-11 at 6.55.10 AM.mp4,4,Aluminium,val,780,13.0,498,212,150,150,348,62,648,362,300,300,115.42,6.21,TRACKED,RETAINED,data/phase2_roi_crops/retained/WhatsApp_Video_2026-08-11_at_6.55.10_AM/crop_000780.jpg
WhatsApp Video 2026-08-11 at 6.55.10 AM.mp4,4,Aluminium,val,795,13.25,502,214,150,150,352,64,652,364,300,300,89.21,5.13,TRACKED,RETAINED,data/phase2_roi_crops/retained/WhatsApp_Video_2026-08-11_at_6.55.10_AM/crop_000795.jpg
WhatsApp Video 2026-08-11 at 6.55.10 AM.mp4,4,Aluminium,val,810,13.5,504,217,150,150,354,67,654,367,300,300,92.31,12.17,TRACKED,RETAINED,data/phase2_roi_crops/retained/WhatsApp_Video_2026-08-11_at_6.55.10_AM/crop_000810.jpg
WhatsApp Video 2026-08-11 at 6.55.10 AM.mp4,4,Aluminium,val,825,13.75,501,216,150,150,351,66,651,366,300,300,93.12,11.34,TRACKED,RETAINED,data/phase2_roi_crops/retained/WhatsApp_Video_2026-08-11_at_6.55.10_AM/crop_000825.jpg
WhatsApp Video 2026-08-11 at 6.55.10 AM.mp4,4,Aluminium,val,840,14.0,499,216,150,150,349,66,649,366,300,300,101.75,11.91,TRACKED,RETAINED,data/phase2_roi_crops/retained/WhatsApp_Video_2026-08-11_at_6.55.10_AM/crop_000840.jpg
WhatsApp Video 2026-08-11 at 6.55.10 AM.mp4,4,Aluminium,val,855,14.25,500,213,150,150,350,63,650,363,300,300,84.73,5.71,TRACKED,RETAINED,data/phase2_roi_crops/retained/WhatsApp_Video_2026-08-11_at_6.55.10_AM/crop_000855.jpg
WhatsApp Video 2026-08-11 at 6.55.10 AM.mp4,4,Aluminium,val,870,14.5,498,214,150,150,348,64,648,364,300,300,84.99,5.16,TRACKED,RETAINED,data/phase2_roi_crops/retained/WhatsApp_Video_2026-08-11_at_6.55.10_AM/crop_000870.jpg
WhatsApp Video 2026-08-11 at 6.55.10 AM.mp4,4,Aluminium,val,885,14.75,493,214,150,150,343,64,643,364,300,300,92.34,5.66,TRACKED,RETAINED,data/phase2_roi_crops/retained/WhatsApp_Video_2026-08-11_at_6.55.10_AM/crop_000885.jpg
WhatsApp Video 2026-08-11 at 6.55.10 AM.mp4,4,Aluminium,val,900,15.0,495,213,150,150,345,63,645,363,300,300,182.03,4.67,TRACKED,RETAINED,data/phase2_roi_crops/retained/WhatsApp_Video_2026-08-11_at_6.55.10_AM/crop_000900.jpg
WhatsApp Video 2026-08-11 at 6.55.10 AM.mp4,4,Aluminium,val,915,15.25,494,213,150,150,344,63,644,363,300,300,91.11,4.28,TRACKED,RETAINED,data/phase2_roi_crops/retained/WhatsApp_Video_2026-08-11_at_6.55.10_AM/crop_000915.jpg
WhatsApp Video 2026-08-11 at 6.55.10 AM.mp4,4,Aluminium,val,930,15.5,492,215,150,150,342,65,642,365,300,300,92.56,5.46,TRACKED,RETAINED,data/phase2_roi_crops/retained/WhatsApp_Video_2026-08-11_at_6.55.10_AM/crop_000930.jpg
WhatsApp Video 2026-08-11 at 6.55.10 AM.mp4,4,Aluminium,val,945,15.75,493,218,150,150,343,68,643,368,300,300,79.78,3.75,TRACKED,RETAINED,data/phase2_roi_crops/retained/WhatsApp_Video_2026-08-11_at_6.55.10_AM/crop_000945.jpg
WhatsApp Video 2026-08-11 at 6.55.10 AM.mp4,4,Aluminium,val,960,16.0,491,218,150,150,341,68,641,368,300,300,97.67,5.75,TRACKED,RETAINED,data/phase2_roi_crops/retained/WhatsApp_Video_2026-08-11_at_6.55.10_AM/crop_000960.jpg
WhatsApp Video 2026-08-11 at 6.55.10 AM.mp4,4,Aluminium,val,975,16.25,495,217,150,150,345,67,645,367,300,300,83.02,13.95,TRACKED,RETAINED,data/phase2_roi_crops/retained/WhatsApp_Video_2026-08-11_at_6.55.10_AM/crop_000975.jpg
WhatsApp Video 2026-08-11 at 6.55.10 AM.mp4,4,Aluminium,val,990,16.5,496,217,150,150,346,67,646,367,300,300,88.74,3.45,TRACKED,RETAINED,data/phase2_roi_crops/retained/WhatsApp_Video_2026-08-11_at_6.55.10_AM/crop_000990.jpg
WhatsApp Video 2026-08-11 at 6.55.10 AM.mp4,4,Aluminium,val,1005,16.75,498,215,150,150,348,65,648,365,300,300,73.35,5.78,TRACKED,RETAINED,data/phase2_roi_crops/retained/WhatsApp_Video_2026-08-11_at_6.55.10_AM/crop_001005.jpg
WhatsApp Video 2026-08-11 at 6.55.10 AM.mp4,4,Aluminium,val,1020,17.0,495,213,150,150,345,63,645,363,300,300,80.02,11.25,TRACKED,RETAINED,data/phase2_roi_crops/retained/WhatsApp_Video_2026-08-11_at_6.55.10_AM/crop_001020.jpg
WhatsApp Video 2026-08-11 at 6.55.10 AM.mp4,4,Aluminium,val,1035,17.25,497,211,150,150,347,61,647,361,300,300,98.68,3.77,TRACKED,RETAINED,data/phase2_roi_crops/retained/WhatsApp_Video_2026-08-11_at_6.55.10_AM/crop_001035.jpg
WhatsApp Video 2026-08-11 at 6.55.10 AM.mp4,4,Aluminium,val,1050,17.5,491,210,150,150,341,60,641,360,300,300,69.49,15.46,TRACKED,RETAINED,data/phase2_roi_crops/retained/WhatsApp_Video_2026-08-11_at_6.55.10_AM/crop_001050.jpg
WhatsApp Video 2026-08-11 at 6.55.10 AM.mp4,4,Aluminium,val,1065,17.75,492,213,150,150,342,63,642,363,300,300,70.7,14.83,TRACKED,RETAINED,data/phase2_roi_crops/retained/WhatsApp_Video_2026-08-11_at_6.55.10_AM/crop_001065.jpg
WhatsApp Video 2026-08-11 at 6.55.10 AM.mp4,4,Aluminium,val,1080,18.0,493,213,150,150,343,63,643,363,300,300,99.15,11.56,TRACKED,RETAINED,data/phase2_roi_crops/retained/WhatsApp_Video_2026-08-11_at_6.55.10_AM/crop_001080.jpg
WhatsApp Video 2026-08-11 at 6.55.10 AM.mp4,4,Aluminium,val,1095,18.25,493,210,150,150,343,60,643,360,300,300,98.99,4.74,TRACKED,RETAINED,data/phase2_roi_crops/retained/WhatsApp_Video_2026-08-11_at_6.55.10_AM/crop_001095.jpg
WhatsApp Video 2026-08-11 at 6.55.10 AM.mp4,4,Aluminium,val,1110,18.5,494,210,150,150,344,60,644,360,300,300,80.89,8.9,TRACKED,RETAINED,data/phase2_roi_crops/retained/WhatsApp_Video_2026-08-11_at_6.55.10_AM/crop_001110.jpg
WhatsApp Video 2026-08-11 at 6.55.10 AM.mp4,4,Aluminium,val,1125,18.75,491,212,150,150,341,62,641,362,300,300,93.54,6.62,TRACKED,RETAINED,data/phase2_roi_crops/retained/WhatsApp_Video_2026-08-11_at_6.55.10_AM/crop_001125.jpg
WhatsApp Video 2026-08-11 at 6.55.10 AM.mp4,4,Aluminium,val,1140,19.0,491,216,150,150,341,66,641,366,300,300,97.27,5.12,TRACKED,RETAINED,data/phase2_roi_crops/retained/WhatsApp_Video_2026-08-11_at_6.55.10_AM/crop_001140.jpg
WhatsApp Video 2026-08-11 at 6.55.10 AM.mp4,4,Aluminium,val,1155,19.25,490,213,150,150,340,63,640,363,300,300,96.56,15.92,TRACKED,RETAINED,data/phase2_roi_crops/retained/WhatsApp_Video_2026-08-11_at_6.55.10_AM/crop_001155.jpg
WhatsApp Video 2026-08-11 at 6.55.10 AM.mp4,4,Aluminium,val,1170,19.5,489,212,150,150,339,62,639,362,300,300,76.59,3.62,TRACKED,RETAINED,data/phase2_roi_crops/retained/WhatsApp_Video_2026-08-11_at_6.55.10_AM/crop_001170.jpg
WhatsApp Video 2026-08-11 at 6.55.10 AM.mp4,4,Aluminium,val,1185,19.75,488,212,150,150,338,62,638,362,300,300,70.15,2.72,TRACKED,RETAINED,data/phase2_roi_crops/retained/WhatsApp_Video_2026-08-11_at_6.55.10_AM/crop_001185.jpg
WhatsApp Video 2026-08-11 at 6.55.10 AM.mp4,4,Aluminium,val,1200,20.0,488,209,150,150,338,59,638,359,300,300,153.43,3.06,TRACKED,RETAINED,data/phase2_roi_crops/retained/WhatsApp_Video_2026-08-11_at_6.55.10_AM/crop_001200.jpg
WhatsApp Video 2026-08-11 at 6.55.10 AM.mp4,4,Aluminium,val,1215,20.25,490,208,150,150,340,58,640,358,300,300,91.95,3.28,TRACKED,RETAINED,data/phase2_roi_crops/retained/WhatsApp_Video_2026-08-11_at_6.55.10_AM/crop_001215.jpg
WhatsApp Video 2026-08-11 at 6.55.10 AM.mp4,4,Aluminium,val,1230,20.5,488,205,150,150,338,55,638,355,300,300,76.43,3.82,TRACKED,RETAINED,data/phase2_roi_crops/retained/WhatsApp_Video_2026-08-11_at_6.55.10_AM/crop_001230.jpg
WhatsApp Video 2026-08-11 at 6.55.10 AM.mp4,4,Aluminium,val,1245,20.75,489,207,150,150,339,57,639,357,300,300,94.65,18.57,TRACKED,RETAINED,data/phase2_roi_crops/retained/WhatsApp_Video_2026-08-11_at_6.55.10_AM/crop_001245.jpg
WhatsApp Video 2026-08-11 at 6.55.10 AM.mp4,4,Aluminium,val,1260,21.0,488,207,150,150,338,57,638,357,300,300,82.26,15.42,TRACKED,RETAINED,data/phase2_roi_crops/retained/WhatsApp_Video_2026-08-11_at_6.55.10_AM/crop_001260.jpg
WhatsApp Video 2026-08-11 at 6.55.10 AM.mp4,4,Aluminium,val,1275,21.25,487,204,150,150,337,54,637,354,300,300,77.89,8.55,TRACKED,RETAINED,data/phase2_roi_crops/retained/WhatsApp_Video_2026-08-11_at_6.55.10_AM/crop_001275.jpg
WhatsApp Video 2026-08-11 at 6.55.10 AM.mp4,4,Aluminium,val,1290,21.5,487,207,150,150,337,57,637,357,300,300,76.95,3.83,TRACKED,RETAINED,data/phase2_roi_crops/retained/WhatsApp_Video_2026-08-11_at_6.55.10_AM/crop_001290.jpg
WhatsApp Video 2026-08-11 at 6.55.10 AM.mp4,4,Aluminium,val,1305,21.75,485,205,150,150,335,55,635,355,300,300,74.66,7.96,TRACKED,RETAINED,data/phase2_roi_crops/retained/WhatsApp_Video_2026-08-11_at_6.55.10_AM/crop_001305.jpg
WhatsApp Video 2026-08-11 at 6.55.10 AM.mp4,4,Aluminium,val,1320,22.0,485,207,150,150,335,57,635,357,300,300,82.82,5.24,TRACKED,RETAINED,data/phase2_roi_crops/retained/WhatsApp_Video_2026-08-11_at_6.55.10_AM/crop_001320.jpg
WhatsApp Video 2026-08-11 at 6.55.10 AM.mp4,4,Aluminium,val,1335,22.25,485,206,150,150,335,56,635,356,300,300,77.57,8.6,TRACKED,RETAINED,data/phase2_roi_crops/retained/WhatsApp_Video_2026-08-11_at_6.55.10_AM/crop_001335.jpg
WhatsApp Video 2026-08-11 at 6.55.10 AM.mp4,4,Aluminium,val,1350,22.5,489,203,150,150,339,53,639,353,300,300,86.1,4.94,TRACKED,RETAINED,data/phase2_roi_crops/retained/WhatsApp_Video_2026-08-11_at_6.55.10_AM/crop_001350.jpg
WhatsApp Video 2026-08-11 at 6.55.10 AM.mp4,4,Aluminium,val,1365,22.75,484,202,150,150,334,52,634,352,300,300,81.03,11.12,TRACKED,RETAINED,data/phase2_roi_crops/retained/WhatsApp_Video_2026-08-11_at_6.55.10_AM/crop_001365.jpg
WhatsApp Video 2026-08-11 at 6.55.10 AM.mp4,4,Aluminium,val,1380,23.0,486,203,150,150,336,53,636,353,300,300,98.54,11.11,TRACKED,RETAINED,data/phase2_roi_crops/retained/WhatsApp_Video_2026-08-11_at_6.55.10_AM/crop_001380.jpg
WhatsApp Video 2026-08-11 at 6.55.10 AM.mp4,4,Aluminium,val,1395,23.25,485,201,150,150,335,51,635,351,300,300,109.62,11.8,TRACKED,RETAINED,data/phase2_roi_crops/retained/WhatsApp_Video_2026-08-11_at_6.55.10_AM/crop_001395.jpg
WhatsApp Video 2026-08-11 at 6.55.10 AM.mp4,4,Aluminium,val,1410,23.5,486,200,150,150,336,50,636,350,300,300,78.86,6.24,TRACKED,RETAINED,data/phase2_roi_crops/retained/WhatsApp_Video_2026-08-11_at_6.55.10_AM/crop_001410.jpg
WhatsApp Video 2026-08-11 at 6.55.10 AM.mp4,4,Aluminium,val,1425,23.75,480,201,150,150,330,51,630,351,300,300,76.25,9.5,TRACKED,RETAINED,data/phase2_roi_crops/retained/WhatsApp_Video_2026-08-11_at_6.55.10_AM/crop_001425.jpg
WhatsApp Video 2026-08-11 at 6.55.10 AM.mp4,4,Aluminium,val,1440,24.0,480,200,150,150,330,50,630,350,300,300,79.58,12.09,TRACKED,RETAINED,data/phase2_roi_crops/retained/WhatsApp_Video_2026-08-11_at_6.55.10_AM/crop_001440.jpg
WhatsApp Video 2026-08-11 at 6.55.10 AM.mp4,4,Aluminium,val,1455,24.25,481,204,150,150,331,54,631,354,300,300,92.58,18.76,TRACKED,RETAINED,data/phase2_roi_crops/retained/WhatsApp_Video_2026-08-11_at_6.55.10_AM/crop_001455.jpg
WhatsApp Video 2026-08-11 at 6.55.10 AM.mp4,4,Aluminium,val,1470,24.5,479,200,150,150,329,50,629,350,300,300,93.02,11.87,TRACKED,RETAINED,data/phase2_roi_crops/retained/WhatsApp_Video_2026-08-11_at_6.55.10_AM/crop_001470.jpg
WhatsApp Video 2026-08-11 at 6.55.10 AM.mp4,4,Aluminium,val,1485,24.75,476,198,150,150,326,48,626,348,300,300,96.71,3.48,TRACKED,RETAINED,data/phase2_roi_crops/retained/WhatsApp_Video_2026-08-11_at_6.55.10_AM/crop_001485.jpg
WhatsApp Video 2026-08-11 at 6.55.10 AM.mp4,4,Aluminium,val,1500,25.0,479,200,150,150,329,50,629,350,300,300,174.35,10.29,TRACKED,RETAINED,data/phase2_roi_crops/retained/WhatsApp_Video_2026-08-11_at_6.55.10_AM/crop_001500.jpg
WhatsApp Video 2026-08-11 at 6.55.10 AM.mp4,4,Aluminium,val,1515,25.25,480,203,150,150,330,53,630,353,300,300,92.93,7.34,TRACKED,RETAINED,data/phase2_roi_crops/retained/WhatsApp_Video_2026-08-11_at_6.55.10_AM/crop_001515.jpg
WhatsApp Video 2026-08-11 at 6.55.10 AM.mp4,4,Aluminium,val,1530,25.5,482,195,150,150,332,45,632,345,300,300,88.96,15.36,TRACKED,RETAINED,data/phase2_roi_crops/retained/WhatsApp_Video_2026-08-11_at_6.55.10_AM/crop_001530.jpg
WhatsApp Video 2026-08-11 at 6.55.10 AM.mp4,4,Aluminium,val,1545,25.75,481,196,150,150,331,46,631,346,300,300,82.58,3.94,TRACKED,RETAINED,data/phase2_roi_crops/retained/WhatsApp_Video_2026-08-11_at_6.55.10_AM/crop_001545.jpg
WhatsApp Video 2026-08-11 at 6.55.10 AM.mp4,4,Aluminium,val,1560,26.0,479,197,150,150,329,47,629,347,300,300,83.07,5.19,TRACKED,RETAINED,data/phase2_roi_crops/retained/WhatsApp_Video_2026-08-11_at_6.55.10_AM/crop_001560.jpg
WhatsApp Video 2026-08-11 at 6.55.10 AM.mp4,4,Aluminium,val,1575,26.25,478,197,150,150,328,47,628,347,300,300,84.68,4.81,TRACKED,RETAINED,data/phase2_roi_crops/retained/WhatsApp_Video_2026-08-11_at_6.55.10_AM/crop_001575.jpg
WhatsApp Video 2026-08-11 at 6.55.10 AM.mp4,4,Aluminium,val,1590,26.5,480,197,150,150,330,47,630,347,300,300,87.0,3.22,TRACKED,RETAINED,data/phase2_roi_crops/retained/WhatsApp_Video_2026-08-11_at_6.55.10_AM/crop_001590.jpg
WhatsApp Video 2026-08-11 at 6.55.10 AM.mp4,4,Aluminium,val,1605,26.75,479,198,150,150,329,48,629,348,300,300,84.52,3.42,TRACKED,RETAINED,data/phase2_roi_crops/retained/WhatsApp_Video_2026-08-11_at_6.55.10_AM/crop_001605.jpg
WhatsApp Video 2026-08-11 at 6.55.10 AM.mp4,4,Aluminium,val,1620,27.0,479,196,150,150,329,46,629,346,300,300,89.75,4.27,TRACKED,RETAINED,data/phase2_roi_crops/retained/WhatsApp_Video_2026-08-11_at_6.55.10_AM/crop_001620.jpg
WhatsApp Video 2026-08-11 at 6.55.10 AM.mp4,4,Aluminium,val,1635,27.25,477,193,150,150,327,43,627,343,300,300,79.59,16.36,TRACKED,RETAINED,data/phase2_roi_crops/retained/WhatsApp_Video_2026-08-11_at_6.55.10_AM/crop_001635.jpg
WhatsApp Video 2026-08-11 at 6.55.10 AM.mp4,4,Aluminium,val,1650,27.5,474,195,150,150,324,45,624,345,300,300,91.56,4.24,TRACKED,RETAINED,data/phase2_roi_crops/retained/WhatsApp_Video_2026-08-11_at_6.55.10_AM/crop_001650.jpg
WhatsApp Video 2026-08-11 at 6.55.10 AM.mp4,4,Aluminium,val,1665,27.75,475,196,150,150,325,46,625,346,300,300,78.81,3.7,TRACKED,RETAINED,data/phase2_roi_crops/retained/WhatsApp_Video_2026-08-11_at_6.55.10_AM/crop_001665.jpg
WhatsApp Video 2026-08-11 at 6.55.10 AM.mp4,4,Aluminium,val,1680,28.0,478,190,150,150,328,40,628,340,300,300,89.21,15.98,TRACKED,RETAINED,data/phase2_roi_crops/retained/WhatsApp_Video_2026-08-11_at_6.55.10_AM/crop_001680.jpg
WhatsApp Video 2026-08-11 at 6.55.10 AM.mp4,4,Aluminium,val,1695,28.25,480,188,150,150,330,38,630,338,300,300,94.06,4.03,TRACKED,RETAINED,data/phase2_roi_crops/retained/WhatsApp_Video_2026-08-11_at_6.55.10_AM/crop_001695.jpg
WhatsApp Video 2026-08-11 at 6.55.10 AM.mp4,4,Aluminium,val,1710,28.5,478,191,150,150,328,41,628,341,300,300,74.03,10.28,TRACKED,RETAINED,data/phase2_roi_crops/retained/WhatsApp_Video_2026-08-11_at_6.55.10_AM/crop_001710.jpg
WhatsApp Video 2026-08-11 at 6.55.10 AM.mp4,4,Aluminium,val,1725,28.75,476,190,150,150,326,40,626,340,300,300,72.69,7.88,TRACKED,RETAINED,data/phase2_roi_crops/retained/WhatsApp_Video_2026-08-11_at_6.55.10_AM/crop_001725.jpg
WhatsApp Video 2026-08-11 at 6.55.10 AM.mp4,4,Aluminium,val,1740,29.0,471,189,150,150,321,39,621,339,300,300,80.91,6.71,TRACKED,RETAINED,data/phase2_roi_crops/retained/WhatsApp_Video_2026-08-11_at_6.55.10_AM/crop_001740.jpg
WhatsApp Video 2026-08-11 at 6.55.10 AM.mp4,4,Aluminium,val,1755,29.25,471,187,150,150,321,37,621,337,300,300,81.48,3.93,TRACKED,RETAINED,data/phase2_roi_crops/retained/WhatsApp_Video_2026-08-11_at_6.55.10_AM/crop_001755.jpg
WhatsApp Video 2026-08-11 at 6.55.10 AM.mp4,4,Aluminium,val,1770,29.5,474,186,150,150,324,36,624,336,300,300,95.87,5.37,TRACKED,RETAINED,data/phase2_roi_crops/retained/WhatsApp_Video_2026-08-11_at_6.55.10_AM/crop_001770.jpg
WhatsApp Video 2026-08-11 at 6.55.10 AM.mp4,4,Aluminium,val,1785,29.75,471,192,150,150,321,42,621,342,300,300,84.43,14.85,TRACKED,RETAINED,data/phase2_roi_crops/retained/WhatsApp_Video_2026-08-11_at_6.55.10_AM/crop_001785.jpg
WhatsApp Video 2026-08-11 at 6.55.10 AM.mp4,4,Aluminium,val,1800,30.0,465,192,150,150,315,42,615,342,300,300,151.08,15.93,TRACKED,RETAINED,data/phase2_roi_crops/retained/WhatsApp_Video_2026-08-11_at_6.55.10_AM/crop_001800.jpg
WhatsApp Video 2026-08-11 at 6.55.10 AM.mp4,4,Aluminium,val,1815,30.25,469,195,150,150,319,45,619,345,300,300,99.4,12.39,TRACKED,RETAINED,data/phase2_roi_crops/retained/WhatsApp_Video_2026-08-11_at_6.55.10_AM/crop_001815.jpg
WhatsApp Video 2026-08-11 at 6.55.10 AM.mp4,4,Aluminium,val,1830,30.5,471,193,150,150,321,43,621,343,300,300,93.46,12.72,TRACKED,RETAINED,data/phase2_roi_crops/retained/WhatsApp_Video_2026-08-11_at_6.55.10_AM/crop_001830.jpg
WhatsApp Video 2026-08-11 at 6.55.10 AM.mp4,4,Aluminium,val,1845,30.75,467,194,150,150,317,44,617,344,300,300,75.34,12.37,TRACKED,RETAINED,data/phase2_roi_crops/retained/WhatsApp_Video_2026-08-11_at_6.55.10_AM/crop_001845.jpg
WhatsApp Video 2026-08-11 at 6.55.10 AM.mp4,4,Aluminium,val,1860,31.0,465,192,150,150,315,42,615,342,300,300,68.79,5.81,TRACKED,RETAINED,data/phase2_roi_crops/retained/WhatsApp_Video_2026-08-11_at_6.55.10_AM/crop_001860.jpg
WhatsApp Video 2026-08-11 at 6.55.10 AM.mp4,4,Aluminium,val,1875,31.25,462,192,150,150,312,42,612,342,300,300,74.53,12.03,TRACKED,RETAINED,data/phase2_roi_crops/retained/WhatsApp_Video_2026-08-11_at_6.55.10_AM/crop_001875.jpg
WhatsApp Video 2026-08-11 at 6.55.10 AM.mp4,4,Aluminium,val,1890,31.5,464,190,150,150,314,40,614,340,300,300,74.65,12.0,TRACKED,RETAINED,data/phase2_roi_crops/retained/WhatsApp_Video_2026-08-11_at_6.55.10_AM/crop_001890.jpg
WhatsApp Video 2026-08-11 at 6.55.10 AM.mp4,4,Aluminium,val,1905,31.75,458,192,150,150,308,42,608,342,300,300,88.23,15.87,TRACKED,RETAINED,data/phase2_roi_crops/retained/WhatsApp_Video_2026-08-11_at_6.55.10_AM/crop_001905.jpg
WhatsApp Video 2026-08-11 at 6.55.10 AM.mp4,4,Aluminium,val,1920,32.0,461,192,150,150,311,42,611,342,300,300,97.6,15.34,TRACKED,RETAINED,data/phase2_roi_crops/retained/WhatsApp_Video_2026-08-11_at_6.55.10_AM/crop_001920.jpg
WhatsApp Video 2026-08-11 at 6.55.10 AM.mp4,4,Aluminium,val,1935,32.25,456,192,150,150,306,42,606,342,300,300,82.0,10.9,TRACKED,RETAINED,data/phase2_roi_crops/retained/WhatsApp_Video_2026-08-11_at_6.55.10_AM/crop_001935.jpg
WhatsApp Video 2026-08-11 at 6.55.10 AM.mp4,4,Aluminium,val,1950,32.5,454,192,150,150,304,42,604,342,300,300,85.77,8.9,TRACKED,RETAINED,data/phase2_roi_crops/retained/WhatsApp_Video_2026-08-11_at_6.55.10_AM/crop_001950.jpg
WhatsApp Video 2026-08-11 at 6.55.10 AM.mp4,4,Aluminium,val,1965,32.75,450,193,150,150,300,43,600,343,300,300,70.7,7.17,TRACKED,RETAINED,data/phase2_roi_crops/retained/WhatsApp_Video_2026-08-11_at_6.55.10_AM/crop_001965.jpg
WhatsApp Video 2026-08-11 at 6.55.10 AM.mp4,4,Aluminium,val,1980,33.0,455,190,150,150,305,40,605,340,300,300,87.07,13.52,TRACKED,RETAINED,data/phase2_roi_crops/retained/WhatsApp_Video_2026-08-11_at_6.55.10_AM/crop_001980.jpg
WhatsApp Video 2026-08-11 at 6.55.10 AM.mp4,4,Aluminium,val,1995,33.25,451,192,150,150,301,42,601,342,300,300,67.48,8.61,TRACKED,RETAINED,data/phase2_roi_crops/retained/WhatsApp_Video_2026-08-11_at_6.55.10_AM/crop_001995.jpg
WhatsApp Video 2026-08-11 at 6.55.10 AM.mp4,4,Aluminium,val,2010,33.5,447,191,150,150,297,41,597,341,300,300,72.76,9.12,TRACKED,RETAINED,data/phase2_roi_crops/retained/WhatsApp_Video_2026-08-11_at_6.55.10_AM/crop_002010.jpg
WhatsApp Video 2026-08-11 at 6.55.10 AM.mp4,4,Aluminium,val,2025,33.75,448,193,150,150,298,43,598,343,300,300,72.49,12.31,TRACKED,RETAINED,data/phase2_roi_crops/retained/WhatsApp_Video_2026-08-11_at_6.55.10_AM/crop_002025.jpg
WhatsApp Video 2026-08-11 at 6.55.10 AM.mp4,4,Aluminium,val,2040,34.0,442,195,150,150,292,45,592,345,300,300,67.2,11.11,TRACKED,RETAINED,data/phase2_roi_crops/retained/WhatsApp_Video_2026-08-11_at_6.55.10_AM/crop_002040.jpg
WhatsApp Video 2026-08-11 at 6.55.10 AM.mp4,4,Aluminium,val,2055,34.25,444,193,150,150,294,43,594,343,300,300,76.12,10.59,TRACKED,RETAINED,data/phase2_roi_crops/retained/WhatsApp_Video_2026-08-11_at_6.55.10_AM/crop_002055.jpg
WhatsApp Video 2026-08-11 at 6.55.10 AM.mp4,4,Aluminium,val,2070,34.5,443,194,150,150,293,44,593,344,300,300,64.65,4.88,TRACKED,RETAINED,data/phase2_roi_crops/retained/WhatsApp_Video_2026-08-11_at_6.55.10_AM/crop_002070.jpg
WhatsApp Video 2026-08-11 at 6.55.10 AM.mp4,4,Aluminium,val,2085,34.75,443,195,150,150,293,45,593,345,300,300,60.94,5.02,TRACKED,RETAINED,data/phase2_roi_crops/retained/WhatsApp_Video_2026-08-11_at_6.55.10_AM/crop_002085.jpg
WhatsApp Video 2026-08-11 at 6.55.10 AM.mp4,4,Aluminium,val,2100,35.0,444,191,150,150,294,41,594,341,300,300,142.55,14.07,TRACKED,RETAINED,data/phase2_roi_crops/retained/WhatsApp_Video_2026-08-11_at_6.55.10_AM/crop_002100.jpg
WhatsApp Video 2026-08-11 at 6.55.10 AM.mp4,4,Aluminium,val,2115,35.25,439,193,150,150,289,43,589,343,300,300,67.01,13.22,TRACKED,RETAINED,data/phase2_roi_crops/retained/WhatsApp_Video_2026-08-11_at_6.55.10_AM/crop_002115.jpg
WhatsApp Video 2026-08-11 at 6.55.10 AM.mp4,4,Aluminium,val,2130,35.5,438,194,150,150,288,44,588,344,300,300,69.2,16.86,TRACKED,RETAINED,data/phase2_roi_crops/retained/WhatsApp_Video_2026-08-11_at_6.55.10_AM/crop_002130.jpg
WhatsApp Video 2026-08-11 at 6.55.10 AM.mp4,4,Aluminium,val,2145,35.75,436,194,150,150,286,44,586,344,300,300,69.27,3.64,TRACKED,RETAINED,data/phase2_roi_crops/retained/WhatsApp_Video_2026-08-11_at_6.55.10_AM/crop_002145.jpg
WhatsApp Video 2026-08-11 at 6.55.10 AM.mp4,4,Aluminium,val,2160,36.0,436,195,150,150,286,45,586,345,300,300,67.51,5.73,TRACKED,RETAINED,data/phase2_roi_crops/retained/WhatsApp_Video_2026-08-11_at_6.55.10_AM/crop_002160.jpg
WhatsApp Video 2026-08-11 at 6.55.10 AM.mp4,4,Aluminium,val,2175,36.25,430,192,150,150,280,42,580,342,300,300,80.37,13.34,TRACKED,RETAINED,data/phase2_roi_crops/retained/WhatsApp_Video_2026-08-11_at_6.55.10_AM/crop_002175.jpg
WhatsApp Video 2026-08-11 at 6.55.10 AM.mp4,4,Aluminium,val,2190,36.5,434,192,150,150,284,42,584,342,300,300,74.82,15.4,TRACKED,RETAINED,data/phase2_roi_crops/retained/WhatsApp_Video_2026-08-11_at_6.55.10_AM/crop_002190.jpg
WhatsApp Video 2026-08-11 at 6.55.10 AM.mp4,4,Aluminium,val,2205,36.75,428,193,150,150,278,43,578,343,300,300,77.29,30.7,TRACKED,RETAINED,data/phase2_roi_crops/retained/WhatsApp_Video_2026-08-11_at_6.55.10_AM/crop_002205.jpg
WhatsApp Video 2026-08-11 at 6.55.10 AM.mp4,4,Aluminium,val,2220,37.0,428,189,150,150,278,39,578,339,300,300,82.63,14.83,TRACKED,RETAINED,data/phase2_roi_crops/retained/WhatsApp_Video_2026-08-11_at_6.55.10_AM/crop_002220.jpg
WhatsApp Video 2026-08-11 at 6.55.10 AM.mp4,4,Aluminium,val,2235,37.25,427,195,150,150,277,45,577,345,300,300,77.92,18.19,TRACKED,RETAINED,data/phase2_roi_crops/retained/WhatsApp_Video_2026-08-11_at_6.55.10_AM/crop_002235.jpg
WhatsApp Video 2026-08-11 at 6.55.10 AM.mp4,4,Aluminium,val,2250,37.5,424,197,150,150,274,47,574,347,300,300,67.32,8.44,TRACKED,RETAINED,data/phase2_roi_crops/retained/WhatsApp_Video_2026-08-11_at_6.55.10_AM/crop_002250.jpg
WhatsApp Video 2026-08-11 at 6.55.10 AM.mp4,4,Aluminium,val,2265,37.75,424,198,150,150,274,48,574,348,300,300,90.7,17.76,TRACKED,RETAINED,data/phase2_roi_crops/retained/WhatsApp_Video_2026-08-11_at_6.55.10_AM/crop_002265.jpg
WhatsApp Video 2026-08-11 at 6.55.10 AM.mp4,4,Aluminium,val,2280,38.0,424,197,150,150,274,47,574,347,300,300,95.04,19.78,TRACKED,RETAINED,data/phase2_roi_crops/retained/WhatsApp_Video_2026-08-11_at_6.55.10_AM/crop_002280.jpg
WhatsApp Video 2026-08-11 at 6.55.10 AM.mp4,4,Aluminium,val,2295,38.25,423,199,150,150,273,49,573,349,300,300,82.6,18.33,TRACKED,RETAINED,data/phase2_roi_crops/retained/WhatsApp_Video_2026-08-11_at_6.55.10_AM/crop_002295.jpg
WhatsApp Video 2026-08-11 at 6.55.13 AM (1).mp4,8,Copper,val,0,0.0,575,245,150,150,425,95,725,395,300,300,160.99,0.0,TRACKED,RETAINED,data/phase2_roi_crops/retained/WhatsApp_Video_2026-08-11_at_6.55.13_AM_(1)/crop_000000.jpg
WhatsApp Video 2026-08-11 at 6.55.13 AM (1).mp4,8,Copper,val,15,0.25,572,243,150,150,422,93,722,393,300,300,207.08,18.88,TRACKED,RETAINED,data/phase2_roi_crops/retained/WhatsApp_Video_2026-08-11_at_6.55.13_AM_(1)/crop_000015.jpg
WhatsApp Video 2026-08-11 at 6.55.13 AM (1).mp4,8,Copper,val,30,0.5,569,243,150,150,419,93,719,393,300,300,186.11,42.79,TRACKED,RETAINED,data/phase2_roi_crops/retained/WhatsApp_Video_2026-08-11_at_6.55.13_AM_(1)/crop_000030.jpg
WhatsApp Video 2026-08-11 at 6.55.13 AM (1).mp4,8,Copper,val,45,0.75,563,243,150,150,413,93,713,393,300,300,168.57,34.23,TRACKED,RETAINED,data/phase2_roi_crops/retained/WhatsApp_Video_2026-08-11_at_6.55.13_AM_(1)/crop_000045.jpg
WhatsApp Video 2026-08-11 at 6.55.13 AM (1).mp4,8,Copper,val,60,1.0,563,240,150,150,413,90,713,390,300,300,204.48,32.27,TRACKED,RETAINED,data/phase2_roi_crops/retained/WhatsApp_Video_2026-08-11_at_6.55.13_AM_(1)/crop_000060.jpg
WhatsApp Video 2026-08-11 at 6.55.13 AM (1).mp4,8,Copper,val,75,1.25,565,239,150,150,415,89,715,389,300,300,203.58,9.56,TRACKED,RETAINED,data/phase2_roi_crops/retained/WhatsApp_Video_2026-08-11_at_6.55.13_AM_(1)/crop_000075.jpg
WhatsApp Video 2026-08-11 at 6.55.13 AM (1).mp4,8,Copper,val,90,1.5,554,243,150,150,404,93,704,393,300,300,142.48,33.8,TRACKED,RETAINED,data/phase2_roi_crops/retained/WhatsApp_Video_2026-08-11_at_6.55.13_AM_(1)/crop_000090.jpg
WhatsApp Video 2026-08-11 at 6.55.13 AM (1).mp4,8,Copper,val,105,1.75,555,240,150,150,405,90,705,390,300,300,160.75,29.02,TRACKED,RETAINED,data/phase2_roi_crops/retained/WhatsApp_Video_2026-08-11_at_6.55.13_AM_(1)/crop_000105.jpg
WhatsApp Video 2026-08-11 at 6.55.13 AM (1).mp4,8,Copper,val,120,2.0,552,237,150,150,402,87,702,387,300,300,139.81,17.78,TRACKED,RETAINED,data/phase2_roi_crops/retained/WhatsApp_Video_2026-08-11_at_6.55.13_AM_(1)/crop_000120.jpg
WhatsApp Video 2026-08-11 at 6.55.13 AM (1).mp4,8,Copper,val,135,2.25,548,235,150,150,398,85,698,385,300,300,137.96,16.17,TRACKED,RETAINED,data/phase2_roi_crops/retained/WhatsApp_Video_2026-08-11_at_6.55.13_AM_(1)/crop_000135.jpg
WhatsApp Video 2026-08-11 at 6.55.13 AM (1).mp4,8,Copper,val,150,2.5,546,235,150,150,396,85,696,385,300,300,137.88,4.72,TRACKED,RETAINED,data/phase2_roi_crops/retained/WhatsApp_Video_2026-08-11_at_6.55.13_AM_(1)/crop_000150.jpg
WhatsApp Video 2026-08-11 at 6.55.13 AM (1).mp4,8,Copper,val,165,2.75,542,228,150,150,392,78,692,378,300,300,120.7,9.53,TRACKED,RETAINED,data/phase2_roi_crops/retained/WhatsApp_Video_2026-08-11_at_6.55.13_AM_(1)/crop_000165.jpg
WhatsApp Video 2026-08-11 at 6.55.13 AM (1).mp4,8,Copper,val,180,3.0,540,232,150,150,390,82,690,382,300,300,146.18,27.03,TRACKED,RETAINED,data/phase2_roi_crops/retained/WhatsApp_Video_2026-08-11_at_6.55.13_AM_(1)/crop_000180.jpg
WhatsApp Video 2026-08-11 at 6.55.13 AM (1).mp4,8,Copper,val,195,3.25,538,230,150,150,388,80,688,380,300,300,148.79,13.65,TRACKED,RETAINED,data/phase2_roi_crops/retained/WhatsApp_Video_2026-08-11_at_6.55.13_AM_(1)/crop_000195.jpg
WhatsApp Video 2026-08-11 at 6.55.13 AM (1).mp4,8,Copper,val,210,3.5,530,228,150,150,380,78,680,378,300,300,135.17,16.3,TRACKED,RETAINED,data/phase2_roi_crops/retained/WhatsApp_Video_2026-08-11_at_6.55.13_AM_(1)/crop_000210.jpg
WhatsApp Video 2026-08-11 at 6.55.13 AM (1).mp4,8,Copper,val,225,3.75,527,227,150,150,377,77,677,377,300,300,153.25,13.62,TRACKED,RETAINED,data/phase2_roi_crops/retained/WhatsApp_Video_2026-08-11_at_6.55.13_AM_(1)/crop_000225.jpg
WhatsApp Video 2026-08-11 at 6.55.13 AM (1).mp4,8,Copper,val,240,4.0,525,228,150,150,375,78,675,378,300,300,155.69,17.74,TRACKED,RETAINED,data/phase2_roi_crops/retained/WhatsApp_Video_2026-08-11_at_6.55.13_AM_(1)/crop_000240.jpg
WhatsApp Video 2026-08-11 at 6.55.13 AM (1).mp4,8,Copper,val,255,4.25,524,228,150,150,374,78,674,378,300,300,144.75,15.33,TRACKED,RETAINED,data/phase2_roi_crops/retained/WhatsApp_Video_2026-08-11_at_6.55.13_AM_(1)/crop_000255.jpg
WhatsApp Video 2026-08-11 at 6.55.13 AM (1).mp4,8,Copper,val,270,4.5,521,227,150,150,371,77,671,377,300,300,151.62,16.95,TRACKED,RETAINED,data/phase2_roi_crops/retained/WhatsApp_Video_2026-08-11_at_6.55.13_AM_(1)/crop_000270.jpg
WhatsApp Video 2026-08-11 at 6.55.13 AM (1).mp4,8,Copper,val,285,4.75,516,225,150,150,366,75,666,375,300,300,136.12,7.94,TRACKED,RETAINED,data/phase2_roi_crops/retained/WhatsApp_Video_2026-08-11_at_6.55.13_AM_(1)/crop_000285.jpg
WhatsApp Video 2026-08-11 at 6.55.13 AM (1).mp4,8,Copper,val,300,5.0,514,224,150,150,364,74,664,374,300,300,190.13,17.91,TRACKED,RETAINED,data/phase2_roi_crops/retained/WhatsApp_Video_2026-08-11_at_6.55.13_AM_(1)/crop_000300.jpg
WhatsApp Video 2026-08-11 at 6.55.13 AM (1).mp4,8,Copper,val,315,5.25,512,223,150,150,362,73,662,373,300,300,126.88,5.97,TRACKED,RETAINED,data/phase2_roi_crops/retained/WhatsApp_Video_2026-08-11_at_6.55.13_AM_(1)/crop_000315.jpg
WhatsApp Video 2026-08-11 at 6.55.13 AM (1).mp4,8,Copper,val,330,5.5,513,221,150,150,363,71,663,371,300,300,132.28,13.32,TRACKED,RETAINED,data/phase2_roi_crops/retained/WhatsApp_Video_2026-08-11_at_6.55.13_AM_(1)/crop_000330.jpg
WhatsApp Video 2026-08-11 at 6.55.13 AM (1).mp4,8,Copper,val,345,5.75,506,219,150,150,356,69,656,369,300,300,145.5,11.34,TRACKED,RETAINED,data/phase2_roi_crops/retained/WhatsApp_Video_2026-08-11_at_6.55.13_AM_(1)/crop_000345.jpg
WhatsApp Video 2026-08-11 at 6.55.13 AM (1).mp4,8,Copper,val,360,6.0,504,220,150,150,354,70,654,370,300,300,143.1,2.85,TRACKED,RETAINED,data/phase2_roi_crops/retained/WhatsApp_Video_2026-08-11_at_6.55.13_AM_(1)/crop_000360.jpg
WhatsApp Video 2026-08-11 at 6.55.13 AM (1).mp4,8,Copper,val,375,6.25,499,222,150,150,349,72,649,372,300,300,135.78,5.36,TRACKED,RETAINED,data/phase2_roi_crops/retained/WhatsApp_Video_2026-08-11_at_6.55.13_AM_(1)/crop_000375.jpg
WhatsApp Video 2026-08-11 at 6.55.13 AM (1).mp4,8,Copper,val,390,6.5,497,217,150,150,347,67,647,367,300,300,123.7,21.63,TRACKED,RETAINED,data/phase2_roi_crops/retained/WhatsApp_Video_2026-08-11_at_6.55.13_AM_(1)/crop_000390.jpg
WhatsApp Video 2026-08-11 at 6.55.13 AM (1).mp4,8,Copper,val,405,6.75,492,218,150,150,342,68,642,368,300,300,135.61,4.23,TRACKED,RETAINED,data/phase2_roi_crops/retained/WhatsApp_Video_2026-08-11_at_6.55.13_AM_(1)/crop_000405.jpg
WhatsApp Video 2026-08-11 at 6.55.13 AM (1).mp4,8,Copper,val,420,7.0,491,219,150,150,341,69,641,369,300,300,120.79,7.3,TRACKED,RETAINED,data/phase2_roi_crops/retained/WhatsApp_Video_2026-08-11_at_6.55.13_AM_(1)/crop_000420.jpg
WhatsApp Video 2026-08-11 at 6.55.13 AM (1).mp4,8,Copper,val,435,7.25,491,214,150,150,341,64,641,364,300,300,123.04,13.75,TRACKED,RETAINED,data/phase2_roi_crops/retained/WhatsApp_Video_2026-08-11_at_6.55.13_AM_(1)/crop_000435.jpg
WhatsApp Video 2026-08-11 at 6.55.13 AM (1).mp4,8,Copper,val,450,7.5,488,213,150,150,338,63,638,363,300,300,135.02,6.47,TRACKED,RETAINED,data/phase2_roi_crops/retained/WhatsApp_Video_2026-08-11_at_6.55.13_AM_(1)/crop_000450.jpg
WhatsApp Video 2026-08-11 at 6.55.13 AM (1).mp4,8,Copper,val,465,7.75,484,211,150,150,334,61,634,361,300,300,128.23,20.48,TRACKED,RETAINED,data/phase2_roi_crops/retained/WhatsApp_Video_2026-08-11_at_6.55.13_AM_(1)/crop_000465.jpg
WhatsApp Video 2026-08-11 at 6.55.13 AM (1).mp4,8,Copper,val,480,8.0,481,210,150,150,331,60,631,360,300,300,108.32,20.75,TRACKED,RETAINED,data/phase2_roi_crops/retained/WhatsApp_Video_2026-08-11_at_6.55.13_AM_(1)/crop_000480.jpg
WhatsApp Video 2026-08-11 at 6.55.13 AM (1).mp4,8,Copper,val,495,8.25,480,211,150,150,330,61,630,361,300,300,121.77,19.48,TRACKED,RETAINED,data/phase2_roi_crops/retained/WhatsApp_Video_2026-08-11_at_6.55.13_AM_(1)/crop_000495.jpg
WhatsApp Video 2026-08-11 at 6.55.13 AM (1).mp4,8,Copper,val,510,8.5,475,209,150,150,325,59,625,359,300,300,114.38,17.09,TRACKED,RETAINED,data/phase2_roi_crops/retained/WhatsApp_Video_2026-08-11_at_6.55.13_AM_(1)/crop_000510.jpg
WhatsApp Video 2026-08-11 at 6.55.13 AM (1).mp4,8,Copper,val,525,8.75,471,211,150,150,321,61,621,361,300,300,112.44,3.4,TRACKED,RETAINED,data/phase2_roi_crops/retained/WhatsApp_Video_2026-08-11_at_6.55.13_AM_(1)/crop_000525.jpg
WhatsApp Video 2026-08-11 at 6.55.13 AM (1).mp4,8,Copper,val,540,9.0,471,210,150,150,321,60,621,360,300,300,100.39,6.83,TRACKED,RETAINED,data/phase2_roi_crops/retained/WhatsApp_Video_2026-08-11_at_6.55.13_AM_(1)/crop_000540.jpg
WhatsApp Video 2026-08-11 at 6.55.13 AM (1).mp4,8,Copper,val,555,9.25,469,212,150,150,319,62,619,362,300,300,101.06,3.22,TRACKED,RETAINED,data/phase2_roi_crops/retained/WhatsApp_Video_2026-08-11_at_6.55.13_AM_(1)/crop_000555.jpg
WhatsApp Video 2026-08-11 at 6.55.13 AM (1).mp4,8,Copper,val,570,9.5,464,208,150,150,314,58,614,358,300,300,106.53,18.29,TRACKED,RETAINED,data/phase2_roi_crops/retained/WhatsApp_Video_2026-08-11_at_6.55.13_AM_(1)/crop_000570.jpg
WhatsApp Video 2026-08-11 at 6.55.13 AM (1).mp4,8,Copper,val,585,9.75,463,203,150,150,313,53,613,353,300,300,89.65,16.86,TRACKED,RETAINED,data/phase2_roi_crops/retained/WhatsApp_Video_2026-08-11_at_6.55.13_AM_(1)/crop_000585.jpg
WhatsApp Video 2026-08-11 at 6.55.13 AM (1).mp4,8,Copper,val,600,10.0,460,206,150,150,310,56,610,356,300,300,143.59,3.75,TRACKED,RETAINED,data/phase2_roi_crops/retained/WhatsApp_Video_2026-08-11_at_6.55.13_AM_(1)/crop_000600.jpg
WhatsApp Video 2026-08-11 at 6.55.13 AM (1).mp4,8,Copper,val,615,10.25,459,199,150,150,309,49,609,349,300,300,98.67,12.63,TRACKED,RETAINED,data/phase2_roi_crops/retained/WhatsApp_Video_2026-08-11_at_6.55.13_AM_(1)/crop_000615.jpg
WhatsApp Video 2026-08-11 at 6.55.13 AM (1).mp4,8,Copper,val,630,10.5,457,201,150,150,307,51,607,351,300,300,82.61,3.9,TRACKED,RETAINED,data/phase2_roi_crops/retained/WhatsApp_Video_2026-08-11_at_6.55.13_AM_(1)/crop_000630.jpg
WhatsApp Video 2026-08-11 at 6.55.13 AM (1).mp4,8,Copper,val,645,10.75,459,197,150,150,309,47,609,347,300,300,86.23,18.86,TRACKED,RETAINED,data/phase2_roi_crops/retained/WhatsApp_Video_2026-08-11_at_6.55.13_AM_(1)/crop_000645.jpg
WhatsApp Video 2026-08-11 at 6.55.13 AM (1).mp4,8,Copper,val,660,11.0,454,195,150,150,304,45,604,345,300,300,80.83,12.55,TRACKED,RETAINED,data/phase2_roi_crops/retained/WhatsApp_Video_2026-08-11_at_6.55.13_AM_(1)/crop_000660.jpg
WhatsApp Video 2026-08-11 at 6.55.13 AM (1).mp4,8,Copper,val,675,11.25,454,195,150,150,304,45,604,345,300,300,85.35,4.93,TRACKED,RETAINED,data/phase2_roi_crops/retained/WhatsApp_Video_2026-08-11_at_6.55.13_AM_(1)/crop_000675.jpg
WhatsApp Video 2026-08-11 at 6.55.13 AM (1).mp4,8,Copper,val,690,11.5,453,194,150,150,303,44,603,344,300,300,77.2,3.68,TRACKED,RETAINED,data/phase2_roi_crops/retained/WhatsApp_Video_2026-08-11_at_6.55.13_AM_(1)/crop_000690.jpg
WhatsApp Video 2026-08-11 at 6.55.13 AM (1).mp4,8,Copper,val,705,11.75,449,190,150,150,299,40,599,340,300,300,79.62,8.65,TRACKED,RETAINED,data/phase2_roi_crops/retained/WhatsApp_Video_2026-08-11_at_6.55.13_AM_(1)/crop_000705.jpg
WhatsApp Video 2026-08-11 at 6.55.13 AM (1).mp4,8,Copper,val,720,12.0,448,189,150,150,298,39,598,339,300,300,81.15,6.8,TRACKED,RETAINED,data/phase2_roi_crops/retained/WhatsApp_Video_2026-08-11_at_6.55.13_AM_(1)/crop_000720.jpg
WhatsApp Video 2026-08-11 at 6.55.13 AM (1).mp4,8,Copper,val,735,12.25,444,185,150,150,294,35,594,335,300,300,77.17,7.11,TRACKED,RETAINED,data/phase2_roi_crops/retained/WhatsApp_Video_2026-08-11_at_6.55.13_AM_(1)/crop_000735.jpg
WhatsApp Video 2026-08-11 at 6.55.13 AM (1).mp4,8,Copper,val,750,12.5,442,184,150,150,292,34,592,334,300,300,79.21,3.09,TRACKED,RETAINED,data/phase2_roi_crops/retained/WhatsApp_Video_2026-08-11_at_6.55.13_AM_(1)/crop_000750.jpg
WhatsApp Video 2026-08-11 at 6.55.13 AM (1).mp4,8,Copper,val,765,12.75,438,182,150,150,288,32,588,332,300,300,86.58,14.84,TRACKED,RETAINED,data/phase2_roi_crops/retained/WhatsApp_Video_2026-08-11_at_6.55.13_AM_(1)/crop_000765.jpg
WhatsApp Video 2026-08-11 at 6.55.13 AM (1).mp4,8,Copper,val,780,13.0,439,183,150,150,289,33,589,333,300,300,81.5,11.35,TRACKED,RETAINED,data/phase2_roi_crops/retained/WhatsApp_Video_2026-08-11_at_6.55.13_AM_(1)/crop_000780.jpg
WhatsApp Video 2026-08-11 at 6.55.13 AM (1).mp4,8,Copper,val,795,13.25,436,179,150,150,286,29,586,329,300,300,84.0,8.42,TRACKED,RETAINED,data/phase2_roi_crops/retained/WhatsApp_Video_2026-08-11_at_6.55.13_AM_(1)/crop_000795.jpg
WhatsApp Video 2026-08-11 at 6.55.13 AM (1).mp4,8,Copper,val,810,13.5,433,180,150,150,283,30,583,330,300,300,85.8,23.39,TRACKED,RETAINED,data/phase2_roi_crops/retained/WhatsApp_Video_2026-08-11_at_6.55.13_AM_(1)/crop_000810.jpg
WhatsApp Video 2026-08-11 at 6.55.13 AM (1).mp4,8,Copper,val,825,13.75,430,178,150,150,280,28,580,328,300,300,75.19,5.68,TRACKED,RETAINED,data/phase2_roi_crops/retained/WhatsApp_Video_2026-08-11_at_6.55.13_AM_(1)/crop_000825.jpg
WhatsApp Video 2026-08-11 at 6.55.13 AM (1).mp4,8,Copper,val,840,14.0,431,176,150,150,281,26,581,326,300,300,91.26,10.8,TRACKED,RETAINED,data/phase2_roi_crops/retained/WhatsApp_Video_2026-08-11_at_6.55.13_AM_(1)/crop_000840.jpg
WhatsApp Video 2026-08-11 at 6.55.13 AM (1).mp4,8,Copper,val,855,14.25,429,172,150,150,279,22,579,322,300,300,94.84,7.47,TRACKED,RETAINED,data/phase2_roi_crops/retained/WhatsApp_Video_2026-08-11_at_6.55.13_AM_(1)/crop_000855.jpg
WhatsApp Video 2026-08-11 at 6.55.13 AM (1).mp4,8,Copper,val,870,14.5,429,171,150,150,279,21,579,321,300,300,86.41,9.63,TRACKED,RETAINED,data/phase2_roi_crops/retained/WhatsApp_Video_2026-08-11_at_6.55.13_AM_(1)/crop_000870.jpg
WhatsApp Video 2026-08-11 at 6.55.13 AM (1).mp4,8,Copper,val,885,14.75,425,172,150,150,275,22,575,322,300,300,77.24,10.18,TRACKED,RETAINED,data/phase2_roi_crops/retained/WhatsApp_Video_2026-08-11_at_6.55.13_AM_(1)/crop_000885.jpg
WhatsApp Video 2026-08-11 at 6.55.13 AM (1).mp4,8,Copper,val,900,15.0,422,171,150,150,272,21,572,321,300,300,118.85,7.23,TRACKED,RETAINED,data/phase2_roi_crops/retained/WhatsApp_Video_2026-08-11_at_6.55.13_AM_(1)/crop_000900.jpg
WhatsApp Video 2026-08-11 at 6.55.13 AM (1).mp4,8,Copper,val,915,15.25,423,169,150,150,273,19,573,319,300,300,72.81,8.3,TRACKED,RETAINED,data/phase2_roi_crops/retained/WhatsApp_Video_2026-08-11_at_6.55.13_AM_(1)/crop_000915.jpg
WhatsApp Video 2026-08-11 at 6.55.13 AM (1).mp4,8,Copper,val,930,15.5,424,170,150,150,274,20,574,320,300,300,73.67,2.69,TRACKED,RETAINED,data/phase2_roi_crops/retained/WhatsApp_Video_2026-08-11_at_6.55.13_AM_(1)/crop_000930.jpg
WhatsApp Video 2026-08-11 at 6.55.13 AM (1).mp4,8,Copper,val,945,15.75,416,165,150,150,266,15,566,315,300,300,65.89,15.06,TRACKED,RETAINED,data/phase2_roi_crops/retained/WhatsApp_Video_2026-08-11_at_6.55.13_AM_(1)/crop_000945.jpg
WhatsApp Video 2026-08-11 at 6.55.13 AM (1).mp4,8,Copper,val,960,16.0,415,163,150,150,265,13,565,313,300,300,74.21,13.56,TRACKED,RETAINED,data/phase2_roi_crops/retained/WhatsApp_Video_2026-08-11_at_6.55.13_AM_(1)/crop_000960.jpg
WhatsApp Video 2026-08-11 at 6.55.13 AM (1).mp4,8,Copper,val,975,16.25,414,163,150,150,264,13,564,313,300,300,70.18,4.17,TRACKED,RETAINED,data/phase2_roi_crops/retained/WhatsApp_Video_2026-08-11_at_6.55.13_AM_(1)/crop_000975.jpg
WhatsApp Video 2026-08-11 at 6.55.13 AM (1).mp4,8,Copper,val,990,16.5,411,159,150,150,261,9,561,309,300,300,70.34,3.71,TRACKED,RETAINED,data/phase2_roi_crops/retained/WhatsApp_Video_2026-08-11_at_6.55.13_AM_(1)/crop_000990.jpg
WhatsApp Video 2026-08-11 at 6.55.13 AM (1).mp4,8,Copper,val,1005,16.75,412,161,150,150,262,11,562,311,300,300,72.86,2.06,TRACKED,RETAINED,data/phase2_roi_crops/retained/WhatsApp_Video_2026-08-11_at_6.55.13_AM_(1)/crop_001005.jpg
WhatsApp Video 2026-08-11 at 6.55.13 AM (1).mp4,8,Copper,val,1020,17.0,410,158,150,150,260,8,560,308,300,300,61.54,3.91,TRACKED,RETAINED,data/phase2_roi_crops/retained/WhatsApp_Video_2026-08-11_at_6.55.13_AM_(1)/crop_001020.jpg
WhatsApp Video 2026-08-11 at 6.55.13 AM (1).mp4,8,Copper,val,1035,17.25,409,155,150,150,259,5,559,305,300,300,67.86,3.63,TRACKED,RETAINED,data/phase2_roi_crops/retained/WhatsApp_Video_2026-08-11_at_6.55.13_AM_(1)/crop_001035.jpg
WhatsApp Video 2026-08-11 at 6.55.13 AM (1).mp4,8,Copper,val,1050,17.5,407,159,150,150,257,9,557,309,300,300,66.06,13.16,TRACKED,RETAINED,data/phase2_roi_crops/retained/WhatsApp_Video_2026-08-11_at_6.55.13_AM_(1)/crop_001050.jpg
WhatsApp Video 2026-08-11 at 6.55.13 AM (1).mp4,8,Copper,val,1065,17.75,404,165,150,150,254,15,554,315,300,300,63.85,6.47,TRACKED,RETAINED,data/phase2_roi_crops/retained/WhatsApp_Video_2026-08-11_at_6.55.13_AM_(1)/crop_001065.jpg
WhatsApp Video 2026-08-11 at 6.55.13 AM (1).mp4,8,Copper,val,1080,18.0,407,165,150,150,257,15,557,315,300,300,60.27,12.92,TRACKED,RETAINED,data/phase2_roi_crops/retained/WhatsApp_Video_2026-08-11_at_6.55.13_AM_(1)/crop_001080.jpg
WhatsApp Video 2026-08-11 at 6.55.13 AM (1).mp4,8,Copper,val,1095,18.25,413,164,150,150,263,14,563,314,300,300,61.1,4.76,TRACKED,RETAINED,data/phase2_roi_crops/retained/WhatsApp_Video_2026-08-11_at_6.55.13_AM_(1)/crop_001095.jpg
WhatsApp Video 2026-08-11 at 6.55.13 AM (1).mp4,8,Copper,val,1110,18.5,412,166,150,150,262,16,562,316,300,300,60.38,20.17,TRACKED,RETAINED,data/phase2_roi_crops/retained/WhatsApp_Video_2026-08-11_at_6.55.13_AM_(1)/crop_001110.jpg
WhatsApp Video 2026-08-11 at 6.55.13 AM (1).mp4,8,Copper,val,1125,18.75,410,167,150,150,260,17,560,317,300,300,49.68,28.12,TRACKED,RETAINED,data/phase2_roi_crops/retained/WhatsApp_Video_2026-08-11_at_6.55.13_AM_(1)/crop_001125.jpg
WhatsApp Video 2026-08-11 at 6.55.13 AM (1).mp4,8,Copper,val,1140,19.0,411,167,150,150,261,17,561,317,300,300,35.15,28.27,TRACKED,RETAINED,data/phase2_roi_crops/retained/WhatsApp_Video_2026-08-11_at_6.55.13_AM_(1)/crop_001140.jpg
WhatsApp Video 2026-08-11 at 6.55.13 AM (1).mp4,8,Copper,val,1155,19.25,413,168,150,150,263,18,563,318,300,300,43.46,7.03,TRACKED,RETAINED,data/phase2_roi_crops/retained/WhatsApp_Video_2026-08-11_at_6.55.13_AM_(1)/crop_001155.jpg
WhatsApp Video 2026-08-11 at 6.55.13 AM (1).mp4,8,Copper,val,1170,19.5,411,169,150,150,261,19,561,319,300,300,45.48,17.5,TRACKED,RETAINED,data/phase2_roi_crops/retained/WhatsApp_Video_2026-08-11_at_6.55.13_AM_(1)/crop_001170.jpg
WhatsApp Video 2026-08-11 at 6.55.13 AM (1).mp4,8,Copper,val,1185,19.75,410,167,150,150,260,17,560,317,300,300,42.92,24.23,TRACKED,RETAINED,data/phase2_roi_crops/retained/WhatsApp_Video_2026-08-11_at_6.55.13_AM_(1)/crop_001185.jpg
WhatsApp Video 2026-08-11 at 6.55.13 AM (1).mp4,8,Copper,val,1200,20.0,407,170,150,150,257,20,557,320,300,300,105.99,25.73,TRACKED,RETAINED,data/phase2_roi_crops/retained/WhatsApp_Video_2026-08-11_at_6.55.13_AM_(1)/crop_001200.jpg
WhatsApp Video 2026-08-11 at 6.55.13 AM (1).mp4,8,Copper,val,1215,20.25,410,175,150,150,260,25,560,325,300,300,68.7,26.17,TRACKED,RETAINED,data/phase2_roi_crops/retained/WhatsApp_Video_2026-08-11_at_6.55.13_AM_(1)/crop_001215.jpg
WhatsApp Video 2026-08-11 at 6.55.13 AM (1).mp4,8,Copper,val,1230,20.5,412,177,150,150,262,27,562,327,300,300,75.38,12.9,TRACKED,RETAINED,data/phase2_roi_crops/retained/WhatsApp_Video_2026-08-11_at_6.55.13_AM_(1)/crop_001230.jpg
WhatsApp Video 2026-08-11 at 6.55.13 AM (1).mp4,8,Copper,val,1245,20.75,413,178,150,150,263,28,563,328,300,300,75.48,8.68,TRACKED,RETAINED,data/phase2_roi_crops/retained/WhatsApp_Video_2026-08-11_at_6.55.13_AM_(1)/crop_001245.jpg
WhatsApp Video 2026-08-11 at 6.55.13 AM (1).mp4,8,Copper,val,1260,21.0,415,180,150,150,265,30,565,330,300,300,68.94,5.0,TRACKED,RETAINED,data/phase2_roi_crops/retained/WhatsApp_Video_2026-08-11_at_6.55.13_AM_(1)/crop_001260.jpg
WhatsApp Video 2026-08-11 at 6.55.13 AM (1).mp4,8,Copper,val,1275,21.25,411,183,150,150,261,33,561,333,300,300,56.15,10.94,TRACKED,RETAINED,data/phase2_roi_crops/retained/WhatsApp_Video_2026-08-11_at_6.55.13_AM_(1)/crop_001275.jpg
WhatsApp Video 2026-08-11 at 6.55.13 AM (1).mp4,8,Copper,val,1290,21.5,415,183,150,150,265,33,565,333,300,300,58.38,10.12,TRACKED,RETAINED,data/phase2_roi_crops/retained/WhatsApp_Video_2026-08-11_at_6.55.13_AM_(1)/crop_001290.jpg
WhatsApp Video 2026-08-11 at 6.55.13 AM (1).mp4,8,Copper,val,1305,21.75,413,185,150,150,263,35,563,335,300,300,61.45,13.08,TRACKED,RETAINED,data/phase2_roi_crops/retained/WhatsApp_Video_2026-08-11_at_6.55.13_AM_(1)/crop_001305.jpg
WhatsApp Video 2026-08-11 at 6.55.13 AM (1).mp4,8,Copper,val,1320,22.0,414,186,150,150,264,36,564,336,300,300,64.02,8.47,TRACKED,RETAINED,data/phase2_roi_crops/retained/WhatsApp_Video_2026-08-11_at_6.55.13_AM_(1)/crop_001320.jpg
WhatsApp Video 2026-08-11 at 6.55.13 AM (1).mp4,8,Copper,val,1335,22.25,414,188,150,150,264,38,564,338,300,300,60.72,4.28,TRACKED,RETAINED,data/phase2_roi_crops/retained/WhatsApp_Video_2026-08-11_at_6.55.13_AM_(1)/crop_001335.jpg
WhatsApp Video 2026-08-11 at 6.55.13 AM (1).mp4,8,Copper,val,1350,22.5,414,190,150,150,264,40,564,340,300,300,74.73,6.86,TRACKED,RETAINED,data/phase2_roi_crops/retained/WhatsApp_Video_2026-08-11_at_6.55.13_AM_(1)/crop_001350.jpg
WhatsApp Video 2026-08-11 at 6.55.13 AM (1).mp4,8,Copper,val,1365,22.75,417,190,150,150,267,40,567,340,300,300,63.81,3.93,TRACKED,RETAINED,data/phase2_roi_crops/retained/WhatsApp_Video_2026-08-11_at_6.55.13_AM_(1)/crop_001365.jpg
WhatsApp Video 2026-08-11 at 6.55.13 AM (1).mp4,8,Copper,val,1380,23.0,415,192,150,150,265,42,565,342,300,300,57.85,12.86,TRACKED,RETAINED,data/phase2_roi_crops/retained/WhatsApp_Video_2026-08-11_at_6.55.13_AM_(1)/crop_001380.jpg
WhatsApp Video 2026-08-11 at 6.55.13 AM (1).mp4,8,Copper,val,1395,23.25,417,191,150,150,267,41,567,341,300,300,72.75,6.42,TRACKED,RETAINED,data/phase2_roi_crops/retained/WhatsApp_Video_2026-08-11_at_6.55.13_AM_(1)/crop_001395.jpg
WhatsApp Video 2026-08-11 at 6.55.13 AM (1).mp4,8,Copper,val,1410,23.5,418,194,150,150,268,44,568,344,300,300,63.02,3.99,TRACKED,RETAINED,data/phase2_roi_crops/retained/WhatsApp_Video_2026-08-11_at_6.55.13_AM_(1)/crop_001410.jpg
WhatsApp Video 2026-08-11 at 6.55.13 AM (1).mp4,8,Copper,val,1425,23.75,415,198,150,150,265,48,565,348,300,300,68.06,10.22,TRACKED,RETAINED,data/phase2_roi_crops/retained/WhatsApp_Video_2026-08-11_at_6.55.13_AM_(1)/crop_001425.jpg
WhatsApp Video 2026-08-11 at 6.55.13 AM (1).mp4,8,Copper,val,1440,24.0,414,196,150,150,264,46,564,346,300,300,62.07,7.9,TRACKED,RETAINED,data/phase2_roi_crops/retained/WhatsApp_Video_2026-08-11_at_6.55.13_AM_(1)/crop_001440.jpg
WhatsApp Video 2026-08-11 at 6.55.13 AM (1).mp4,8,Copper,val,1455,24.25,416,199,150,150,266,49,566,349,300,300,70.71,12.62,TRACKED,RETAINED,data/phase2_roi_crops/retained/WhatsApp_Video_2026-08-11_at_6.55.13_AM_(1)/crop_001455.jpg
WhatsApp Video 2026-08-11 at 6.55.13 AM (1).mp4,8,Copper,val,1470,24.5,415,199,150,150,265,49,565,349,300,300,64.31,4.69,TRACKED,RETAINED,data/phase2_roi_crops/retained/WhatsApp_Video_2026-08-11_at_6.55.13_AM_(1)/crop_001470.jpg
WhatsApp Video 2026-08-11 at 6.55.13 AM (1).mp4,8,Copper,val,1485,24.75,416,202,150,150,266,52,566,352,300,300,62.42,9.16,TRACKED,RETAINED,data/phase2_roi_crops/retained/WhatsApp_Video_2026-08-11_at_6.55.13_AM_(1)/crop_001485.jpg
WhatsApp Video 2026-08-11 at 6.55.13 AM (1).mp4,8,Copper,val,1500,25.0,418,205,150,150,268,55,568,355,300,300,121.23,13.45,TRACKED,RETAINED,data/phase2_roi_crops/retained/WhatsApp_Video_2026-08-11_at_6.55.13_AM_(1)/crop_001500.jpg
WhatsApp Video 2026-08-11 at 6.55.13 AM (1).mp4,8,Copper,val,1515,25.25,415,207,150,150,265,57,565,357,300,300,87.67,4.06,TRACKED,RETAINED,data/phase2_roi_crops/retained/WhatsApp_Video_2026-08-11_at_6.55.13_AM_(1)/crop_001515.jpg
WhatsApp Video 2026-08-11 at 6.55.13 AM (1).mp4,8,Copper,val,1530,25.5,418,210,150,150,268,60,568,360,300,300,81.59,4.22,TRACKED,RETAINED,data/phase2_roi_crops/retained/WhatsApp_Video_2026-08-11_at_6.55.13_AM_(1)/crop_001530.jpg
WhatsApp Video 2026-08-11 at 6.55.13 AM (1).mp4,8,Copper,val,1545,25.75,421,207,150,150,271,57,571,357,300,300,71.11,13.38,TRACKED,RETAINED,data/phase2_roi_crops/retained/WhatsApp_Video_2026-08-11_at_6.55.13_AM_(1)/crop_001545.jpg
WhatsApp Video 2026-08-11 at 6.55.13 AM (1).mp4,8,Copper,val,1560,26.0,416,206,150,150,266,56,566,356,300,300,73.12,7.95,TRACKED,RETAINED,data/phase2_roi_crops/retained/WhatsApp_Video_2026-08-11_at_6.55.13_AM_(1)/crop_001560.jpg
WhatsApp Video 2026-08-11 at 6.55.13 AM (1).mp4,8,Copper,val,1575,26.25,415,204,150,150,265,54,565,354,300,300,63.54,4.32,TRACKED,RETAINED,data/phase2_roi_crops/retained/WhatsApp_Video_2026-08-11_at_6.55.13_AM_(1)/crop_001575.jpg
WhatsApp Video 2026-08-11 at 6.55.13 AM (1).mp4,8,Copper,val,1590,26.5,414,203,150,150,264,53,564,353,300,300,73.53,3.49,TRACKED,RETAINED,data/phase2_roi_crops/retained/WhatsApp_Video_2026-08-11_at_6.55.13_AM_(1)/crop_001590.jpg
WhatsApp Video 2026-08-11 at 6.55.13 AM (1).mp4,8,Copper,val,1605,26.75,417,204,150,150,267,54,567,354,300,300,70.14,10.87,TRACKED,RETAINED,data/phase2_roi_crops/retained/WhatsApp_Video_2026-08-11_at_6.55.13_AM_(1)/crop_001605.jpg
WhatsApp Video 2026-08-11 at 6.55.13 AM (1).mp4,8,Copper,val,1620,27.0,417,203,150,150,267,53,567,353,300,300,62.43,4.86,TRACKED,RETAINED,data/phase2_roi_crops/retained/WhatsApp_Video_2026-08-11_at_6.55.13_AM_(1)/crop_001620.jpg
WhatsApp Video 2026-08-11 at 6.55.13 AM (1).mp4,8,Copper,val,1635,27.25,418,202,150,150,268,52,568,352,300,300,71.12,4.48,TRACKED,RETAINED,data/phase2_roi_crops/retained/WhatsApp_Video_2026-08-11_at_6.55.13_AM_(1)/crop_001635.jpg
WhatsApp Video 2026-08-11 at 6.55.13 AM (1).mp4,8,Copper,val,1650,27.5,415,202,150,150,265,52,565,352,300,300,75.17,8.47,TRACKED,RETAINED,data/phase2_roi_crops/retained/WhatsApp_Video_2026-08-11_at_6.55.13_AM_(1)/crop_001650.jpg
WhatsApp Video 2026-08-11 at 6.55.13 AM (1).mp4,8,Copper,val,1665,27.75,416,203,150,150,266,53,566,353,300,300,68.85,9.43,TRACKED,RETAINED,data/phase2_roi_crops/retained/WhatsApp_Video_2026-08-11_at_6.55.13_AM_(1)/crop_001665.jpg
WhatsApp Video 2026-08-11 at 6.55.13 AM (1).mp4,8,Copper,val,1680,28.0,414,201,150,150,264,51,564,351,300,300,58.48,5.54,TRACKED,RETAINED,data/phase2_roi_crops/retained/WhatsApp_Video_2026-08-11_at_6.55.13_AM_(1)/crop_001680.jpg
WhatsApp Video 2026-08-11 at 6.55.13 AM (1).mp4,8,Copper,val,1695,28.25,415,202,150,150,265,52,565,352,300,300,61.7,9.91,TRACKED,RETAINED,data/phase2_roi_crops/retained/WhatsApp_Video_2026-08-11_at_6.55.13_AM_(1)/crop_001695.jpg
WhatsApp Video 2026-08-11 at 6.55.13 AM (1).mp4,8,Copper,val,1710,28.5,414,201,150,150,264,51,564,351,300,300,67.44,10.4,TRACKED,RETAINED,data/phase2_roi_crops/retained/WhatsApp_Video_2026-08-11_at_6.55.13_AM_(1)/crop_001710.jpg
WhatsApp Video 2026-08-11 at 6.55.13 AM (1).mp4,8,Copper,val,1725,28.75,418,202,150,150,268,52,568,352,300,300,65.72,4.21,TRACKED,RETAINED,data/phase2_roi_crops/retained/WhatsApp_Video_2026-08-11_at_6.55.13_AM_(1)/crop_001725.jpg
WhatsApp Video 2026-08-11 at 6.55.13 AM (1).mp4,8,Copper,val,1740,29.0,412,200,150,150,262,50,562,350,300,300,68.67,14.77,TRACKED,RETAINED,data/phase2_roi_crops/retained/WhatsApp_Video_2026-08-11_at_6.55.13_AM_(1)/crop_001740.jpg
WhatsApp Video 2026-08-11 at 6.55.13 AM (1).mp4,8,Copper,val,1755,29.25,414,199,150,150,264,49,564,349,300,300,61.27,5.77,TRACKED,RETAINED,data/phase2_roi_crops/retained/WhatsApp_Video_2026-08-11_at_6.55.13_AM_(1)/crop_001755.jpg
WhatsApp Video 2026-08-11 at 6.55.13 AM (1).mp4,8,Copper,val,1770,29.5,411,198,150,150,261,48,561,348,300,300,59.84,8.12,TRACKED,RETAINED,data/phase2_roi_crops/retained/WhatsApp_Video_2026-08-11_at_6.55.13_AM_(1)/crop_001770.jpg
WhatsApp Video 2026-08-11 at 6.55.13 AM (1).mp4,8,Copper,val,1785,29.75,414,198,150,150,264,48,564,348,300,300,56.54,6.92,TRACKED,RETAINED,data/phase2_roi_crops/retained/WhatsApp_Video_2026-08-11_at_6.55.13_AM_(1)/crop_001785.jpg
WhatsApp Video 2026-08-11 at 6.55.13 AM (1).mp4,8,Copper,val,1800,30.0,412,197,150,150,262,47,562,347,300,300,135.94,5.4,TRACKED,RETAINED,data/phase2_roi_crops/retained/WhatsApp_Video_2026-08-11_at_6.55.13_AM_(1)/crop_001800.jpg
WhatsApp Video 2026-08-11 at 6.55.13 AM (1).mp4,8,Copper,val,1815,30.25,412,195,150,150,262,45,562,345,300,300,82.06,6.21,TRACKED,RETAINED,data/phase2_roi_crops/retained/WhatsApp_Video_2026-08-11_at_6.55.13_AM_(1)/crop_001815.jpg
WhatsApp Video 2026-08-11 at 6.55.13 AM (1).mp4,8,Copper,val,1830,30.5,411,194,150,150,261,44,561,344,300,300,71.52,11.07,TRACKED,RETAINED,data/phase2_roi_crops/retained/WhatsApp_Video_2026-08-11_at_6.55.13_AM_(1)/crop_001830.jpg
WhatsApp Video 2026-08-11 at 6.55.13 AM (1).mp4,8,Copper,val,1845,30.75,409,196,150,150,259,46,559,346,300,300,64.49,8.52,TRACKED,RETAINED,data/phase2_roi_crops/retained/WhatsApp_Video_2026-08-11_at_6.55.13_AM_(1)/crop_001845.jpg
WhatsApp Video 2026-08-11 at 6.55.13 AM (1).mp4,8,Copper,val,1860,31.0,409,195,150,150,259,45,559,345,300,300,57.61,16.67,TRACKED,RETAINED,data/phase2_roi_crops/retained/WhatsApp_Video_2026-08-11_at_6.55.13_AM_(1)/crop_001860.jpg
WhatsApp Video 2026-08-11 at 6.55.13 AM (1).mp4,8,Copper,val,1875,31.25,409,194,150,150,259,44,559,344,300,300,59.16,7.57,TRACKED,RETAINED,data/phase2_roi_crops/retained/WhatsApp_Video_2026-08-11_at_6.55.13_AM_(1)/crop_001875.jpg
WhatsApp Video 2026-08-11 at 6.55.13 AM (1).mp4,8,Copper,val,1890,31.5,409,193,150,150,259,43,559,343,300,300,67.13,3.04,TRACKED,RETAINED,data/phase2_roi_crops/retained/WhatsApp_Video_2026-08-11_at_6.55.13_AM_(1)/crop_001890.jpg
WhatsApp Video 2026-08-11 at 6.55.13 AM (1).mp4,8,Copper,val,1905,31.75,409,193,150,150,259,43,559,343,300,300,61.76,6.54,TRACKED,RETAINED,data/phase2_roi_crops/retained/WhatsApp_Video_2026-08-11_at_6.55.13_AM_(1)/crop_001905.jpg
WhatsApp Video 2026-08-11 at 6.55.13 AM (1).mp4,8,Copper,val,1920,32.0,411,195,150,150,261,45,561,345,300,300,62.11,5.16,TRACKED,RETAINED,data/phase2_roi_crops/retained/WhatsApp_Video_2026-08-11_at_6.55.13_AM_(1)/crop_001920.jpg
WhatsApp Video 2026-08-11 at 6.55.13 AM (1).mp4,8,Copper,val,1935,32.25,413,195,150,150,263,45,563,345,300,300,70.95,4.83,TRACKED,RETAINED,data/phase2_roi_crops/retained/WhatsApp_Video_2026-08-11_at_6.55.13_AM_(1)/crop_001935.jpg
WhatsApp Video 2026-08-11 at 6.55.13 AM (1).mp4,8,Copper,val,1950,32.5,412,194,150,150,262,44,562,344,300,300,71.22,2.71,TRACKED,RETAINED,data/phase2_roi_crops/retained/WhatsApp_Video_2026-08-11_at_6.55.13_AM_(1)/crop_001950.jpg
WhatsApp Video 2026-08-11 at 6.55.13 AM (1).mp4,8,Copper,val,1965,32.75,413,192,150,150,263,42,563,342,300,300,66.21,3.82,TRACKED,RETAINED,data/phase2_roi_crops/retained/WhatsApp_Video_2026-08-11_at_6.55.13_AM_(1)/crop_001965.jpg
WhatsApp Video 2026-08-11 at 6.55.13 AM (1).mp4,8,Copper,val,1980,33.0,408,190,150,150,258,40,558,340,300,300,83.59,16.07,TRACKED,RETAINED,data/phase2_roi_crops/retained/WhatsApp_Video_2026-08-11_at_6.55.13_AM_(1)/crop_001980.jpg
WhatsApp Video 2026-08-11 at 6.55.13 AM (1).mp4,8,Copper,val,1995,33.25,407,189,150,150,257,39,557,339,300,300,79.06,7.17,TRACKED,RETAINED,data/phase2_roi_crops/retained/WhatsApp_Video_2026-08-11_at_6.55.13_AM_(1)/crop_001995.jpg
WhatsApp Video 2026-08-11 at 6.55.13 AM (1).mp4,8,Copper,val,2010,33.5,407,189,150,150,257,39,557,339,300,300,70.65,4.59,TRACKED,RETAINED,data/phase2_roi_crops/retained/WhatsApp_Video_2026-08-11_at_6.55.13_AM_(1)/crop_002010.jpg
WhatsApp Video 2026-08-11 at 6.55.13 AM (1).mp4,8,Copper,val,2025,33.75,406,190,150,150,256,40,556,340,300,300,76.64,11.55,TRACKED,RETAINED,data/phase2_roi_crops/retained/WhatsApp_Video_2026-08-11_at_6.55.13_AM_(1)/crop_002025.jpg
WhatsApp Video 2026-08-11 at 6.55.13 AM (1).mp4,8,Copper,val,2040,34.0,410,188,150,150,260,38,560,338,300,300,79.73,12.84,TRACKED,RETAINED,data/phase2_roi_crops/retained/WhatsApp_Video_2026-08-11_at_6.55.13_AM_(1)/crop_002040.jpg
WhatsApp Video 2026-08-11 at 6.55.13 AM (1).mp4,8,Copper,val,2055,34.25,407,185,150,150,257,35,557,335,300,300,76.85,7.54,TRACKED,RETAINED,data/phase2_roi_crops/retained/WhatsApp_Video_2026-08-11_at_6.55.13_AM_(1)/crop_002055.jpg
WhatsApp Video 2026-08-11 at 6.55.13 AM (1).mp4,8,Copper,val,2070,34.5,411,184,150,150,261,34,561,334,300,300,92.78,4.74,TRACKED,RETAINED,data/phase2_roi_crops/retained/WhatsApp_Video_2026-08-11_at_6.55.13_AM_(1)/crop_002070.jpg
WhatsApp Video 2026-08-11 at 6.55.09 AM.mp4,1,Aluminium,test,0,0.0,500,214,150,150,350,64,650,364,300,300,1780.92,0.0,TRACKED,RETAINED,data/phase2_roi_crops/retained/WhatsApp_Video_2026-08-11_at_6.55.09_AM/crop_000000.jpg
WhatsApp Video 2026-08-11 at 6.55.09 AM.mp4,1,Aluminium,test,15,0.25,484,216,150,150,334,66,634,366,300,300,591.86,26.38,TRACKED,RETAINED,data/phase2_roi_crops/retained/WhatsApp_Video_2026-08-11_at_6.55.09_AM/crop_000015.jpg
WhatsApp Video 2026-08-11 at 6.55.09 AM.mp4,1,Aluminium,test,30,0.5,473,219,150,150,323,69,623,369,300,300,664.18,15.41,TRACKED,RETAINED,data/phase2_roi_crops/retained/WhatsApp_Video_2026-08-11_at_6.55.09_AM/crop_000030.jpg
WhatsApp Video 2026-08-11 at 6.55.09 AM.mp4,1,Aluminium,test,45,0.75,464,224,150,150,314,74,614,374,300,300,790.83,12.93,TRACKED,RETAINED,data/phase2_roi_crops/retained/WhatsApp_Video_2026-08-11_at_6.55.09_AM/crop_000045.jpg
WhatsApp Video 2026-08-11 at 6.55.09 AM.mp4,1,Aluminium,test,60,1.0,456,225,150,150,306,75,606,375,300,300,675.63,19.47,TRACKED,RETAINED,data/phase2_roi_crops/retained/WhatsApp_Video_2026-08-11_at_6.55.09_AM/crop_000060.jpg
WhatsApp Video 2026-08-11 at 6.55.09 AM.mp4,1,Aluminium,test,75,1.25,452,226,150,150,302,76,602,376,300,300,671.78,10.01,TRACKED,RETAINED,data/phase2_roi_crops/retained/WhatsApp_Video_2026-08-11_at_6.55.09_AM/crop_000075.jpg
WhatsApp Video 2026-08-11 at 6.55.09 AM.mp4,1,Aluminium,test,90,1.5,449,224,150,150,299,74,599,374,300,300,604.35,14.16,TRACKED,RETAINED,data/phase2_roi_crops/retained/WhatsApp_Video_2026-08-11_at_6.55.09_AM/crop_000090.jpg
WhatsApp Video 2026-08-11 at 6.55.09 AM.mp4,1,Aluminium,test,105,1.75,448,221,150,150,298,71,598,371,300,300,418.18,23.32,TRACKED,RETAINED,data/phase2_roi_crops/retained/WhatsApp_Video_2026-08-11_at_6.55.09_AM/crop_000105.jpg
WhatsApp Video 2026-08-11 at 6.55.09 AM.mp4,1,Aluminium,test,120,2.0,453,223,150,150,303,73,603,373,300,300,566.69,29.01,TRACKED,RETAINED,data/phase2_roi_crops/retained/WhatsApp_Video_2026-08-11_at_6.55.09_AM/crop_000120.jpg
WhatsApp Video 2026-08-11 at 6.55.09 AM.mp4,1,Aluminium,test,135,2.25,456,216,150,150,306,66,606,366,300,300,612.04,22.55,TRACKED,RETAINED,data/phase2_roi_crops/retained/WhatsApp_Video_2026-08-11_at_6.55.09_AM/crop_000135.jpg
WhatsApp Video 2026-08-11 at 6.55.09 AM.mp4,1,Aluminium,test,150,2.5,459,215,150,150,309,65,609,365,300,300,711.03,21.95,TRACKED,RETAINED,data/phase2_roi_crops/retained/WhatsApp_Video_2026-08-11_at_6.55.09_AM/crop_000150.jpg
WhatsApp Video 2026-08-11 at 6.55.09 AM.mp4,1,Aluminium,test,165,2.75,462,218,150,150,312,68,612,368,300,300,831.41,21.99,TRACKED,RETAINED,data/phase2_roi_crops/retained/WhatsApp_Video_2026-08-11_at_6.55.09_AM/crop_000165.jpg
WhatsApp Video 2026-08-11 at 6.55.09 AM.mp4,1,Aluminium,test,180,3.0,466,213,150,150,316,63,616,363,300,300,612.82,29.23,TRACKED,RETAINED,data/phase2_roi_crops/retained/WhatsApp_Video_2026-08-11_at_6.55.09_AM/crop_000180.jpg
WhatsApp Video 2026-08-11 at 6.55.09 AM.mp4,1,Aluminium,test,195,3.25,469,213,150,150,319,63,619,363,300,300,589.08,17.2,TRACKED,RETAINED,data/phase2_roi_crops/retained/WhatsApp_Video_2026-08-11_at_6.55.09_AM/crop_000195.jpg
WhatsApp Video 2026-08-11 at 6.55.09 AM.mp4,1,Aluminium,test,210,3.5,471,208,150,150,321,58,621,358,300,300,694.38,24.39,TRACKED,RETAINED,data/phase2_roi_crops/retained/WhatsApp_Video_2026-08-11_at_6.55.09_AM/crop_000210.jpg
WhatsApp Video 2026-08-11 at 6.55.09 AM.mp4,1,Aluminium,test,225,3.75,476,208,150,150,326,58,626,358,300,300,671.22,14.17,TRACKED,RETAINED,data/phase2_roi_crops/retained/WhatsApp_Video_2026-08-11_at_6.55.09_AM/crop_000225.jpg
WhatsApp Video 2026-08-11 at 6.55.09 AM.mp4,1,Aluminium,test,240,4.0,479,208,150,150,329,58,629,358,300,300,541.48,11.23,TRACKED,RETAINED,data/phase2_roi_crops/retained/WhatsApp_Video_2026-08-11_at_6.55.09_AM/crop_000240.jpg
WhatsApp Video 2026-08-11 at 6.55.09 AM.mp4,1,Aluminium,test,255,4.25,477,203,150,150,327,53,627,353,300,300,549.36,21.23,TRACKED,RETAINED,data/phase2_roi_crops/retained/WhatsApp_Video_2026-08-11_at_6.55.09_AM/crop_000255.jpg
WhatsApp Video 2026-08-11 at 6.55.09 AM.mp4,1,Aluminium,test,270,4.5,476,206,150,150,326,56,626,356,300,300,453.36,26.96,TRACKED,RETAINED,data/phase2_roi_crops/retained/WhatsApp_Video_2026-08-11_at_6.55.09_AM/crop_000270.jpg
WhatsApp Video 2026-08-11 at 6.55.09 AM.mp4,1,Aluminium,test,285,4.75,475,208,150,150,325,58,625,358,300,300,706.95,14.01,TRACKED,RETAINED,data/phase2_roi_crops/retained/WhatsApp_Video_2026-08-11_at_6.55.09_AM/crop_000285.jpg
WhatsApp Video 2026-08-11 at 6.55.09 AM.mp4,1,Aluminium,test,300,5.0,471,210,150,150,321,60,621,360,300,300,1826.9,24.93,TRACKED,RETAINED,data/phase2_roi_crops/retained/WhatsApp_Video_2026-08-11_at_6.55.09_AM/crop_000300.jpg
WhatsApp Video 2026-08-11 at 6.55.09 AM.mp4,1,Aluminium,test,315,5.25,469,209,150,150,319,59,619,359,300,300,752.85,14.22,TRACKED,RETAINED,data/phase2_roi_crops/retained/WhatsApp_Video_2026-08-11_at_6.55.09_AM/crop_000315.jpg
WhatsApp Video 2026-08-11 at 6.55.09 AM.mp4,1,Aluminium,test,330,5.5,469,212,150,150,319,62,619,362,300,300,663.37,12.01,TRACKED,RETAINED,data/phase2_roi_crops/retained/WhatsApp_Video_2026-08-11_at_6.55.09_AM/crop_000330.jpg
WhatsApp Video 2026-08-11 at 6.55.09 AM.mp4,1,Aluminium,test,345,5.75,468,217,150,150,318,67,618,367,300,300,606.95,12.53,TRACKED,RETAINED,data/phase2_roi_crops/retained/WhatsApp_Video_2026-08-11_at_6.55.09_AM/crop_000345.jpg
WhatsApp Video 2026-08-11 at 6.55.09 AM.mp4,1,Aluminium,test,360,6.0,470,224,150,150,320,74,620,374,300,300,570.46,18.83,TRACKED,RETAINED,data/phase2_roi_crops/retained/WhatsApp_Video_2026-08-11_at_6.55.09_AM/crop_000360.jpg
WhatsApp Video 2026-08-11 at 6.55.09 AM.mp4,1,Aluminium,test,375,6.25,469,227,150,150,319,77,619,377,300,300,746.16,9.91,TRACKED,RETAINED,data/phase2_roi_crops/retained/WhatsApp_Video_2026-08-11_at_6.55.09_AM/crop_000375.jpg
WhatsApp Video 2026-08-11 at 6.55.09 AM.mp4,1,Aluminium,test,390,6.5,467,228,150,150,317,78,617,378,300,300,829.06,10.01,TRACKED,RETAINED,data/phase2_roi_crops/retained/WhatsApp_Video_2026-08-11_at_6.55.09_AM/crop_000390.jpg
WhatsApp Video 2026-08-11 at 6.55.09 AM.mp4,1,Aluminium,test,405,6.75,467,228,150,150,317,78,617,378,300,300,685.91,13.48,TRACKED,RETAINED,data/phase2_roi_crops/retained/WhatsApp_Video_2026-08-11_at_6.55.09_AM/crop_000405.jpg
WhatsApp Video 2026-08-11 at 6.55.09 AM.mp4,1,Aluminium,test,420,7.0,470,234,150,150,320,84,620,384,300,300,814.42,12.0,TRACKED,RETAINED,data/phase2_roi_crops/retained/WhatsApp_Video_2026-08-11_at_6.55.09_AM/crop_000420.jpg
WhatsApp Video 2026-08-11 at 6.55.09 AM.mp4,1,Aluminium,test,435,7.25,470,236,150,150,320,86,620,386,300,300,580.23,14.63,TRACKED,RETAINED,data/phase2_roi_crops/retained/WhatsApp_Video_2026-08-11_at_6.55.09_AM/crop_000435.jpg
WhatsApp Video 2026-08-11 at 6.55.09 AM.mp4,1,Aluminium,test,450,7.5,473,234,150,150,323,84,623,384,300,300,502.44,22.15,TRACKED,RETAINED,data/phase2_roi_crops/retained/WhatsApp_Video_2026-08-11_at_6.55.09_AM/crop_000450.jpg
WhatsApp Video 2026-08-11 at 6.55.09 AM.mp4,1,Aluminium,test,465,7.75,476,234,150,150,326,84,626,384,300,300,488.08,14.54,TRACKED,RETAINED,data/phase2_roi_crops/retained/WhatsApp_Video_2026-08-11_at_6.55.09_AM/crop_000465.jpg
WhatsApp Video 2026-08-11 at 6.55.09 AM.mp4,1,Aluminium,test,480,8.0,477,233,150,150,327,83,627,383,300,300,393.88,14.46,TRACKED,RETAINED,data/phase2_roi_crops/retained/WhatsApp_Video_2026-08-11_at_6.55.09_AM/crop_000480.jpg
WhatsApp Video 2026-08-11 at 6.55.09 AM.mp4,1,Aluminium,test,495,8.25,481,230,150,150,331,80,631,380,300,300,451.26,18.8,TRACKED,RETAINED,data/phase2_roi_crops/retained/WhatsApp_Video_2026-08-11_at_6.55.09_AM/crop_000495.jpg
WhatsApp Video 2026-08-11 at 6.55.09 AM.mp4,1,Aluminium,test,510,8.5,487,232,150,150,337,82,637,382,300,300,482.29,17.36,TRACKED,RETAINED,data/phase2_roi_crops/retained/WhatsApp_Video_2026-08-11_at_6.55.09_AM/crop_000510.jpg
WhatsApp Video 2026-08-11 at 6.55.09 AM.mp4,1,Aluminium,test,525,8.75,499,235,150,150,349,85,649,385,300,300,481.55,20.54,TRACKED,RETAINED,data/phase2_roi_crops/retained/WhatsApp_Video_2026-08-11_at_6.55.09_AM/crop_000525.jpg
WhatsApp Video 2026-08-11 at 6.55.09 AM.mp4,1,Aluminium,test,540,9.0,506,234,150,150,356,84,656,384,300,300,481.21,17.26,TRACKED,RETAINED,data/phase2_roi_crops/retained/WhatsApp_Video_2026-08-11_at_6.55.09_AM/crop_000540.jpg
WhatsApp Video 2026-08-11 at 6.55.09 AM.mp4,1,Aluminium,test,555,9.25,510,233,150,150,360,83,660,383,300,300,533.2,18.55,TRACKED,RETAINED,data/phase2_roi_crops/retained/WhatsApp_Video_2026-08-11_at_6.55.09_AM/crop_000555.jpg
WhatsApp Video 2026-08-11 at 6.55.09 AM.mp4,1,Aluminium,test,570,9.5,509,233,150,150,359,83,659,383,300,300,553.44,12.68,TRACKED,RETAINED,data/phase2_roi_crops/retained/WhatsApp_Video_2026-08-11_at_6.55.09_AM/crop_000570.jpg
WhatsApp Video 2026-08-11 at 6.55.09 AM.mp4,1,Aluminium,test,585,9.75,506,233,150,150,356,83,656,383,300,300,484.75,11.34,TRACKED,RETAINED,data/phase2_roi_crops/retained/WhatsApp_Video_2026-08-11_at_6.55.09_AM/crop_000585.jpg
WhatsApp Video 2026-08-11 at 6.55.09 AM.mp4,1,Aluminium,test,600,10.0,506,233,150,150,356,83,656,383,300,300,1898.03,11.53,TRACKED,RETAINED,data/phase2_roi_crops/retained/WhatsApp_Video_2026-08-11_at_6.55.09_AM/crop_000600.jpg
WhatsApp Video 2026-08-11 at 6.55.09 AM.mp4,1,Aluminium,test,615,10.25,505,233,150,150,355,83,655,383,300,300,900.85,12.59,TRACKED,RETAINED,data/phase2_roi_crops/retained/WhatsApp_Video_2026-08-11_at_6.55.09_AM/crop_000615.jpg
WhatsApp Video 2026-08-11 at 6.55.09 AM.mp4,1,Aluminium,test,630,10.5,505,235,150,150,355,85,655,385,300,300,560.06,8.27,TRACKED,RETAINED,data/phase2_roi_crops/retained/WhatsApp_Video_2026-08-11_at_6.55.09_AM/crop_000630.jpg
WhatsApp Video 2026-08-11 at 6.55.09 AM.mp4,1,Aluminium,test,645,10.75,503,235,150,150,353,85,653,385,300,300,480.86,10.09,TRACKED,RETAINED,data/phase2_roi_crops/retained/WhatsApp_Video_2026-08-11_at_6.55.09_AM/crop_000645.jpg
WhatsApp Video 2026-08-11 at 6.55.09 AM.mp4,1,Aluminium,test,660,11.0,496,233,150,150,346,83,646,383,300,300,611.31,12.74,TRACKED,RETAINED,data/phase2_roi_crops/retained/WhatsApp_Video_2026-08-11_at_6.55.09_AM/crop_000660.jpg
WhatsApp Video 2026-08-11 at 6.55.09 AM.mp4,1,Aluminium,test,675,11.25,486,232,150,150,336,82,636,382,300,300,816.17,16.97,TRACKED,RETAINED,data/phase2_roi_crops/retained/WhatsApp_Video_2026-08-11_at_6.55.09_AM/crop_000675.jpg
WhatsApp Video 2026-08-11 at 6.55.09 AM.mp4,1,Aluminium,test,690,11.5,477,231,150,150,327,81,627,381,300,300,920.16,16.1,TRACKED,RETAINED,data/phase2_roi_crops/retained/WhatsApp_Video_2026-08-11_at_6.55.09_AM/crop_000690.jpg
WhatsApp Video 2026-08-11 at 6.55.09 AM.mp4,1,Aluminium,test,705,11.75,470,230,150,150,320,80,620,380,300,300,686.05,14.42,TRACKED,RETAINED,data/phase2_roi_crops/retained/WhatsApp_Video_2026-08-11_at_6.55.09_AM/crop_000705.jpg
WhatsApp Video 2026-08-11 at 6.55.09 AM.mp4,1,Aluminium,test,720,12.0,468,230,150,150,318,80,618,380,300,300,563.69,9.59,TRACKED,RETAINED,data/phase2_roi_crops/retained/WhatsApp_Video_2026-08-11_at_6.55.09_AM/crop_000720.jpg
WhatsApp Video 2026-08-11 at 6.55.09 AM.mp4,1,Aluminium,test,735,12.25,467,231,150,150,317,81,617,381,300,300,527.05,8.81,TRACKED,RETAINED,data/phase2_roi_crops/retained/WhatsApp_Video_2026-08-11_at_6.55.09_AM/crop_000735.jpg
WhatsApp Video 2026-08-11 at 6.55.09 AM.mp4,1,Aluminium,test,750,12.5,463,231,150,150,313,81,613,381,300,300,531.93,9.84,TRACKED,RETAINED,data/phase2_roi_crops/retained/WhatsApp_Video_2026-08-11_at_6.55.09_AM/crop_000750.jpg
WhatsApp Video 2026-08-11 at 6.55.09 AM.mp4,1,Aluminium,test,765,12.75,458,231,150,150,308,81,608,381,300,300,544.36,8.77,TRACKED,RETAINED,data/phase2_roi_crops/retained/WhatsApp_Video_2026-08-11_at_6.55.09_AM/crop_000765.jpg
WhatsApp Video 2026-08-11 at 6.55.09 AM.mp4,1,Aluminium,test,780,13.0,453,230,150,150,303,80,603,380,300,300,516.9,10.26,TRACKED,RETAINED,data/phase2_roi_crops/retained/WhatsApp_Video_2026-08-11_at_6.55.09_AM/crop_000780.jpg
WhatsApp Video 2026-08-11 at 6.55.09 AM.mp4,1,Aluminium,test,795,13.25,448,230,150,150,298,80,598,380,300,300,501.8,10.22,TRACKED,RETAINED,data/phase2_roi_crops/retained/WhatsApp_Video_2026-08-11_at_6.55.09_AM/crop_000795.jpg
WhatsApp Video 2026-08-11 at 6.55.09 AM.mp4,1,Aluminium,test,810,13.5,446,229,150,150,296,79,596,379,300,300,546.45,11.56,TRACKED,RETAINED,data/phase2_roi_crops/retained/WhatsApp_Video_2026-08-11_at_6.55.09_AM/crop_000810.jpg
WhatsApp Video 2026-08-11 at 6.55.09 AM.mp4,1,Aluminium,test,825,13.75,442,230,150,150,292,80,592,380,300,300,518.61,9.68,TRACKED,RETAINED,data/phase2_roi_crops/retained/WhatsApp_Video_2026-08-11_at_6.55.09_AM/crop_000825.jpg
WhatsApp Video 2026-08-11 at 6.55.09 AM.mp4,1,Aluminium,test,840,14.0,438,231,150,150,288,81,588,381,300,300,512.43,9.11,TRACKED,RETAINED,data/phase2_roi_crops/retained/WhatsApp_Video_2026-08-11_at_6.55.09_AM/crop_000840.jpg
WhatsApp Video 2026-08-11 at 6.55.09 AM.mp4,1,Aluminium,test,855,14.25,433,234,150,150,283,84,583,384,300,300,597.87,14.66,TRACKED,RETAINED,data/phase2_roi_crops/retained/WhatsApp_Video_2026-08-11_at_6.55.09_AM/crop_000855.jpg
WhatsApp Video 2026-08-11 at 6.55.09 AM.mp4,1,Aluminium,test,870,14.5,430,234,150,150,280,84,580,384,300,300,553.79,9.77,TRACKED,RETAINED,data/phase2_roi_crops/retained/WhatsApp_Video_2026-08-11_at_6.55.09_AM/crop_000870.jpg
WhatsApp Video 2026-08-11 at 6.55.09 AM.mp4,1,Aluminium,test,885,14.75,427,234,150,150,277,84,577,384,300,300,546.98,9.41,TRACKED,RETAINED,data/phase2_roi_crops/retained/WhatsApp_Video_2026-08-11_at_6.55.09_AM/crop_000885.jpg
WhatsApp Video 2026-08-11 at 6.55.09 AM.mp4,1,Aluminium,test,900,15.0,424,234,150,150,274,84,574,384,300,300,1733.77,11.28,TRACKED,RETAINED,data/phase2_roi_crops/retained/WhatsApp_Video_2026-08-11_at_6.55.09_AM/crop_000900.jpg
WhatsApp Video 2026-08-11 at 6.55.09 AM.mp4,1,Aluminium,test,915,15.25,421,234,150,150,271,84,571,384,300,300,598.4,13.16,TRACKED,RETAINED,data/phase2_roi_crops/retained/WhatsApp_Video_2026-08-11_at_6.55.09_AM/crop_000915.jpg
WhatsApp Video 2026-08-11 at 6.55.09 AM.mp4,1,Aluminium,test,930,15.5,419,232,150,150,269,82,569,382,300,300,570.56,10.43,TRACKED,RETAINED,data/phase2_roi_crops/retained/WhatsApp_Video_2026-08-11_at_6.55.09_AM/crop_000930.jpg
WhatsApp Video 2026-08-11 at 6.55.09 AM.mp4,1,Aluminium,test,945,15.75,419,232,150,150,269,82,569,382,300,300,752.11,8.1,TRACKED,RETAINED,data/phase2_roi_crops/retained/WhatsApp_Video_2026-08-11_at_6.55.09_AM/crop_000945.jpg
WhatsApp Video 2026-08-11 at 6.55.09 AM.mp4,1,Aluminium,test,960,16.0,419,233,150,150,269,83,569,383,300,300,721.17,8.43,TRACKED,RETAINED,data/phase2_roi_crops/retained/WhatsApp_Video_2026-08-11_at_6.55.09_AM/crop_000960.jpg
WhatsApp Video 2026-08-11 at 6.55.09 AM.mp4,1,Aluminium,test,975,16.25,420,233,150,150,270,83,570,383,300,300,668.49,10.48,TRACKED,RETAINED,data/phase2_roi_crops/retained/WhatsApp_Video_2026-08-11_at_6.55.09_AM/crop_000975.jpg
WhatsApp Video 2026-08-11 at 6.55.09 AM.mp4,1,Aluminium,test,990,16.5,421,233,150,150,271,83,571,383,300,300,613.09,7.92,TRACKED,RETAINED,data/phase2_roi_crops/retained/WhatsApp_Video_2026-08-11_at_6.55.09_AM/crop_000990.jpg
WhatsApp Video 2026-08-11 at 6.55.09 AM.mp4,1,Aluminium,test,1005,16.75,423,233,150,150,273,83,573,383,300,300,637.77,7.56,TRACKED,RETAINED,data/phase2_roi_crops/retained/WhatsApp_Video_2026-08-11_at_6.55.09_AM/crop_001005.jpg
WhatsApp Video 2026-08-11 at 6.55.09 AM.mp4,1,Aluminium,test,1020,17.0,427,231,150,150,277,81,577,381,300,300,519.39,10.68,TRACKED,RETAINED,data/phase2_roi_crops/retained/WhatsApp_Video_2026-08-11_at_6.55.09_AM/crop_001020.jpg
WhatsApp Video 2026-08-11 at 6.55.09 AM.mp4,1,Aluminium,test,1035,17.25,430,229,150,150,280,79,580,379,300,300,556.32,13.15,TRACKED,RETAINED,data/phase2_roi_crops/retained/WhatsApp_Video_2026-08-11_at_6.55.09_AM/crop_001035.jpg
WhatsApp Video 2026-08-11 at 6.55.09 AM.mp4,1,Aluminium,test,1050,17.5,432,227,150,150,282,77,582,377,300,300,490.96,12.45,TRACKED,RETAINED,data/phase2_roi_crops/retained/WhatsApp_Video_2026-08-11_at_6.55.09_AM/crop_001050.jpg
WhatsApp Video 2026-08-11 at 6.55.09 AM.mp4,1,Aluminium,test,1065,17.75,432,229,150,150,282,79,582,379,300,300,650.21,10.3,TRACKED,RETAINED,data/phase2_roi_crops/retained/WhatsApp_Video_2026-08-11_at_6.55.09_AM/crop_001065.jpg
WhatsApp Video 2026-08-11 at 6.55.09 AM.mp4,1,Aluminium,test,1080,18.0,434,232,150,150,284,82,584,382,300,300,668.37,9.44,TRACKED,RETAINED,data/phase2_roi_crops/retained/WhatsApp_Video_2026-08-11_at_6.55.09_AM/crop_001080.jpg
WhatsApp Video 2026-08-11 at 6.55.09 AM.mp4,1,Aluminium,test,1095,18.25,435,236,150,150,285,86,585,386,300,300,508.57,10.56,TRACKED,RETAINED,data/phase2_roi_crops/retained/WhatsApp_Video_2026-08-11_at_6.55.09_AM/crop_001095.jpg
WhatsApp Video 2026-08-11 at 6.55.09 AM.mp4,1,Aluminium,test,1110,18.5,439,239,150,150,289,89,589,389,300,300,500.82,13.73,TRACKED,RETAINED,data/phase2_roi_crops/retained/WhatsApp_Video_2026-08-11_at_6.55.09_AM/crop_001110.jpg
WhatsApp Video 2026-08-11 at 6.55.09 AM.mp4,1,Aluminium,test,1125,18.75,440,239,150,150,290,89,590,389,300,300,630.7,6.65,TRACKED,RETAINED,data/phase2_roi_crops/retained/WhatsApp_Video_2026-08-11_at_6.55.09_AM/crop_001125.jpg
WhatsApp Video 2026-08-11 at 6.55.09 AM.mp4,1,Aluminium,test,1140,19.0,441,238,150,150,291,88,591,388,300,300,510.51,12.99,TRACKED,RETAINED,data/phase2_roi_crops/retained/WhatsApp_Video_2026-08-11_at_6.55.09_AM/crop_001140.jpg
WhatsApp Video 2026-08-11 at 6.55.09 AM.mp4,1,Aluminium,test,1155,19.25,445,240,150,150,295,90,595,390,300,300,641.24,14.23,TRACKED,RETAINED,data/phase2_roi_crops/retained/WhatsApp_Video_2026-08-11_at_6.55.09_AM/crop_001155.jpg
WhatsApp Video 2026-08-11 at 6.55.09 AM.mp4,1,Aluminium,test,1170,19.5,448,239,150,150,298,89,598,389,300,300,533.5,7.24,TRACKED,RETAINED,data/phase2_roi_crops/retained/WhatsApp_Video_2026-08-11_at_6.55.09_AM/crop_001170.jpg
WhatsApp Video 2026-08-11 at 6.55.09 AM.mp4,1,Aluminium,test,1185,19.75,450,238,150,150,300,88,600,388,300,300,507.46,6.24,TRACKED,RETAINED,data/phase2_roi_crops/retained/WhatsApp_Video_2026-08-11_at_6.55.09_AM/crop_001185.jpg
WhatsApp Video 2026-08-11 at 6.55.09 AM.mp4,1,Aluminium,test,1200,20.0,452,238,150,150,302,88,602,388,300,300,1731.71,11.34,TRACKED,RETAINED,data/phase2_roi_crops/retained/WhatsApp_Video_2026-08-11_at_6.55.09_AM/crop_001200.jpg
WhatsApp Video 2026-08-11 at 6.55.09 AM.mp4,1,Aluminium,test,1215,20.25,454,237,150,150,304,87,604,387,300,300,699.17,7.12,TRACKED,RETAINED,data/phase2_roi_crops/retained/WhatsApp_Video_2026-08-11_at_6.55.09_AM/crop_001215.jpg
WhatsApp Video 2026-08-11 at 6.55.09 AM.mp4,1,Aluminium,test,1230,20.5,456,237,150,150,306,87,606,387,300,300,532.82,5.87,TRACKED,RETAINED,data/phase2_roi_crops/retained/WhatsApp_Video_2026-08-11_at_6.55.09_AM/crop_001230.jpg
WhatsApp Video 2026-08-11 at 6.55.09 AM.mp4,1,Aluminium,test,1245,20.75,457,237,150,150,307,87,607,387,300,300,708.16,5.23,TRACKED,RETAINED,data/phase2_roi_crops/retained/WhatsApp_Video_2026-08-11_at_6.55.09_AM/crop_001245.jpg
WhatsApp Video 2026-08-11 at 6.55.09 AM.mp4,1,Aluminium,test,1260,21.0,458,236,150,150,308,86,608,386,300,300,699.0,8.28,TRACKED,RETAINED,data/phase2_roi_crops/retained/WhatsApp_Video_2026-08-11_at_6.55.09_AM/crop_001260.jpg
WhatsApp Video 2026-08-11 at 6.55.09 AM.mp4,1,Aluminium,test,1275,21.25,459,237,150,150,309,87,609,387,300,300,697.04,9.65,TRACKED,RETAINED,data/phase2_roi_crops/retained/WhatsApp_Video_2026-08-11_at_6.55.09_AM/crop_001275.jpg
WhatsApp Video 2026-08-11 at 6.55.09 AM.mp4,1,Aluminium,test,1290,21.5,461,237,150,150,311,87,611,387,300,300,527.98,15.34,TRACKED,RETAINED,data/phase2_roi_crops/retained/WhatsApp_Video_2026-08-11_at_6.55.09_AM/crop_001290.jpg
WhatsApp Video 2026-08-11 at 6.55.09 AM.mp4,1,Aluminium,test,1305,21.75,461,237,150,150,311,87,611,387,300,300,655.88,12.85,TRACKED,RETAINED,data/phase2_roi_crops/retained/WhatsApp_Video_2026-08-11_at_6.55.09_AM/crop_001305.jpg
WhatsApp Video 2026-08-11 at 6.55.09 AM.mp4,1,Aluminium,test,1320,22.0,462,237,150,150,312,87,612,387,300,300,593.29,10.34,TRACKED,RETAINED,data/phase2_roi_crops/retained/WhatsApp_Video_2026-08-11_at_6.55.09_AM/crop_001320.jpg
WhatsApp Video 2026-08-11 at 6.55.09 AM.mp4,1,Aluminium,test,1335,22.25,462,236,150,150,312,86,612,386,300,300,616.14,20.66,TRACKED,RETAINED,data/phase2_roi_crops/retained/WhatsApp_Video_2026-08-11_at_6.55.09_AM/crop_001335.jpg
WhatsApp Video 2026-08-11 at 6.55.09 AM.mp4,1,Aluminium,test,1350,22.5,460,237,150,150,310,87,610,387,300,300,480.91,14.52,TRACKED,RETAINED,data/phase2_roi_crops/retained/WhatsApp_Video_2026-08-11_at_6.55.09_AM/crop_001350.jpg
WhatsApp Video 2026-08-11 at 6.55.09 AM.mp4,1,Aluminium,test,1365,22.75,458,236,150,150,308,86,608,386,300,300,443.55,18.26,TRACKED,RETAINED,data/phase2_roi_crops/retained/WhatsApp_Video_2026-08-11_at_6.55.09_AM/crop_001365.jpg
WhatsApp Video 2026-08-11 at 6.55.09 AM.mp4,1,Aluminium,test,1380,23.0,456,236,150,150,306,86,606,386,300,300,357.92,10.16,TRACKED,RETAINED,data/phase2_roi_crops/retained/WhatsApp_Video_2026-08-11_at_6.55.09_AM/crop_001380.jpg
WhatsApp Video 2026-08-11 at 6.55.09 AM.mp4,1,Aluminium,test,1395,23.25,452,235,150,150,302,85,602,385,300,300,336.07,17.55,TRACKED,RETAINED,data/phase2_roi_crops/retained/WhatsApp_Video_2026-08-11_at_6.55.09_AM/crop_001395.jpg
WhatsApp Video 2026-08-11 at 6.55.09 AM.mp4,1,Aluminium,test,1410,23.5,454,230,150,150,304,80,604,380,300,300,408.25,21.26,TRACKED,RETAINED,data/phase2_roi_crops/retained/WhatsApp_Video_2026-08-11_at_6.55.09_AM/crop_001410.jpg
WhatsApp Video 2026-08-11 at 6.55.09 AM.mp4,1,Aluminium,test,1425,23.75,453,230,150,150,303,80,603,380,300,300,411.08,5.93,TRACKED,RETAINED,data/phase2_roi_crops/retained/WhatsApp_Video_2026-08-11_at_6.55.09_AM/crop_001425.jpg
WhatsApp Video 2026-08-11 at 6.55.09 AM.mp4,1,Aluminium,test,1440,24.0,453,231,150,150,303,81,603,381,300,300,387.99,7.64,TRACKED,RETAINED,data/phase2_roi_crops/retained/WhatsApp_Video_2026-08-11_at_6.55.09_AM/crop_001440.jpg
WhatsApp Video 2026-08-11 at 6.55.09 AM.mp4,1,Aluminium,test,1455,24.25,453,230,150,150,303,80,603,380,300,300,384.8,11.63,TRACKED,RETAINED,data/phase2_roi_crops/retained/WhatsApp_Video_2026-08-11_at_6.55.09_AM/crop_001455.jpg
WhatsApp Video 2026-08-11 at 6.55.09 AM.mp4,1,Aluminium,test,1470,24.5,451,229,150,150,301,79,601,379,300,300,422.71,13.77,TRACKED,RETAINED,data/phase2_roi_crops/retained/WhatsApp_Video_2026-08-11_at_6.55.09_AM/crop_001470.jpg
WhatsApp Video 2026-08-11 at 6.55.09 AM.mp4,1,Aluminium,test,1485,24.75,452,231,150,150,302,81,602,381,300,300,387.31,10.7,TRACKED,RETAINED,data/phase2_roi_crops/retained/WhatsApp_Video_2026-08-11_at_6.55.09_AM/crop_001485.jpg
WhatsApp Video 2026-08-11 at 6.55.09 AM.mp4,1,Aluminium,test,1500,25.0,453,230,150,150,303,80,603,380,300,300,1034.81,8.99,TRACKED,RETAINED,data/phase2_roi_crops/retained/WhatsApp_Video_2026-08-11_at_6.55.09_AM/crop_001500.jpg
WhatsApp Video 2026-08-11 at 6.55.09 AM.mp4,1,Aluminium,test,1515,25.25,456,228,150,150,306,78,606,378,300,300,415.3,13.2,TRACKED,RETAINED,data/phase2_roi_crops/retained/WhatsApp_Video_2026-08-11_at_6.55.09_AM/crop_001515.jpg
WhatsApp Video 2026-08-11 at 6.55.09 AM.mp4,1,Aluminium,test,1530,25.5,454,226,150,150,304,76,604,376,300,300,388.64,11.22,TRACKED,RETAINED,data/phase2_roi_crops/retained/WhatsApp_Video_2026-08-11_at_6.55.09_AM/crop_001530.jpg
WhatsApp Video 2026-08-11 at 6.55.09 AM.mp4,1,Aluminium,test,1545,25.75,455,225,150,150,305,75,605,375,300,300,307.42,6.21,TRACKED,RETAINED,data/phase2_roi_crops/retained/WhatsApp_Video_2026-08-11_at_6.55.09_AM/crop_001545.jpg
WhatsApp Video 2026-08-11 at 6.55.09 AM.mp4,1,Aluminium,test,1560,26.0,454,230,150,150,304,80,604,380,300,300,379.28,21.05,TRACKED,RETAINED,data/phase2_roi_crops/retained/WhatsApp_Video_2026-08-11_at_6.55.09_AM/crop_001560.jpg
WhatsApp Video 2026-08-11 at 6.55.09 AM.mp4,1,Aluminium,test,1575,26.25,454,230,150,150,304,80,604,380,300,300,423.81,5.95,TRACKED,RETAINED,data/phase2_roi_crops/retained/WhatsApp_Video_2026-08-11_at_6.55.09_AM/crop_001575.jpg
WhatsApp Video 2026-08-11 at 6.55.09 AM.mp4,1,Aluminium,test,1590,26.5,454,231,150,150,304,81,604,381,300,300,427.26,7.71,TRACKED,RETAINED,data/phase2_roi_crops/retained/WhatsApp_Video_2026-08-11_at_6.55.09_AM/crop_001590.jpg
WhatsApp Video 2026-08-11 at 6.55.09 AM.mp4,1,Aluminium,test,1605,26.75,454,230,150,150,304,80,604,380,300,300,418.8,7.9,TRACKED,RETAINED,data/phase2_roi_crops/retained/WhatsApp_Video_2026-08-11_at_6.55.09_AM/crop_001605.jpg
WhatsApp Video 2026-08-11 at 6.55.09 AM.mp4,1,Aluminium,test,1620,27.0,454,230,150,150,304,80,604,380,300,300,364.8,10.9,TRACKED,RETAINED,data/phase2_roi_crops/retained/WhatsApp_Video_2026-08-11_at_6.55.09_AM/crop_001620.jpg
WhatsApp Video 2026-08-11 at 6.55.09 AM.mp4,1,Aluminium,test,1635,27.25,452,229,150,150,302,79,602,379,300,300,386.13,8.57,TRACKED,RETAINED,data/phase2_roi_crops/retained/WhatsApp_Video_2026-08-11_at_6.55.09_AM/crop_001635.jpg
WhatsApp Video 2026-08-11 at 6.55.09 AM.mp4,1,Aluminium,test,1650,27.5,452,227,150,150,302,77,602,377,300,300,434.27,7.44,TRACKED,RETAINED,data/phase2_roi_crops/retained/WhatsApp_Video_2026-08-11_at_6.55.09_AM/crop_001650.jpg
WhatsApp Video 2026-08-11 at 6.55.09 AM.mp4,1,Aluminium,test,1665,27.75,452,227,150,150,302,77,602,377,300,300,542.18,5.9,TRACKED,RETAINED,data/phase2_roi_crops/retained/WhatsApp_Video_2026-08-11_at_6.55.09_AM/crop_001665.jpg
WhatsApp Video 2026-08-11 at 6.55.09 AM.mp4,1,Aluminium,test,1680,28.0,452,227,150,150,302,77,602,377,300,300,492.75,4.17,TRACKED,RETAINED,data/phase2_roi_crops/retained/WhatsApp_Video_2026-08-11_at_6.55.09_AM/crop_001680.jpg
WhatsApp Video 2026-08-11 at 6.55.09 AM.mp4,1,Aluminium,test,1695,28.25,453,228,150,150,303,78,603,378,300,300,392.35,5.0,TRACKED,RETAINED,data/phase2_roi_crops/retained/WhatsApp_Video_2026-08-11_at_6.55.09_AM/crop_001695.jpg
WhatsApp Video 2026-08-11 at 6.55.09 AM.mp4,1,Aluminium,test,1710,28.5,454,228,150,150,304,78,604,378,300,300,388.96,9.79,TRACKED,RETAINED,data/phase2_roi_crops/retained/WhatsApp_Video_2026-08-11_at_6.55.09_AM/crop_001710.jpg
WhatsApp Video 2026-08-11 at 6.55.09 AM.mp4,1,Aluminium,test,1725,28.75,454,228,150,150,304,78,604,378,300,300,356.06,7.78,TRACKED,RETAINED,data/phase2_roi_crops/retained/WhatsApp_Video_2026-08-11_at_6.55.09_AM/crop_001725.jpg
WhatsApp Video 2026-08-11 at 6.55.09 AM.mp4,1,Aluminium,test,1740,29.0,454,226,150,150,304,76,604,376,300,300,386.8,7.85,TRACKED,RETAINED,data/phase2_roi_crops/retained/WhatsApp_Video_2026-08-11_at_6.55.09_AM/crop_001740.jpg
WhatsApp Video 2026-08-11 at 6.55.09 AM.mp4,1,Aluminium,test,1755,29.25,454,226,150,150,304,76,604,376,300,300,385.05,9.19,TRACKED,RETAINED,data/phase2_roi_crops/retained/WhatsApp_Video_2026-08-11_at_6.55.09_AM/crop_001755.jpg
WhatsApp Video 2026-08-11 at 6.55.09 AM.mp4,1,Aluminium,test,1770,29.5,454,225,150,150,304,75,604,375,300,300,444.99,5.67,TRACKED,RETAINED,data/phase2_roi_crops/retained/WhatsApp_Video_2026-08-11_at_6.55.09_AM/crop_001770.jpg
WhatsApp Video 2026-08-11 at 6.55.09 AM.mp4,1,Aluminium,test,1785,29.75,454,225,150,150,304,75,604,375,300,300,406.22,7.02,TRACKED,RETAINED,data/phase2_roi_crops/retained/WhatsApp_Video_2026-08-11_at_6.55.09_AM/crop_001785.jpg
WhatsApp Video 2026-08-11 at 6.55.09 AM.mp4,1,Aluminium,test,1800,30.0,454,224,150,150,304,74,604,374,300,300,1066.61,12.51,TRACKED,RETAINED,data/phase2_roi_crops/retained/WhatsApp_Video_2026-08-11_at_6.55.09_AM/crop_001800.jpg
WhatsApp Video 2026-08-11 at 6.55.09 AM.mp4,1,Aluminium,test,1815,30.25,456,225,150,150,306,75,606,375,300,300,515.39,7.98,TRACKED,RETAINED,data/phase2_roi_crops/retained/WhatsApp_Video_2026-08-11_at_6.55.09_AM/crop_001815.jpg
WhatsApp Video 2026-08-11 at 6.55.09 AM.mp4,1,Aluminium,test,1830,30.5,456,226,150,150,306,76,606,376,300,300,451.42,5.48,TRACKED,RETAINED,data/phase2_roi_crops/retained/WhatsApp_Video_2026-08-11_at_6.55.09_AM/crop_001830.jpg
WhatsApp Video 2026-08-11 at 6.55.09 AM.mp4,1,Aluminium,test,1845,30.75,456,226,150,150,306,76,606,376,300,300,423.02,19.05,TRACKED,RETAINED,data/phase2_roi_crops/retained/WhatsApp_Video_2026-08-11_at_6.55.09_AM/crop_001845.jpg
WhatsApp Video 2026-08-11 at 6.55.09 AM.mp4,1,Aluminium,test,1860,31.0,456,226,150,150,306,76,606,376,300,300,379.2,19.22,TRACKED,RETAINED,data/phase2_roi_crops/retained/WhatsApp_Video_2026-08-11_at_6.55.09_AM/crop_001860.jpg
WhatsApp Video 2026-08-11 at 6.55.09 AM.mp4,1,Aluminium,test,1875,31.25,455,225,150,150,305,75,605,375,300,300,330.53,9.04,TRACKED,RETAINED,data/phase2_roi_crops/retained/WhatsApp_Video_2026-08-11_at_6.55.09_AM/crop_001875.jpg
WhatsApp Video 2026-08-11 at 6.55.09 AM.mp4,1,Aluminium,test,1890,31.5,453,226,150,150,303,76,603,376,300,300,381.23,29.71,TRACKED,RETAINED,data/phase2_roi_crops/retained/WhatsApp_Video_2026-08-11_at_6.55.09_AM/crop_001890.jpg
WhatsApp Video 2026-08-11 at 6.55.09 AM.mp4,1,Aluminium,test,1905,31.75,452,226,150,150,302,76,602,376,300,300,363.39,13.54,TRACKED,RETAINED,data/phase2_roi_crops/retained/WhatsApp_Video_2026-08-11_at_6.55.09_AM/crop_001905.jpg
WhatsApp Video 2026-08-11 at 6.55.09 AM.mp4,1,Aluminium,test,1920,32.0,452,226,150,150,302,76,602,376,300,300,420.87,5.57,TRACKED,RETAINED,data/phase2_roi_crops/retained/WhatsApp_Video_2026-08-11_at_6.55.09_AM/crop_001920.jpg
WhatsApp Video 2026-08-11 at 6.55.09 AM.mp4,1,Aluminium,test,1935,32.25,452,226,150,150,302,76,602,376,300,300,400.84,6.88,TRACKED,RETAINED,data/phase2_roi_crops/retained/WhatsApp_Video_2026-08-11_at_6.55.09_AM/crop_001935.jpg
WhatsApp Video 2026-08-11 at 6.55.09 AM.mp4,1,Aluminium,test,1950,32.5,453,226,150,150,303,76,603,376,300,300,370.6,7.46,TRACKED,RETAINED,data/phase2_roi_crops/retained/WhatsApp_Video_2026-08-11_at_6.55.09_AM/crop_001950.jpg
WhatsApp Video 2026-08-11 at 6.55.09 AM.mp4,1,Aluminium,test,1965,32.75,452,225,150,150,302,75,602,375,300,300,398.54,8.7,TRACKED,RETAINED,data/phase2_roi_crops/retained/WhatsApp_Video_2026-08-11_at_6.55.09_AM/crop_001965.jpg
WhatsApp Video 2026-08-11 at 6.55.09 AM.mp4,1,Aluminium,test,1980,33.0,453,225,150,150,303,75,603,375,300,300,349.88,11.12,TRACKED,RETAINED,data/phase2_roi_crops/retained/WhatsApp_Video_2026-08-11_at_6.55.09_AM/crop_001980.jpg
WhatsApp Video 2026-08-11 at 6.55.09 AM.mp4,1,Aluminium,test,1995,33.25,451,223,150,150,301,73,601,373,300,300,304.78,8.92,TRACKED,RETAINED,data/phase2_roi_crops/retained/WhatsApp_Video_2026-08-11_at_6.55.09_AM/crop_001995.jpg
WhatsApp Video 2026-08-11 at 6.55.09 AM.mp4,1,Aluminium,test,2010,33.5,451,222,150,150,301,72,601,372,300,300,366.03,6.53,TRACKED,RETAINED,data/phase2_roi_crops/retained/WhatsApp_Video_2026-08-11_at_6.55.09_AM/crop_002010.jpg
WhatsApp Video 2026-08-11 at 6.55.09 AM.mp4,1,Aluminium,test,2025,33.75,451,222,150,150,301,72,601,372,300,300,377.58,7.24,TRACKED,RETAINED,data/phase2_roi_crops/retained/WhatsApp_Video_2026-08-11_at_6.55.09_AM/crop_002025.jpg
WhatsApp Video 2026-08-11 at 6.55.09 AM.mp4,1,Aluminium,test,2040,34.0,451,223,150,150,301,73,601,373,300,300,303.34,5.84,TRACKED,RETAINED,data/phase2_roi_crops/retained/WhatsApp_Video_2026-08-11_at_6.55.09_AM/crop_002040.jpg
WhatsApp Video 2026-08-11 at 6.55.09 AM.mp4,1,Aluminium,test,2055,34.25,451,223,150,150,301,73,601,373,300,300,303.81,7.36,TRACKED,RETAINED,data/phase2_roi_crops/retained/WhatsApp_Video_2026-08-11_at_6.55.09_AM/crop_002055.jpg
WhatsApp Video 2026-08-11 at 6.55.09 AM.mp4,1,Aluminium,test,2070,34.5,451,224,150,150,301,74,601,374,300,300,348.79,5.28,TRACKED,RETAINED,data/phase2_roi_crops/retained/WhatsApp_Video_2026-08-11_at_6.55.09_AM/crop_002070.jpg
WhatsApp Video 2026-08-11 at 6.55.09 AM.mp4,1,Aluminium,test,2085,34.75,451,225,150,150,301,75,601,375,300,300,308.33,5.78,TRACKED,RETAINED,data/phase2_roi_crops/retained/WhatsApp_Video_2026-08-11_at_6.55.09_AM/crop_002085.jpg
WhatsApp Video 2026-08-11 at 6.55.09 AM.mp4,1,Aluminium,test,2100,35.0,452,222,150,150,302,72,602,372,300,300,932.07,17.82,TRACKED,RETAINED,data/phase2_roi_crops/retained/WhatsApp_Video_2026-08-11_at_6.55.09_AM/crop_002100.jpg
WhatsApp Video 2026-08-11 at 6.55.09 AM.mp4,1,Aluminium,test,2115,35.25,451,221,150,150,301,71,601,371,300,300,527.8,7.58,TRACKED,RETAINED,data/phase2_roi_crops/retained/WhatsApp_Video_2026-08-11_at_6.55.09_AM/crop_002115.jpg
WhatsApp Video 2026-08-11 at 6.55.09 AM.mp4,1,Aluminium,test,2130,35.5,451,222,150,150,301,72,601,372,300,300,427.02,7.9,TRACKED,RETAINED,data/phase2_roi_crops/retained/WhatsApp_Video_2026-08-11_at_6.55.09_AM/crop_002130.jpg
WhatsApp Video 2026-08-11 at 6.55.09 AM.mp4,1,Aluminium,test,2145,35.75,451,222,150,150,301,72,601,372,300,300,381.84,5.88,TRACKED,RETAINED,data/phase2_roi_crops/retained/WhatsApp_Video_2026-08-11_at_6.55.09_AM/crop_002145.jpg
WhatsApp Video 2026-08-11 at 6.55.09 AM.mp4,1,Aluminium,test,2160,36.0,451,221,150,150,301,71,601,371,300,300,358.09,7.35,TRACKED,RETAINED,data/phase2_roi_crops/retained/WhatsApp_Video_2026-08-11_at_6.55.09_AM/crop_002160.jpg
WhatsApp Video 2026-08-11 at 6.55.09 AM.mp4,1,Aluminium,test,2175,36.25,450,221,150,150,300,71,600,371,300,300,373.27,6.53,TRACKED,RETAINED,data/phase2_roi_crops/retained/WhatsApp_Video_2026-08-11_at_6.55.09_AM/crop_002175.jpg
WhatsApp Video 2026-08-11 at 6.55.09 AM.mp4,1,Aluminium,test,2190,36.5,451,221,150,150,301,71,601,371,300,300,353.83,7.22,TRACKED,RETAINED,data/phase2_roi_crops/retained/WhatsApp_Video_2026-08-11_at_6.55.09_AM/crop_002190.jpg
WhatsApp Video 2026-08-11 at 6.55.09 AM.mp4,1,Aluminium,test,2205,36.75,449,223,150,150,299,73,599,373,300,300,320.7,12.16,TRACKED,RETAINED,data/phase2_roi_crops/retained/WhatsApp_Video_2026-08-11_at_6.55.09_AM/crop_002205.jpg
WhatsApp Video 2026-08-11 at 6.55.09 AM.mp4,1,Aluminium,test,2220,37.0,449,224,150,150,299,74,599,374,300,300,349.95,9.29,TRACKED,RETAINED,data/phase2_roi_crops/retained/WhatsApp_Video_2026-08-11_at_6.55.09_AM/crop_002220.jpg
WhatsApp Video 2026-08-11 at 6.55.09 AM.mp4,1,Aluminium,test,2235,37.25,448,224,150,150,298,74,598,374,300,300,316.58,8.02,TRACKED,RETAINED,data/phase2_roi_crops/retained/WhatsApp_Video_2026-08-11_at_6.55.09_AM/crop_002235.jpg
WhatsApp Video 2026-08-11 at 6.55.09 AM.mp4,1,Aluminium,test,2250,37.5,447,224,150,150,297,74,597,374,300,300,327.18,5.85,TRACKED,RETAINED,data/phase2_roi_crops/retained/WhatsApp_Video_2026-08-11_at_6.55.09_AM/crop_002250.jpg
WhatsApp Video 2026-08-11 at 6.55.09 AM.mp4,1,Aluminium,test,2265,37.75,446,224,150,150,296,74,596,374,300,300,337.86,7.64,TRACKED,RETAINED,data/phase2_roi_crops/retained/WhatsApp_Video_2026-08-11_at_6.55.09_AM/crop_002265.jpg
WhatsApp Video 2026-08-11 at 6.55.09 AM.mp4,1,Aluminium,test,2280,38.0,446,223,150,150,296,73,596,373,300,300,338.99,6.92,TRACKED,RETAINED,data/phase2_roi_crops/retained/WhatsApp_Video_2026-08-11_at_6.55.09_AM/crop_002280.jpg
WhatsApp Video 2026-08-11 at 6.55.09 AM.mp4,1,Aluminium,test,2295,38.25,446,223,150,150,296,73,596,373,300,300,332.06,6.11,TRACKED,RETAINED,data/phase2_roi_crops/retained/WhatsApp_Video_2026-08-11_at_6.55.09_AM/crop_002295.jpg
WhatsApp Video 2026-08-11 at 6.55.09 AM.mp4,1,Aluminium,test,2310,38.5,446,224,150,150,296,74,596,374,300,300,351.37,9.1,TRACKED,RETAINED,data/phase2_roi_crops/retained/WhatsApp_Video_2026-08-11_at_6.55.09_AM/crop_002310.jpg
WhatsApp Video 2026-08-11 at 6.55.09 AM.mp4,1,Aluminium,test,2325,38.75,446,224,150,150,296,74,596,374,300,300,327.16,5.96,TRACKED,RETAINED,data/phase2_roi_crops/retained/WhatsApp_Video_2026-08-11_at_6.55.09_AM/crop_002325.jpg
WhatsApp Video 2026-08-11 at 6.55.09 AM.mp4,1,Aluminium,test,2340,39.0,447,224,150,150,297,74,597,374,300,300,353.89,7.39,TRACKED,RETAINED,data/phase2_roi_crops/retained/WhatsApp_Video_2026-08-11_at_6.55.09_AM/crop_002340.jpg
WhatsApp Video 2026-08-11 at 6.55.09 AM.mp4,1,Aluminium,test,2355,39.25,447,224,150,150,297,74,597,374,300,300,354.73,5.25,TRACKED,RETAINED,data/phase2_roi_crops/retained/WhatsApp_Video_2026-08-11_at_6.55.09_AM/crop_002355.jpg
WhatsApp Video 2026-08-11 at 6.55.09 AM.mp4,1,Aluminium,test,2370,39.5,447,225,150,150,297,75,597,375,300,300,371.13,7.83,TRACKED,RETAINED,data/phase2_roi_crops/retained/WhatsApp_Video_2026-08-11_at_6.55.09_AM/crop_002370.jpg
WhatsApp Video 2026-08-11 at 6.55.09 AM.mp4,1,Aluminium,test,2385,39.75,447,225,150,150,297,75,597,375,300,300,372.06,4.0,TRACKED,RETAINED,data/phase2_roi_crops/retained/WhatsApp_Video_2026-08-11_at_6.55.09_AM/crop_002385.jpg
WhatsApp Video 2026-08-11 at 6.55.09 AM.mp4,1,Aluminium,test,2400,40.0,447,225,150,150,297,75,597,375,300,300,982.46,8.1,TRACKED,RETAINED,data/phase2_roi_crops/retained/WhatsApp_Video_2026-08-11_at_6.55.09_AM/crop_002400.jpg
WhatsApp Video 2026-08-11 at 6.55.09 AM.mp4,1,Aluminium,test,2415,40.25,446,225,150,150,296,75,596,375,300,300,587.31,7.7,TRACKED,RETAINED,data/phase2_roi_crops/retained/WhatsApp_Video_2026-08-11_at_6.55.09_AM/crop_002415.jpg
WhatsApp Video 2026-08-11 at 6.55.09 AM.mp4,1,Aluminium,test,2430,40.5,446,225,150,150,296,75,596,375,300,300,431.16,7.87,TRACKED,RETAINED,data/phase2_roi_crops/retained/WhatsApp_Video_2026-08-11_at_6.55.09_AM/crop_002430.jpg
WhatsApp Video 2026-08-11 at 6.55.09 AM.mp4,1,Aluminium,test,2445,40.75,446,225,150,150,296,75,596,375,300,300,424.08,4.51,TRACKED,RETAINED,data/phase2_roi_crops/retained/WhatsApp_Video_2026-08-11_at_6.55.09_AM/crop_002445.jpg
WhatsApp Video 2026-08-11 at 6.55.09 AM.mp4,1,Aluminium,test,2460,41.0,446,225,150,150,296,75,596,375,300,300,389.87,4.88,TRACKED,RETAINED,data/phase2_roi_crops/retained/WhatsApp_Video_2026-08-11_at_6.55.09_AM/crop_002460.jpg
WhatsApp Video 2026-08-11 at 6.55.09 AM.mp4,1,Aluminium,test,2475,41.25,447,226,150,150,297,76,597,376,300,300,475.08,4.9,TRACKED,RETAINED,data/phase2_roi_crops/retained/WhatsApp_Video_2026-08-11_at_6.55.09_AM/crop_002475.jpg
WhatsApp Video 2026-08-11 at 6.55.09 AM.mp4,1,Aluminium,test,2490,41.5,448,226,150,150,298,76,598,376,300,300,557.86,7.2,TRACKED,RETAINED,data/phase2_roi_crops/retained/WhatsApp_Video_2026-08-11_at_6.55.09_AM/crop_002490.jpg
WhatsApp Video 2026-08-11 at 6.55.09 AM.mp4,1,Aluminium,test,2505,41.75,449,225,150,150,299,75,599,375,300,300,569.01,5.63,TRACKED,RETAINED,data/phase2_roi_crops/retained/WhatsApp_Video_2026-08-11_at_6.55.09_AM/crop_002505.jpg
WhatsApp Video 2026-08-11 at 6.55.13 AM (2).mp4,9,Copper,train,0,0.0,584,222,150,150,434,72,734,372,300,300,173.1,0.0,TRACKED,RETAINED,data/phase2_roi_crops/retained/WhatsApp_Video_2026-08-11_at_6.55.13_AM_(2)/crop_000000.jpg
WhatsApp Video 2026-08-11 at 6.55.13 AM (2).mp4,9,Copper,train,15,0.25,584,222,150,150,434,72,734,372,300,300,105.17,18.69,TRACKED,RETAINED,data/phase2_roi_crops/retained/WhatsApp_Video_2026-08-11_at_6.55.13_AM_(2)/crop_000015.jpg
WhatsApp Video 2026-08-11 at 6.55.13 AM (2).mp4,9,Copper,train,30,0.5,582,219,150,150,432,69,732,369,300,300,107.5,16.7,TRACKED,RETAINED,data/phase2_roi_crops/retained/WhatsApp_Video_2026-08-11_at_6.55.13_AM_(2)/crop_000030.jpg
WhatsApp Video 2026-08-11 at 6.55.13 AM (2).mp4,9,Copper,train,45,0.75,581,216,150,150,431,66,731,366,300,300,120.07,20.75,TRACKED,RETAINED,data/phase2_roi_crops/retained/WhatsApp_Video_2026-08-11_at_6.55.13_AM_(2)/crop_000045.jpg
WhatsApp Video 2026-08-11 at 6.55.13 AM (2).mp4,9,Copper,train,60,1.0,585,217,150,150,435,67,735,367,300,300,103.0,27.57,TRACKED,RETAINED,data/phase2_roi_crops/retained/WhatsApp_Video_2026-08-11_at_6.55.13_AM_(2)/crop_000060.jpg
WhatsApp Video 2026-08-11 at 6.55.13 AM (2).mp4,9,Copper,train,75,1.25,584,218,150,150,434,68,734,368,300,300,119.51,9.97,TRACKED,RETAINED,data/phase2_roi_crops/retained/WhatsApp_Video_2026-08-11_at_6.55.13_AM_(2)/crop_000075.jpg
WhatsApp Video 2026-08-11 at 6.55.13 AM (2).mp4,9,Copper,train,90,1.5,584,212,150,150,434,62,734,362,300,300,99.22,16.21,TRACKED,RETAINED,data/phase2_roi_crops/retained/WhatsApp_Video_2026-08-11_at_6.55.13_AM_(2)/crop_000090.jpg
WhatsApp Video 2026-08-11 at 6.55.13 AM (2).mp4,9,Copper,train,105,1.75,586,210,150,150,436,60,736,360,300,300,101.8,13.96,TRACKED,RETAINED,data/phase2_roi_crops/retained/WhatsApp_Video_2026-08-11_at_6.55.13_AM_(2)/crop_000105.jpg
WhatsApp Video 2026-08-11 at 6.55.13 AM (2).mp4,9,Copper,train,120,2.0,586,209,150,150,436,59,736,359,300,300,124.94,9.92,TRACKED,RETAINED,data/phase2_roi_crops/retained/WhatsApp_Video_2026-08-11_at_6.55.13_AM_(2)/crop_000120.jpg
WhatsApp Video 2026-08-11 at 6.55.13 AM (2).mp4,9,Copper,train,135,2.25,585,211,150,150,435,61,735,361,300,300,111.17,24.79,TRACKED,RETAINED,data/phase2_roi_crops/retained/WhatsApp_Video_2026-08-11_at_6.55.13_AM_(2)/crop_000135.jpg
WhatsApp Video 2026-08-11 at 6.55.13 AM (2).mp4,9,Copper,train,150,2.5,587,207,150,150,437,57,737,357,300,300,106.79,17.07,TRACKED,RETAINED,data/phase2_roi_crops/retained/WhatsApp_Video_2026-08-11_at_6.55.13_AM_(2)/crop_000150.jpg
WhatsApp Video 2026-08-11 at 6.55.13 AM (2).mp4,9,Copper,train,165,2.75,586,209,150,150,436,59,736,359,300,300,136.12,18.47,TRACKED,RETAINED,data/phase2_roi_crops/retained/WhatsApp_Video_2026-08-11_at_6.55.13_AM_(2)/crop_000165.jpg
WhatsApp Video 2026-08-11 at 6.55.13 AM (2).mp4,9,Copper,train,180,3.0,587,205,150,150,437,55,737,355,300,300,115.84,21.27,TRACKED,RETAINED,data/phase2_roi_crops/retained/WhatsApp_Video_2026-08-11_at_6.55.13_AM_(2)/crop_000180.jpg
WhatsApp Video 2026-08-11 at 6.55.13 AM (2).mp4,9,Copper,train,195,3.25,587,206,150,150,437,56,737,356,300,300,152.3,17.96,TRACKED,RETAINED,data/phase2_roi_crops/retained/WhatsApp_Video_2026-08-11_at_6.55.13_AM_(2)/crop_000195.jpg
WhatsApp Video 2026-08-11 at 6.55.13 AM (2).mp4,9,Copper,train,210,3.5,582,208,150,150,432,58,732,358,300,300,147.88,17.68,TRACKED,RETAINED,data/phase2_roi_crops/retained/WhatsApp_Video_2026-08-11_at_6.55.13_AM_(2)/crop_000210.jpg
WhatsApp Video 2026-08-11 at 6.55.13 AM (2).mp4,9,Copper,train,225,3.75,585,203,150,150,435,53,735,353,300,300,136.11,25.98,TRACKED,RETAINED,data/phase2_roi_crops/retained/WhatsApp_Video_2026-08-11_at_6.55.13_AM_(2)/crop_000225.jpg
WhatsApp Video 2026-08-11 at 6.55.13 AM (2).mp4,9,Copper,train,240,4.0,580,204,150,150,430,54,730,354,300,300,181.54,12.08,TRACKED,RETAINED,data/phase2_roi_crops/retained/WhatsApp_Video_2026-08-11_at_6.55.13_AM_(2)/crop_000240.jpg
WhatsApp Video 2026-08-11 at 6.55.13 AM (2).mp4,9,Copper,train,255,4.25,571,202,150,150,421,52,721,352,300,300,159.66,15.52,TRACKED,RETAINED,data/phase2_roi_crops/retained/WhatsApp_Video_2026-08-11_at_6.55.13_AM_(2)/crop_000255.jpg
WhatsApp Video 2026-08-11 at 6.55.13 AM (2).mp4,9,Copper,train,270,4.5,565,200,150,150,415,50,715,350,300,300,225.83,15.12,TRACKED,RETAINED,data/phase2_roi_crops/retained/WhatsApp_Video_2026-08-11_at_6.55.13_AM_(2)/crop_000270.jpg
WhatsApp Video 2026-08-11 at 6.55.13 AM (2).mp4,9,Copper,train,285,4.75,567,206,150,150,417,56,717,356,300,300,152.95,18.13,TRACKED,RETAINED,data/phase2_roi_crops/retained/WhatsApp_Video_2026-08-11_at_6.55.13_AM_(2)/crop_000285.jpg
WhatsApp Video 2026-08-11 at 6.55.13 AM (2).mp4,9,Copper,train,300,5.0,556,205,150,150,406,55,706,355,300,300,239.18,33.91,TRACKED,RETAINED,data/phase2_roi_crops/retained/WhatsApp_Video_2026-08-11_at_6.55.13_AM_(2)/crop_000300.jpg
WhatsApp Video 2026-08-11 at 6.55.13 AM (2).mp4,9,Copper,train,315,5.25,555,205,150,150,405,55,705,355,300,300,153.4,17.45,TRACKED,RETAINED,data/phase2_roi_crops/retained/WhatsApp_Video_2026-08-11_at_6.55.13_AM_(2)/crop_000315.jpg
WhatsApp Video 2026-08-11 at 6.55.13 AM (2).mp4,9,Copper,train,330,5.5,541,205,150,150,391,55,691,355,300,300,160.12,23.88,TRACKED,RETAINED,data/phase2_roi_crops/retained/WhatsApp_Video_2026-08-11_at_6.55.13_AM_(2)/crop_000330.jpg
WhatsApp Video 2026-08-11 at 6.55.13 AM (2).mp4,9,Copper,train,345,5.75,534,208,150,150,384,58,684,358,300,300,227.58,28.85,TRACKED,RETAINED,data/phase2_roi_crops/retained/WhatsApp_Video_2026-08-11_at_6.55.13_AM_(2)/crop_000345.jpg
WhatsApp Video 2026-08-11 at 6.55.13 AM (2).mp4,9,Copper,train,360,6.0,538,210,150,150,388,60,688,360,300,300,298.21,47.32,TRACKED,RETAINED,data/phase2_roi_crops/retained/WhatsApp_Video_2026-08-11_at_6.55.13_AM_(2)/crop_000360.jpg
WhatsApp Video 2026-08-11 at 6.55.13 AM (2).mp4,9,Copper,train,375,6.25,525,205,150,150,375,55,675,355,300,300,259.22,27.48,TRACKED,RETAINED,data/phase2_roi_crops/retained/WhatsApp_Video_2026-08-11_at_6.55.13_AM_(2)/crop_000375.jpg
WhatsApp Video 2026-08-11 at 6.55.13 AM (2).mp4,9,Copper,train,390,6.5,521,204,150,150,371,54,671,354,300,300,243.15,40.71,TRACKED,RETAINED,data/phase2_roi_crops/retained/WhatsApp_Video_2026-08-11_at_6.55.13_AM_(2)/crop_000390.jpg
WhatsApp Video 2026-08-11 at 6.55.13 AM (2).mp4,9,Copper,train,405,6.75,520,213,150,150,370,63,670,363,300,300,179.72,33.45,TRACKED,RETAINED,data/phase2_roi_crops/retained/WhatsApp_Video_2026-08-11_at_6.55.13_AM_(2)/crop_000405.jpg
WhatsApp Video 2026-08-11 at 6.55.13 AM (2).mp4,9,Copper,train,420,7.0,511,210,150,150,361,60,661,360,300,300,133.01,36.08,TRACKED,RETAINED,data/phase2_roi_crops/retained/WhatsApp_Video_2026-08-11_at_6.55.13_AM_(2)/crop_000420.jpg
WhatsApp Video 2026-08-11 at 6.55.13 AM (2).mp4,9,Copper,train,435,7.25,505,211,150,150,355,61,655,361,300,300,179.35,30.17,TRACKED,RETAINED,data/phase2_roi_crops/retained/WhatsApp_Video_2026-08-11_at_6.55.13_AM_(2)/crop_000435.jpg
WhatsApp Video 2026-08-11 at 6.55.13 AM (2).mp4,9,Copper,train,450,7.5,498,212,150,150,348,62,648,362,300,300,198.89,21.04,TRACKED,RETAINED,data/phase2_roi_crops/retained/WhatsApp_Video_2026-08-11_at_6.55.13_AM_(2)/crop_000450.jpg
WhatsApp Video 2026-08-11 at 6.55.13 AM (2).mp4,9,Copper,train,465,7.75,498,207,150,150,348,57,648,357,300,300,182.41,30.44,TRACKED,RETAINED,data/phase2_roi_crops/retained/WhatsApp_Video_2026-08-11_at_6.55.13_AM_(2)/crop_000465.jpg
WhatsApp Video 2026-08-11 at 6.55.13 AM (2).mp4,9,Copper,train,480,8.0,501,208,150,150,351,58,651,358,300,300,107.55,37.22,TRACKED,RETAINED,data/phase2_roi_crops/retained/WhatsApp_Video_2026-08-11_at_6.55.13_AM_(2)/crop_000480.jpg
WhatsApp Video 2026-08-11 at 6.55.13 AM (2).mp4,9,Copper,train,495,8.25,502,212,150,150,352,62,652,362,300,300,109.14,29.1,TRACKED,RETAINED,data/phase2_roi_crops/retained/WhatsApp_Video_2026-08-11_at_6.55.13_AM_(2)/crop_000495.jpg
WhatsApp Video 2026-08-11 at 6.55.13 AM (2).mp4,9,Copper,train,510,8.5,501,212,150,150,351,62,651,362,300,300,168.3,37.43,TRACKED,RETAINED,data/phase2_roi_crops/retained/WhatsApp_Video_2026-08-11_at_6.55.13_AM_(2)/crop_000510.jpg
WhatsApp Video 2026-08-11 at 6.55.13 AM (2).mp4,9,Copper,train,525,8.75,497,214,150,150,347,64,647,364,300,300,155.0,23.26,TRACKED,RETAINED,data/phase2_roi_crops/retained/WhatsApp_Video_2026-08-11_at_6.55.13_AM_(2)/crop_000525.jpg
WhatsApp Video 2026-08-11 at 6.55.13 AM (2).mp4,9,Copper,train,540,9.0,500,211,150,150,350,61,650,361,300,300,124.71,16.73,TRACKED,RETAINED,data/phase2_roi_crops/retained/WhatsApp_Video_2026-08-11_at_6.55.13_AM_(2)/crop_000540.jpg
WhatsApp Video 2026-08-11 at 6.55.13 AM (2).mp4,9,Copper,train,555,9.25,502,211,150,150,352,61,652,361,300,300,175.11,25.9,TRACKED,RETAINED,data/phase2_roi_crops/retained/WhatsApp_Video_2026-08-11_at_6.55.13_AM_(2)/crop_000555.jpg
WhatsApp Video 2026-08-11 at 6.55.13 AM (2).mp4,9,Copper,train,570,9.5,503,214,150,150,353,64,653,364,300,300,101.04,25.55,TRACKED,RETAINED,data/phase2_roi_crops/retained/WhatsApp_Video_2026-08-11_at_6.55.13_AM_(2)/crop_000570.jpg
WhatsApp Video 2026-08-11 at 6.55.13 AM (2).mp4,9,Copper,train,585,9.75,501,213,150,150,351,63,651,363,300,300,75.34,40.51,TRACKED,RETAINED,data/phase2_roi_crops/retained/WhatsApp_Video_2026-08-11_at_6.55.13_AM_(2)/crop_000585.jpg
WhatsApp Video 2026-08-11 at 6.55.13 AM (2).mp4,9,Copper,train,600,10.0,500,212,150,150,350,62,650,362,300,300,147.55,21.34,TRACKED,RETAINED,data/phase2_roi_crops/retained/WhatsApp_Video_2026-08-11_at_6.55.13_AM_(2)/crop_000600.jpg
WhatsApp Video 2026-08-11 at 6.55.13 AM (2).mp4,9,Copper,train,615,10.25,499,210,150,150,349,60,649,360,300,300,91.72,20.37,TRACKED,RETAINED,data/phase2_roi_crops/retained/WhatsApp_Video_2026-08-11_at_6.55.13_AM_(2)/crop_000615.jpg
WhatsApp Video 2026-08-11 at 6.55.13 AM (2).mp4,9,Copper,train,630,10.5,500,210,150,150,350,60,650,360,300,300,84.22,38.05,TRACKED,RETAINED,data/phase2_roi_crops/retained/WhatsApp_Video_2026-08-11_at_6.55.13_AM_(2)/crop_000630.jpg
WhatsApp Video 2026-08-11 at 6.55.13 AM (2).mp4,9,Copper,train,645,10.75,503,212,150,150,353,62,653,362,300,300,88.44,30.46,TRACKED,RETAINED,data/phase2_roi_crops/retained/WhatsApp_Video_2026-08-11_at_6.55.13_AM_(2)/crop_000645.jpg
WhatsApp Video 2026-08-11 at 6.55.13 AM (2).mp4,9,Copper,train,660,11.0,500,213,150,150,350,63,650,363,300,300,123.37,34.22,TRACKED,RETAINED,data/phase2_roi_crops/retained/WhatsApp_Video_2026-08-11_at_6.55.13_AM_(2)/crop_000660.jpg
WhatsApp Video 2026-08-11 at 6.55.13 AM (2).mp4,9,Copper,train,675,11.25,503,208,150,150,353,58,653,358,300,300,124.4,22.09,TRACKED,RETAINED,data/phase2_roi_crops/retained/WhatsApp_Video_2026-08-11_at_6.55.13_AM_(2)/crop_000675.jpg
WhatsApp Video 2026-08-11 at 6.55.13 AM (2).mp4,9,Copper,train,690,11.5,502,217,150,150,352,67,652,367,300,300,133.63,52.12,TRACKED,RETAINED,data/phase2_roi_crops/retained/WhatsApp_Video_2026-08-11_at_6.55.13_AM_(2)/crop_000690.jpg
WhatsApp Video 2026-08-11 at 6.55.13 AM (2).mp4,9,Copper,train,705,11.75,501,227,150,150,351,77,651,377,300,300,172.74,23.42,TRACKED,RETAINED,data/phase2_roi_crops/retained/WhatsApp_Video_2026-08-11_at_6.55.13_AM_(2)/crop_000705.jpg
WhatsApp Video 2026-08-11 at 6.55.13 AM (2).mp4,9,Copper,train,720,12.0,505,227,150,150,355,77,655,377,300,300,199.38,45.21,TRACKED,RETAINED,data/phase2_roi_crops/retained/WhatsApp_Video_2026-08-11_at_6.55.13_AM_(2)/crop_000720.jpg
WhatsApp Video 2026-08-11 at 6.55.13 AM (2).mp4,9,Copper,train,735,12.25,502,231,150,150,352,81,652,381,300,300,185.06,27.58,TRACKED,RETAINED,data/phase2_roi_crops/retained/WhatsApp_Video_2026-08-11_at_6.55.13_AM_(2)/crop_000735.jpg
WhatsApp Video 2026-08-11 at 6.55.13 AM (2).mp4,9,Copper,train,750,12.5,507,235,150,150,357,85,657,385,300,300,227.5,37.53,TRACKED,RETAINED,data/phase2_roi_crops/retained/WhatsApp_Video_2026-08-11_at_6.55.13_AM_(2)/crop_000750.jpg
WhatsApp Video 2026-08-11 at 6.55.13 AM (2).mp4,9,Copper,train,765,12.75,509,240,150,150,359,90,659,390,300,300,232.52,27.9,TRACKED,RETAINED,data/phase2_roi_crops/retained/WhatsApp_Video_2026-08-11_at_6.55.13_AM_(2)/crop_000765.jpg
WhatsApp Video 2026-08-11 at 6.55.13 AM (2).mp4,9,Copper,train,780,13.0,512,247,150,150,362,97,662,397,300,300,258.71,6.75,TRACKED,RETAINED,data/phase2_roi_crops/retained/WhatsApp_Video_2026-08-11_at_6.55.13_AM_(2)/crop_000780.jpg
WhatsApp Video 2026-08-11 at 6.55.13 AM (2).mp4,9,Copper,train,795,13.25,514,252,150,150,364,102,664,402,300,300,221.89,29.58,TRACKED,RETAINED,data/phase2_roi_crops/retained/WhatsApp_Video_2026-08-11_at_6.55.13_AM_(2)/crop_000795.jpg
WhatsApp Video 2026-08-11 at 6.55.13 AM (2).mp4,9,Copper,train,810,13.5,517,261,150,150,367,111,667,411,300,300,215.48,26.93,TRACKED,RETAINED,data/phase2_roi_crops/retained/WhatsApp_Video_2026-08-11_at_6.55.13_AM_(2)/crop_000810.jpg
WhatsApp Video 2026-08-11 at 6.55.13 AM (2).mp4,9,Copper,train,825,13.75,518,265,150,150,368,115,668,415,300,300,223.54,28.71,TRACKED,RETAINED,data/phase2_roi_crops/retained/WhatsApp_Video_2026-08-11_at_6.55.13_AM_(2)/crop_000825.jpg
WhatsApp Video 2026-08-11 at 6.55.13 AM (2).mp4,9,Copper,train,840,14.0,519,267,150,150,369,117,669,417,300,300,183.69,29.1,TRACKED,RETAINED,data/phase2_roi_crops/retained/WhatsApp_Video_2026-08-11_at_6.55.13_AM_(2)/crop_000840.jpg
WhatsApp Video 2026-08-11 at 6.55.13 AM (2).mp4,9,Copper,train,855,14.25,521,273,150,150,371,123,671,423,300,300,213.01,10.54,TRACKED,RETAINED,data/phase2_roi_crops/retained/WhatsApp_Video_2026-08-11_at_6.55.13_AM_(2)/crop_000855.jpg
WhatsApp Video 2026-08-11 at 6.55.13 AM (2).mp4,9,Copper,train,870,14.5,524,274,150,150,374,124,674,424,300,300,236.61,12.19,TRACKED,RETAINED,data/phase2_roi_crops/retained/WhatsApp_Video_2026-08-11_at_6.55.13_AM_(2)/crop_000870.jpg
WhatsApp Video 2026-08-11 at 6.55.13 AM (2).mp4,9,Copper,train,885,14.75,527,281,150,150,377,131,677,431,300,300,228.42,7.73,TRACKED,RETAINED,data/phase2_roi_crops/retained/WhatsApp_Video_2026-08-11_at_6.55.13_AM_(2)/crop_000885.jpg
WhatsApp Video 2026-08-11 at 6.55.14 AM (1).mp4,11,Copper,train,0,0.0,568,201,150,150,418,51,718,351,300,300,163.24,0.0,TRACKED,RETAINED,data/phase2_roi_crops/retained/WhatsApp_Video_2026-08-11_at_6.55.14_AM_(1)/crop_000000.jpg
WhatsApp Video 2026-08-11 at 6.55.14 AM (1).mp4,11,Copper,train,15,0.25,574,198,150,150,424,48,724,348,300,300,118.59,5.0,TRACKED,RETAINED,data/phase2_roi_crops/retained/WhatsApp_Video_2026-08-11_at_6.55.14_AM_(1)/crop_000015.jpg
WhatsApp Video 2026-08-11 at 6.55.14 AM (1).mp4,11,Copper,train,30,0.5,575,198,150,150,425,48,725,348,300,300,101.78,18.52,TRACKED,RETAINED,data/phase2_roi_crops/retained/WhatsApp_Video_2026-08-11_at_6.55.14_AM_(1)/crop_000030.jpg
WhatsApp Video 2026-08-11 at 6.55.14 AM (1).mp4,11,Copper,train,45,0.75,574,201,150,150,424,51,724,351,300,300,98.34,25.91,TRACKED,RETAINED,data/phase2_roi_crops/retained/WhatsApp_Video_2026-08-11_at_6.55.14_AM_(1)/crop_000045.jpg
WhatsApp Video 2026-08-11 at 6.55.14 AM (1).mp4,11,Copper,train,60,1.0,577,196,150,150,427,46,727,346,300,300,109.89,25.65,TRACKED,RETAINED,data/phase2_roi_crops/retained/WhatsApp_Video_2026-08-11_at_6.55.14_AM_(1)/crop_000060.jpg
WhatsApp Video 2026-08-11 at 6.55.14 AM (1).mp4,11,Copper,train,75,1.25,578,200,150,150,428,50,728,350,300,300,160.15,18.82,TRACKED,RETAINED,data/phase2_roi_crops/retained/WhatsApp_Video_2026-08-11_at_6.55.14_AM_(1)/crop_000075.jpg
WhatsApp Video 2026-08-11 at 6.55.14 AM (1).mp4,11,Copper,train,90,1.5,576,199,150,150,426,49,726,349,300,300,152.77,13.74,TRACKED,RETAINED,data/phase2_roi_crops/retained/WhatsApp_Video_2026-08-11_at_6.55.14_AM_(1)/crop_000090.jpg
WhatsApp Video 2026-08-11 at 6.55.14 AM (1).mp4,11,Copper,train,105,1.75,579,203,150,150,429,53,729,353,300,300,189.51,16.08,TRACKED,RETAINED,data/phase2_roi_crops/retained/WhatsApp_Video_2026-08-11_at_6.55.14_AM_(1)/crop_000105.jpg
WhatsApp Video 2026-08-11 at 6.55.14 AM (1).mp4,11,Copper,train,120,2.0,585,201,150,150,435,51,735,351,300,300,143.92,35.03,TRACKED,RETAINED,data/phase2_roi_crops/retained/WhatsApp_Video_2026-08-11_at_6.55.14_AM_(1)/crop_000120.jpg
WhatsApp Video 2026-08-11 at 6.55.14 AM (1).mp4,11,Copper,train,135,2.25,586,202,150,150,436,52,736,352,300,300,127.01,27.58,TRACKED,RETAINED,data/phase2_roi_crops/retained/WhatsApp_Video_2026-08-11_at_6.55.14_AM_(1)/crop_000135.jpg
WhatsApp Video 2026-08-11 at 6.55.14 AM (1).mp4,11,Copper,train,150,2.5,591,202,150,150,441,52,741,352,300,300,117.87,23.32,TRACKED,RETAINED,data/phase2_roi_crops/retained/WhatsApp_Video_2026-08-11_at_6.55.14_AM_(1)/crop_000150.jpg
WhatsApp Video 2026-08-11 at 6.55.14 AM (1).mp4,11,Copper,train,165,2.75,588,201,150,150,438,51,738,351,300,300,99.61,9.22,TRACKED,RETAINED,data/phase2_roi_crops/retained/WhatsApp_Video_2026-08-11_at_6.55.14_AM_(1)/crop_000165.jpg
WhatsApp Video 2026-08-11 at 6.55.14 AM (1).mp4,11,Copper,train,180,3.0,594,198,150,150,444,48,744,348,300,300,115.2,18.53,TRACKED,RETAINED,data/phase2_roi_crops/retained/WhatsApp_Video_2026-08-11_at_6.55.14_AM_(1)/crop_000180.jpg
WhatsApp Video 2026-08-11 at 6.55.14 AM (1).mp4,11,Copper,train,195,3.25,596,198,150,150,446,48,746,348,300,300,113.71,20.88,TRACKED,RETAINED,data/phase2_roi_crops/retained/WhatsApp_Video_2026-08-11_at_6.55.14_AM_(1)/crop_000195.jpg
WhatsApp Video 2026-08-11 at 6.55.14 AM (1).mp4,11,Copper,train,210,3.5,606,205,150,150,456,55,756,355,300,300,104.74,15.52,TRACKED,RETAINED,data/phase2_roi_crops/retained/WhatsApp_Video_2026-08-11_at_6.55.14_AM_(1)/crop_000210.jpg
WhatsApp Video 2026-08-11 at 6.55.14 AM (1).mp4,11,Copper,train,225,3.75,606,202,150,150,456,52,756,352,300,300,118.06,9.45,TRACKED,RETAINED,data/phase2_roi_crops/retained/WhatsApp_Video_2026-08-11_at_6.55.14_AM_(1)/crop_000225.jpg
WhatsApp Video 2026-08-11 at 6.55.14 AM (1).mp4,11,Copper,train,240,4.0,612,209,150,150,462,59,762,359,300,300,107.17,22.48,TRACKED,RETAINED,data/phase2_roi_crops/retained/WhatsApp_Video_2026-08-11_at_6.55.14_AM_(1)/crop_000240.jpg
WhatsApp Video 2026-08-11 at 6.55.14 AM (1).mp4,11,Copper,train,255,4.25,620,209,150,150,470,59,770,359,300,300,114.71,18.14,TRACKED,RETAINED,data/phase2_roi_crops/retained/WhatsApp_Video_2026-08-11_at_6.55.14_AM_(1)/crop_000255.jpg
WhatsApp Video 2026-08-11 at 6.55.14 AM (1).mp4,11,Copper,train,270,4.5,629,215,150,150,479,65,779,365,300,300,122.14,16.95,TRACKED,RETAINED,data/phase2_roi_crops/retained/WhatsApp_Video_2026-08-11_at_6.55.14_AM_(1)/crop_000270.jpg
WhatsApp Video 2026-08-11 at 6.55.14 AM (1).mp4,11,Copper,train,285,4.75,635,216,150,150,485,66,785,366,300,300,115.08,5.49,TRACKED,RETAINED,data/phase2_roi_crops/retained/WhatsApp_Video_2026-08-11_at_6.55.14_AM_(1)/crop_000285.jpg
WhatsApp Video 2026-08-11 at 6.55.14 AM (1).mp4,11,Copper,train,300,5.0,637,219,150,150,487,69,787,369,300,300,182.85,12.4,TRACKED,RETAINED,data/phase2_roi_crops/retained/WhatsApp_Video_2026-08-11_at_6.55.14_AM_(1)/crop_000300.jpg
WhatsApp Video 2026-08-11 at 6.55.14 AM (1).mp4,11,Copper,train,315,5.25,645,226,150,150,495,76,795,376,300,300,143.54,22.37,TRACKED,RETAINED,data/phase2_roi_crops/retained/WhatsApp_Video_2026-08-11_at_6.55.14_AM_(1)/crop_000315.jpg
WhatsApp Video 2026-08-11 at 6.55.14 AM (1).mp4,11,Copper,train,330,5.5,656,228,150,150,506,78,806,378,300,300,96.78,26.85,TRACKED,RETAINED,data/phase2_roi_crops/retained/WhatsApp_Video_2026-08-11_at_6.55.14_AM_(1)/crop_000330.jpg
WhatsApp Video 2026-08-11 at 6.55.14 AM (1).mp4,11,Copper,train,345,5.75,662,228,150,150,512,78,812,378,300,300,89.21,37.29,TRACKED,RETAINED,data/phase2_roi_crops/retained/WhatsApp_Video_2026-08-11_at_6.55.14_AM_(1)/crop_000345.jpg
WhatsApp Video 2026-08-11 at 6.55.14 AM (1).mp4,11,Copper,train,360,6.0,666,233,150,150,516,83,816,383,300,300,105.62,22.87,TRACKED,RETAINED,data/phase2_roi_crops/retained/WhatsApp_Video_2026-08-11_at_6.55.14_AM_(1)/crop_000360.jpg
WhatsApp Video 2026-08-11 at 6.55.14 AM (1).mp4,11,Copper,train,375,6.25,672,236,150,150,522,86,822,386,300,300,100.11,27.21,TRACKED,RETAINED,data/phase2_roi_crops/retained/WhatsApp_Video_2026-08-11_at_6.55.14_AM_(1)/crop_000375.jpg
WhatsApp Video 2026-08-11 at 6.55.14 AM (1).mp4,11,Copper,train,390,6.5,677,239,150,150,527,89,827,389,300,300,94.84,24.16,TRACKED,RETAINED,data/phase2_roi_crops/retained/WhatsApp_Video_2026-08-11_at_6.55.14_AM_(1)/crop_000390.jpg
WhatsApp Video 2026-08-11 at 6.55.14 AM (1).mp4,11,Copper,train,405,6.75,676,243,150,150,526,93,826,393,300,300,80.75,27.87,TRACKED,RETAINED,data/phase2_roi_crops/retained/WhatsApp_Video_2026-08-11_at_6.55.14_AM_(1)/crop_000405.jpg
WhatsApp Video 2026-08-11 at 6.55.14 AM (1).mp4,11,Copper,train,420,7.0,666,239,150,150,516,89,816,389,300,300,84.06,24.87,TRACKED,RETAINED,data/phase2_roi_crops/retained/WhatsApp_Video_2026-08-11_at_6.55.14_AM_(1)/crop_000420.jpg
WhatsApp Video 2026-08-11 at 6.55.14 AM (1).mp4,11,Copper,train,435,7.25,654,235,150,150,504,85,804,385,300,300,69.62,30.98,TRACKED,RETAINED,data/phase2_roi_crops/retained/WhatsApp_Video_2026-08-11_at_6.55.14_AM_(1)/crop_000435.jpg
WhatsApp Video 2026-08-11 at 6.55.14 AM (1).mp4,11,Copper,train,450,7.5,649,232,150,150,499,82,799,382,300,300,64.31,38.41,TRACKED,RETAINED,data/phase2_roi_crops/retained/WhatsApp_Video_2026-08-11_at_6.55.14_AM_(1)/crop_000450.jpg
WhatsApp Video 2026-08-11 at 6.55.14 AM (1).mp4,11,Copper,train,465,7.75,640,231,150,150,490,81,790,381,300,300,49.02,45.85,TRACKED,RETAINED,data/phase2_roi_crops/retained/WhatsApp_Video_2026-08-11_at_6.55.14_AM_(1)/crop_000465.jpg
WhatsApp Video 2026-08-11 at 6.55.14 AM (1).mp4,11,Copper,train,480,8.0,631,229,150,150,481,79,781,379,300,300,25.36,55.54,TRACKED,RETAINED,data/phase2_roi_crops/retained/WhatsApp_Video_2026-08-11_at_6.55.14_AM_(1)/crop_000480.jpg
WhatsApp Video 2026-08-11 at 6.55.14 AM (1).mp4,11,Copper,train,495,8.25,621,227,150,150,471,77,771,377,300,300,27.26,53.44,TRACKED,RETAINED,data/phase2_roi_crops/retained/WhatsApp_Video_2026-08-11_at_6.55.14_AM_(1)/crop_000495.jpg
WhatsApp Video 2026-08-11 at 6.55.14 AM (1).mp4,11,Copper,train,510,8.5,616,225,150,150,466,75,766,375,300,300,78.32,48.4,TRACKED,RETAINED,data/phase2_roi_crops/retained/WhatsApp_Video_2026-08-11_at_6.55.14_AM_(1)/crop_000510.jpg
WhatsApp Video 2026-08-11 at 6.55.14 AM (1).mp4,11,Copper,train,525,8.75,602,226,150,150,452,76,752,376,300,300,60.77,31.81,TRACKED,RETAINED,data/phase2_roi_crops/retained/WhatsApp_Video_2026-08-11_at_6.55.14_AM_(1)/crop_000525.jpg
WhatsApp Video 2026-08-11 at 6.55.14 AM (1).mp4,11,Copper,train,540,9.0,596,218,150,150,446,68,746,368,300,300,95.32,57.43,TRACKED,RETAINED,data/phase2_roi_crops/retained/WhatsApp_Video_2026-08-11_at_6.55.14_AM_(1)/crop_000540.jpg
WhatsApp Video 2026-08-11 at 6.55.14 AM (1).mp4,11,Copper,train,555,9.25,583,217,150,150,433,67,733,367,300,300,142.39,44.17,TRACKED,RETAINED,data/phase2_roi_crops/retained/WhatsApp_Video_2026-08-11_at_6.55.14_AM_(1)/crop_000555.jpg
WhatsApp Video 2026-08-11 at 6.55.14 AM (1).mp4,11,Copper,train,570,9.5,573,216,150,150,423,66,723,366,300,300,146.81,33.8,TRACKED,RETAINED,data/phase2_roi_crops/retained/WhatsApp_Video_2026-08-11_at_6.55.14_AM_(1)/crop_000570.jpg
WhatsApp Video 2026-08-11 at 6.55.14 AM (1).mp4,11,Copper,train,585,9.75,564,210,150,150,414,60,714,360,300,300,118.35,20.67,TRACKED,RETAINED,data/phase2_roi_crops/retained/WhatsApp_Video_2026-08-11_at_6.55.14_AM_(1)/crop_000585.jpg
WhatsApp Video 2026-08-11 at 6.55.14 AM (1).mp4,11,Copper,train,600,10.0,565,212,150,150,415,62,715,362,300,300,186.94,28.13,TRACKED,RETAINED,data/phase2_roi_crops/retained/WhatsApp_Video_2026-08-11_at_6.55.14_AM_(1)/crop_000600.jpg
WhatsApp Video 2026-08-11 at 6.55.14 AM (1).mp4,11,Copper,train,615,10.25,575,218,150,150,425,68,725,368,300,300,126.0,32.76,TRACKED,RETAINED,data/phase2_roi_crops/retained/WhatsApp_Video_2026-08-11_at_6.55.14_AM_(1)/crop_000615.jpg
WhatsApp Video 2026-08-11 at 6.55.14 AM (1).mp4,11,Copper,train,630,10.5,589,221,150,150,439,71,739,371,300,300,131.25,43.6,TRACKED,RETAINED,data/phase2_roi_crops/retained/WhatsApp_Video_2026-08-11_at_6.55.14_AM_(1)/crop_000630.jpg
WhatsApp Video 2026-08-11 at 6.55.14 AM (1).mp4,11,Copper,train,645,10.75,601,228,150,150,451,78,751,378,300,300,57.97,35.68,TRACKED,RETAINED,data/phase2_roi_crops/retained/WhatsApp_Video_2026-08-11_at_6.55.14_AM_(1)/crop_000645.jpg
WhatsApp Video 2026-08-11 at 6.55.14 AM (1).mp4,11,Copper,train,660,11.0,614,234,150,150,464,84,764,384,300,300,65.7,33.99,TRACKED,RETAINED,data/phase2_roi_crops/retained/WhatsApp_Video_2026-08-11_at_6.55.14_AM_(1)/crop_000660.jpg
WhatsApp Video 2026-08-11 at 6.55.14 AM (1).mp4,11,Copper,train,675,11.25,628,238,150,150,478,88,778,388,300,300,96.05,20.86,TRACKED,RETAINED,data/phase2_roi_crops/retained/WhatsApp_Video_2026-08-11_at_6.55.14_AM_(1)/crop_000675.jpg
WhatsApp Video 2026-08-11 at 6.55.14 AM (1).mp4,11,Copper,train,690,11.5,637,246,150,150,487,96,787,396,300,300,106.41,12.42,TRACKED,RETAINED,data/phase2_roi_crops/retained/WhatsApp_Video_2026-08-11_at_6.55.14_AM_(1)/crop_000690.jpg
WhatsApp Video 2026-08-11 at 6.55.14 AM (1).mp4,11,Copper,train,705,11.75,653,247,150,150,503,97,803,397,300,300,145.71,14.47,TRACKED,RETAINED,data/phase2_roi_crops/retained/WhatsApp_Video_2026-08-11_at_6.55.14_AM_(1)/crop_000705.jpg
WhatsApp Video 2026-08-11 at 6.55.14 AM (1).mp4,11,Copper,train,720,12.0,665,255,150,150,515,105,815,405,300,300,151.19,19.29,TRACKED,RETAINED,data/phase2_roi_crops/retained/WhatsApp_Video_2026-08-11_at_6.55.14_AM_(1)/crop_000720.jpg
WhatsApp Video 2026-08-11 at 6.55.14 AM (1).mp4,11,Copper,train,735,12.25,679,259,150,150,529,109,829,409,300,300,176.14,20.49,TRACKED,RETAINED,data/phase2_roi_crops/retained/WhatsApp_Video_2026-08-11_at_6.55.14_AM_(1)/crop_000735.jpg
WhatsApp Video 2026-08-11 at 6.55.14 AM (1).mp4,11,Copper,train,750,12.5,695,263,150,150,545,113,845,413,300,300,149.49,31.41,TRACKED,RETAINED,data/phase2_roi_crops/retained/WhatsApp_Video_2026-08-11_at_6.55.14_AM_(1)/crop_000750.jpg
WhatsApp Video 2026-08-11 at 6.55.14 AM (1).mp4,11,Copper,train,765,12.75,707,269,159,150,548,119,848,419,300,300,135.0,26.85,TRACKED,RETAINED,data/phase2_roi_crops/retained/WhatsApp_Video_2026-08-11_at_6.55.14_AM_(1)/crop_000765.jpg
WhatsApp Video 2026-08-11 at 6.55.14 AM (1).mp4,11,Copper,train,780,13.0,719,274,171,150,548,124,848,424,300,300,148.14,19.94,TRACKED,RETAINED,data/phase2_roi_crops/retained/WhatsApp_Video_2026-08-11_at_6.55.14_AM_(1)/crop_000780.jpg
WhatsApp Video 2026-08-11 at 6.55.12 AM (1).mp4,7,Aluminium,train,0,0.0,527,226,150,150,377,76,677,376,300,300,431.42,0.0,TRACKED,RETAINED,data/phase2_roi_crops/retained/WhatsApp_Video_2026-08-11_at_6.55.12_AM_(1)/crop_000000.jpg
WhatsApp Video 2026-08-11 at 6.55.12 AM (1).mp4,7,Aluminium,train,15,0.25,530,226,150,150,380,76,680,376,300,300,162.83,6.55,TRACKED,RETAINED,data/phase2_roi_crops/retained/WhatsApp_Video_2026-08-11_at_6.55.12_AM_(1)/crop_000015.jpg
WhatsApp Video 2026-08-11 at 6.55.12 AM (1).mp4,7,Aluminium,train,30,0.5,527,225,150,150,377,75,677,375,300,300,154.38,18.36,TRACKED,RETAINED,data/phase2_roi_crops/retained/WhatsApp_Video_2026-08-11_at_6.55.12_AM_(1)/crop_000030.jpg
WhatsApp Video 2026-08-11 at 6.55.12 AM (1).mp4,7,Aluminium,train,45,0.75,530,226,150,150,380,76,680,376,300,300,141.77,6.78,TRACKED,RETAINED,data/phase2_roi_crops/retained/WhatsApp_Video_2026-08-11_at_6.55.12_AM_(1)/crop_000045.jpg
WhatsApp Video 2026-08-11 at 6.55.12 AM (1).mp4,7,Aluminium,train,60,1.0,527,231,150,150,377,81,677,381,300,300,151.18,20.07,TRACKED,RETAINED,data/phase2_roi_crops/retained/WhatsApp_Video_2026-08-11_at_6.55.12_AM_(1)/crop_000060.jpg
WhatsApp Video 2026-08-11 at 6.55.12 AM (1).mp4,7,Aluminium,train,75,1.25,526,232,150,150,376,82,676,382,300,300,168.25,4.12,TRACKED,RETAINED,data/phase2_roi_crops/retained/WhatsApp_Video_2026-08-11_at_6.55.12_AM_(1)/crop_000075.jpg
WhatsApp Video 2026-08-11 at 6.55.12 AM (1).mp4,7,Aluminium,train,90,1.5,523,232,150,150,373,82,673,382,300,300,152.69,5.9,TRACKED,RETAINED,data/phase2_roi_crops/retained/WhatsApp_Video_2026-08-11_at_6.55.12_AM_(1)/crop_000090.jpg
WhatsApp Video 2026-08-11 at 6.55.12 AM (1).mp4,7,Aluminium,train,105,1.75,523,231,150,150,373,81,673,381,300,300,148.83,6.21,TRACKED,RETAINED,data/phase2_roi_crops/retained/WhatsApp_Video_2026-08-11_at_6.55.12_AM_(1)/crop_000105.jpg
WhatsApp Video 2026-08-11 at 6.55.12 AM (1).mp4,7,Aluminium,train,120,2.0,522,230,150,150,372,80,672,380,300,300,141.52,4.24,TRACKED,RETAINED,data/phase2_roi_crops/retained/WhatsApp_Video_2026-08-11_at_6.55.12_AM_(1)/crop_000120.jpg
WhatsApp Video 2026-08-11 at 6.55.12 AM (1).mp4,7,Aluminium,train,135,2.25,519,230,150,150,369,80,669,380,300,300,169.06,8.49,TRACKED,RETAINED,data/phase2_roi_crops/retained/WhatsApp_Video_2026-08-11_at_6.55.12_AM_(1)/crop_000135.jpg
WhatsApp Video 2026-08-11 at 6.55.12 AM (1).mp4,7,Aluminium,train,150,2.5,521,228,150,150,371,78,671,378,300,300,155.64,8.88,TRACKED,RETAINED,data/phase2_roi_crops/retained/WhatsApp_Video_2026-08-11_at_6.55.12_AM_(1)/crop_000150.jpg
WhatsApp Video 2026-08-11 at 6.55.12 AM (1).mp4,7,Aluminium,train,165,2.75,520,228,150,150,370,78,670,378,300,300,151.72,3.8,TRACKED,RETAINED,data/phase2_roi_crops/retained/WhatsApp_Video_2026-08-11_at_6.55.12_AM_(1)/crop_000165.jpg
WhatsApp Video 2026-08-11 at 6.55.12 AM (1).mp4,7,Aluminium,train,180,3.0,517,230,150,150,367,80,667,380,300,300,221.38,7.94,TRACKED,RETAINED,data/phase2_roi_crops/retained/WhatsApp_Video_2026-08-11_at_6.55.12_AM_(1)/crop_000180.jpg
WhatsApp Video 2026-08-11 at 6.55.12 AM (1).mp4,7,Aluminium,train,195,3.25,516,231,150,150,366,81,666,381,300,300,226.15,4.21,TRACKED,RETAINED,data/phase2_roi_crops/retained/WhatsApp_Video_2026-08-11_at_6.55.12_AM_(1)/crop_000195.jpg
WhatsApp Video 2026-08-11 at 6.55.12 AM (1).mp4,7,Aluminium,train,210,3.5,517,231,150,150,367,81,667,381,300,300,157.92,9.57,TRACKED,RETAINED,data/phase2_roi_crops/retained/WhatsApp_Video_2026-08-11_at_6.55.12_AM_(1)/crop_000210.jpg
WhatsApp Video 2026-08-11 at 6.55.12 AM (1).mp4,7,Aluminium,train,225,3.75,518,229,150,150,368,79,668,379,300,300,195.22,11.05,TRACKED,RETAINED,data/phase2_roi_crops/retained/WhatsApp_Video_2026-08-11_at_6.55.12_AM_(1)/crop_000225.jpg
WhatsApp Video 2026-08-11 at 6.55.12 AM (1).mp4,7,Aluminium,train,240,4.0,518,230,150,150,368,80,668,380,300,300,202.12,11.59,TRACKED,RETAINED,data/phase2_roi_crops/retained/WhatsApp_Video_2026-08-11_at_6.55.12_AM_(1)/crop_000240.jpg
WhatsApp Video 2026-08-11 at 6.55.12 AM (1).mp4,7,Aluminium,train,255,4.25,517,232,150,150,367,82,667,382,300,300,184.79,7.46,TRACKED,RETAINED,data/phase2_roi_crops/retained/WhatsApp_Video_2026-08-11_at_6.55.12_AM_(1)/crop_000255.jpg
WhatsApp Video 2026-08-11 at 6.55.12 AM (1).mp4,7,Aluminium,train,270,4.5,514,231,150,150,364,81,664,381,300,300,200.59,8.3,TRACKED,RETAINED,data/phase2_roi_crops/retained/WhatsApp_Video_2026-08-11_at_6.55.12_AM_(1)/crop_000270.jpg
WhatsApp Video 2026-08-11 at 6.55.12 AM (1).mp4,7,Aluminium,train,285,4.75,518,231,150,150,368,81,668,381,300,300,183.76,31.55,TRACKED,RETAINED,data/phase2_roi_crops/retained/WhatsApp_Video_2026-08-11_at_6.55.12_AM_(1)/crop_000285.jpg
WhatsApp Video 2026-08-11 at 6.55.12 AM (1).mp4,7,Aluminium,train,300,5.0,516,230,150,150,366,80,666,380,300,300,340.89,25.82,TRACKED,RETAINED,data/phase2_roi_crops/retained/WhatsApp_Video_2026-08-11_at_6.55.12_AM_(1)/crop_000300.jpg
WhatsApp Video 2026-08-11 at 6.55.12 AM (1).mp4,7,Aluminium,train,315,5.25,517,227,150,150,367,77,667,377,300,300,211.51,12.63,TRACKED,RETAINED,data/phase2_roi_crops/retained/WhatsApp_Video_2026-08-11_at_6.55.12_AM_(1)/crop_000315.jpg
WhatsApp Video 2026-08-11 at 6.55.12 AM (1).mp4,7,Aluminium,train,330,5.5,515,230,150,150,365,80,665,380,300,300,157.64,17.96,TRACKED,RETAINED,data/phase2_roi_crops/retained/WhatsApp_Video_2026-08-11_at_6.55.12_AM_(1)/crop_000330.jpg
WhatsApp Video 2026-08-11 at 6.55.12 AM (1).mp4,7,Aluminium,train,345,5.75,514,233,150,150,364,83,664,383,300,300,167.16,13.43,TRACKED,RETAINED,data/phase2_roi_crops/retained/WhatsApp_Video_2026-08-11_at_6.55.12_AM_(1)/crop_000345.jpg
WhatsApp Video 2026-08-11 at 6.55.12 AM (1).mp4,7,Aluminium,train,360,6.0,513,231,150,150,363,81,663,381,300,300,163.17,21.8,TRACKED,RETAINED,data/phase2_roi_crops/retained/WhatsApp_Video_2026-08-11_at_6.55.12_AM_(1)/crop_000360.jpg
WhatsApp Video 2026-08-11 at 6.55.12 AM (1).mp4,7,Aluminium,train,375,6.25,513,231,150,150,363,81,663,381,300,300,155.67,5.11,TRACKED,RETAINED,data/phase2_roi_crops/retained/WhatsApp_Video_2026-08-11_at_6.55.12_AM_(1)/crop_000375.jpg
WhatsApp Video 2026-08-11 at 6.55.12 AM (1).mp4,7,Aluminium,train,390,6.5,513,234,150,150,363,84,663,384,300,300,175.59,6.12,TRACKED,RETAINED,data/phase2_roi_crops/retained/WhatsApp_Video_2026-08-11_at_6.55.12_AM_(1)/crop_000390.jpg
WhatsApp Video 2026-08-11 at 6.55.12 AM (1).mp4,7,Aluminium,train,405,6.75,512,235,150,150,362,85,662,385,300,300,160.38,5.89,TRACKED,RETAINED,data/phase2_roi_crops/retained/WhatsApp_Video_2026-08-11_at_6.55.12_AM_(1)/crop_000405.jpg
WhatsApp Video 2026-08-11 at 6.55.12 AM (1).mp4,7,Aluminium,train,420,7.0,512,237,150,150,362,87,662,387,300,300,183.46,7.91,TRACKED,RETAINED,data/phase2_roi_crops/retained/WhatsApp_Video_2026-08-11_at_6.55.12_AM_(1)/crop_000420.jpg
WhatsApp Video 2026-08-11 at 6.55.12 AM (1).mp4,7,Aluminium,train,435,7.25,511,238,150,150,361,88,661,388,300,300,154.75,3.84,TRACKED,RETAINED,data/phase2_roi_crops/retained/WhatsApp_Video_2026-08-11_at_6.55.12_AM_(1)/crop_000435.jpg
WhatsApp Video 2026-08-11 at 6.55.12 AM (1).mp4,7,Aluminium,train,450,7.5,510,231,150,150,360,81,660,381,300,300,147.62,23.34,TRACKED,RETAINED,data/phase2_roi_crops/retained/WhatsApp_Video_2026-08-11_at_6.55.12_AM_(1)/crop_000450.jpg
WhatsApp Video 2026-08-11 at 6.55.12 AM (1).mp4,7,Aluminium,train,465,7.75,509,233,150,150,359,83,659,383,300,300,149.57,13.63,TRACKED,RETAINED,data/phase2_roi_crops/retained/WhatsApp_Video_2026-08-11_at_6.55.12_AM_(1)/crop_000465.jpg
WhatsApp Video 2026-08-11 at 6.55.12 AM (1).mp4,7,Aluminium,train,480,8.0,506,234,150,150,356,84,656,384,300,300,144.05,4.66,TRACKED,RETAINED,data/phase2_roi_crops/retained/WhatsApp_Video_2026-08-11_at_6.55.12_AM_(1)/crop_000480.jpg
WhatsApp Video 2026-08-11 at 6.55.12 AM (1).mp4,7,Aluminium,train,495,8.25,508,232,150,150,358,82,658,382,300,300,123.14,16.15,TRACKED,RETAINED,data/phase2_roi_crops/retained/WhatsApp_Video_2026-08-11_at_6.55.12_AM_(1)/crop_000495.jpg
WhatsApp Video 2026-08-11 at 6.55.12 AM (1).mp4,7,Aluminium,train,510,8.5,510,235,150,150,360,85,660,385,300,300,127.75,17.64,TRACKED,RETAINED,data/phase2_roi_crops/retained/WhatsApp_Video_2026-08-11_at_6.55.12_AM_(1)/crop_000510.jpg
WhatsApp Video 2026-08-11 at 6.55.12 AM (1).mp4,7,Aluminium,train,525,8.75,508,234,150,150,358,84,658,384,300,300,134.09,15.01,TRACKED,RETAINED,data/phase2_roi_crops/retained/WhatsApp_Video_2026-08-11_at_6.55.12_AM_(1)/crop_000525.jpg
WhatsApp Video 2026-08-11 at 6.55.12 AM (1).mp4,7,Aluminium,train,540,9.0,505,234,150,150,355,84,655,384,300,300,147.33,19.4,TRACKED,RETAINED,data/phase2_roi_crops/retained/WhatsApp_Video_2026-08-11_at_6.55.12_AM_(1)/crop_000540.jpg
WhatsApp Video 2026-08-11 at 6.55.12 AM (1).mp4,7,Aluminium,train,555,9.25,507,235,150,150,357,85,657,385,300,300,139.93,7.34,TRACKED,RETAINED,data/phase2_roi_crops/retained/WhatsApp_Video_2026-08-11_at_6.55.12_AM_(1)/crop_000555.jpg
WhatsApp Video 2026-08-11 at 6.55.12 AM (1).mp4,7,Aluminium,train,570,9.5,504,234,150,150,354,84,654,384,300,300,164.14,20.36,TRACKED,RETAINED,data/phase2_roi_crops/retained/WhatsApp_Video_2026-08-11_at_6.55.12_AM_(1)/crop_000570.jpg
WhatsApp Video 2026-08-11 at 6.55.12 AM (1).mp4,7,Aluminium,train,585,9.75,506,235,150,150,356,85,656,385,300,300,158.18,7.05,TRACKED,RETAINED,data/phase2_roi_crops/retained/WhatsApp_Video_2026-08-11_at_6.55.12_AM_(1)/crop_000585.jpg
WhatsApp Video 2026-08-11 at 6.55.12 AM (1).mp4,7,Aluminium,train,600,10.0,505,234,150,150,355,84,655,384,300,300,360.5,12.27,TRACKED,RETAINED,data/phase2_roi_crops/retained/WhatsApp_Video_2026-08-11_at_6.55.12_AM_(1)/crop_000600.jpg
WhatsApp Video 2026-08-11 at 6.55.12 AM (1).mp4,7,Aluminium,train,615,10.25,505,236,150,150,355,86,655,386,300,300,151.12,6.76,TRACKED,RETAINED,data/phase2_roi_crops/retained/WhatsApp_Video_2026-08-11_at_6.55.12_AM_(1)/crop_000615.jpg
WhatsApp Video 2026-08-11 at 6.55.12 AM (1).mp4,7,Aluminium,train,630,10.5,505,237,150,150,355,87,655,387,300,300,128.47,5.52,TRACKED,RETAINED,data/phase2_roi_crops/retained/WhatsApp_Video_2026-08-11_at_6.55.12_AM_(1)/crop_000630.jpg
WhatsApp Video 2026-08-11 at 6.55.12 AM (1).mp4,7,Aluminium,train,645,10.75,504,239,150,150,354,89,654,389,300,300,139.05,5.07,TRACKED,RETAINED,data/phase2_roi_crops/retained/WhatsApp_Video_2026-08-11_at_6.55.12_AM_(1)/crop_000645.jpg
WhatsApp Video 2026-08-11 at 6.55.12 AM (1).mp4,7,Aluminium,train,660,11.0,505,239,150,150,355,89,655,389,300,300,152.42,7.0,TRACKED,RETAINED,data/phase2_roi_crops/retained/WhatsApp_Video_2026-08-11_at_6.55.12_AM_(1)/crop_000660.jpg
WhatsApp Video 2026-08-11 at 6.55.12 AM (1).mp4,7,Aluminium,train,675,11.25,504,240,150,150,354,90,654,390,300,300,144.15,5.79,TRACKED,RETAINED,data/phase2_roi_crops/retained/WhatsApp_Video_2026-08-11_at_6.55.12_AM_(1)/crop_000675.jpg
WhatsApp Video 2026-08-11 at 6.55.12 AM (1).mp4,7,Aluminium,train,690,11.5,503,240,150,150,353,90,653,390,300,300,146.93,7.22,TRACKED,RETAINED,data/phase2_roi_crops/retained/WhatsApp_Video_2026-08-11_at_6.55.12_AM_(1)/crop_000690.jpg
WhatsApp Video 2026-08-11 at 6.55.12 AM (1).mp4,7,Aluminium,train,705,11.75,502,241,150,150,352,91,652,391,300,300,145.79,4.28,TRACKED,RETAINED,data/phase2_roi_crops/retained/WhatsApp_Video_2026-08-11_at_6.55.12_AM_(1)/crop_000705.jpg
WhatsApp Video 2026-08-11 at 6.55.12 AM (1).mp4,7,Aluminium,train,720,12.0,502,242,150,150,352,92,652,392,300,300,150.22,3.51,TRACKED,RETAINED,data/phase2_roi_crops/retained/WhatsApp_Video_2026-08-11_at_6.55.12_AM_(1)/crop_000720.jpg
WhatsApp Video 2026-08-11 at 6.55.12 AM (1).mp4,7,Aluminium,train,735,12.25,502,243,150,150,352,93,652,393,300,300,171.4,5.11,TRACKED,RETAINED,data/phase2_roi_crops/retained/WhatsApp_Video_2026-08-11_at_6.55.12_AM_(1)/crop_000735.jpg
WhatsApp Video 2026-08-11 at 6.55.12 AM (1).mp4,7,Aluminium,train,750,12.5,503,244,150,150,353,94,653,394,300,300,151.39,5.04,TRACKED,RETAINED,data/phase2_roi_crops/retained/WhatsApp_Video_2026-08-11_at_6.55.12_AM_(1)/crop_000750.jpg
WhatsApp Video 2026-08-11 at 6.55.12 AM (1).mp4,7,Aluminium,train,765,12.75,502,240,150,150,352,90,652,390,300,300,143.87,18.63,TRACKED,RETAINED,data/phase2_roi_crops/retained/WhatsApp_Video_2026-08-11_at_6.55.12_AM_(1)/crop_000765.jpg
WhatsApp Video 2026-08-11 at 6.55.12 AM (1).mp4,7,Aluminium,train,780,13.0,501,240,150,150,351,90,651,390,300,300,147.31,6.13,TRACKED,RETAINED,data/phase2_roi_crops/retained/WhatsApp_Video_2026-08-11_at_6.55.12_AM_(1)/crop_000780.jpg
WhatsApp Video 2026-08-11 at 6.55.12 AM (1).mp4,7,Aluminium,train,795,13.25,500,241,150,150,350,91,650,391,300,300,155.24,13.38,TRACKED,RETAINED,data/phase2_roi_crops/retained/WhatsApp_Video_2026-08-11_at_6.55.12_AM_(1)/crop_000795.jpg
WhatsApp Video 2026-08-11 at 6.55.12 AM (1).mp4,7,Aluminium,train,810,13.5,500,241,150,150,350,91,650,391,300,300,145.38,12.01,TRACKED,RETAINED,data/phase2_roi_crops/retained/WhatsApp_Video_2026-08-11_at_6.55.12_AM_(1)/crop_000810.jpg
WhatsApp Video 2026-08-11 at 6.55.12 AM (1).mp4,7,Aluminium,train,825,13.75,500,241,150,150,350,91,650,391,300,300,176.12,8.71,TRACKED,RETAINED,data/phase2_roi_crops/retained/WhatsApp_Video_2026-08-11_at_6.55.12_AM_(1)/crop_000825.jpg
WhatsApp Video 2026-08-11 at 6.55.12 AM (1).mp4,7,Aluminium,train,840,14.0,499,241,150,150,349,91,649,391,300,300,156.29,7.67,TRACKED,RETAINED,data/phase2_roi_crops/retained/WhatsApp_Video_2026-08-11_at_6.55.12_AM_(1)/crop_000840.jpg
WhatsApp Video 2026-08-11 at 6.55.12 AM (1).mp4,7,Aluminium,train,855,14.25,498,242,150,150,348,92,648,392,300,300,172.07,12.48,TRACKED,RETAINED,data/phase2_roi_crops/retained/WhatsApp_Video_2026-08-11_at_6.55.12_AM_(1)/crop_000855.jpg
WhatsApp Video 2026-08-11 at 6.55.12 AM (1).mp4,7,Aluminium,train,870,14.5,498,242,150,150,348,92,648,392,300,300,148.47,10.6,TRACKED,RETAINED,data/phase2_roi_crops/retained/WhatsApp_Video_2026-08-11_at_6.55.12_AM_(1)/crop_000870.jpg
WhatsApp Video 2026-08-11 at 6.55.12 AM (1).mp4,7,Aluminium,train,885,14.75,498,244,150,150,348,94,648,394,300,300,142.87,10.82,TRACKED,RETAINED,data/phase2_roi_crops/retained/WhatsApp_Video_2026-08-11_at_6.55.12_AM_(1)/crop_000885.jpg
WhatsApp Video 2026-08-11 at 6.55.12 AM (1).mp4,7,Aluminium,train,900,15.0,497,242,150,150,347,92,647,392,300,300,331.52,8.25,TRACKED,RETAINED,data/phase2_roi_crops/retained/WhatsApp_Video_2026-08-11_at_6.55.12_AM_(1)/crop_000900.jpg
WhatsApp Video 2026-08-11 at 6.55.12 AM (1).mp4,7,Aluminium,train,915,15.25,497,243,150,150,347,93,647,393,300,300,146.32,14.03,TRACKED,RETAINED,data/phase2_roi_crops/retained/WhatsApp_Video_2026-08-11_at_6.55.12_AM_(1)/crop_000915.jpg
WhatsApp Video 2026-08-11 at 6.55.12 AM (1).mp4,7,Aluminium,train,930,15.5,497,242,150,150,347,92,647,392,300,300,137.96,8.88,TRACKED,RETAINED,data/phase2_roi_crops/retained/WhatsApp_Video_2026-08-11_at_6.55.12_AM_(1)/crop_000930.jpg
WhatsApp Video 2026-08-11 at 6.55.12 AM (1).mp4,7,Aluminium,train,945,15.75,496,243,150,150,346,93,646,393,300,300,142.02,10.04,TRACKED,RETAINED,data/phase2_roi_crops/retained/WhatsApp_Video_2026-08-11_at_6.55.12_AM_(1)/crop_000945.jpg
WhatsApp Video 2026-08-11 at 6.55.12 AM (1).mp4,7,Aluminium,train,960,16.0,494,242,150,150,344,92,644,392,300,300,141.13,5.78,TRACKED,RETAINED,data/phase2_roi_crops/retained/WhatsApp_Video_2026-08-11_at_6.55.12_AM_(1)/crop_000960.jpg
WhatsApp Video 2026-08-11 at 6.55.12 AM (1).mp4,7,Aluminium,train,975,16.25,492,241,150,150,342,91,642,391,300,300,165.85,4.66,TRACKED,RETAINED,data/phase2_roi_crops/retained/WhatsApp_Video_2026-08-11_at_6.55.12_AM_(1)/crop_000975.jpg
WhatsApp Video 2026-08-11 at 6.55.12 AM (1).mp4,7,Aluminium,train,990,16.5,491,242,150,150,341,92,641,392,300,300,139.35,4.56,TRACKED,RETAINED,data/phase2_roi_crops/retained/WhatsApp_Video_2026-08-11_at_6.55.12_AM_(1)/crop_000990.jpg
WhatsApp Video 2026-08-11 at 6.55.12 AM (1).mp4,7,Aluminium,train,1005,16.75,487,242,150,150,337,92,637,392,300,300,136.08,5.86,TRACKED,RETAINED,data/phase2_roi_crops/retained/WhatsApp_Video_2026-08-11_at_6.55.12_AM_(1)/crop_001005.jpg
WhatsApp Video 2026-08-11 at 6.55.12 AM (1).mp4,7,Aluminium,train,1020,17.0,485,242,150,150,335,92,635,392,300,300,134.16,4.01,TRACKED,RETAINED,data/phase2_roi_crops/retained/WhatsApp_Video_2026-08-11_at_6.55.12_AM_(1)/crop_001020.jpg
WhatsApp Video 2026-08-11 at 6.55.12 AM (1).mp4,7,Aluminium,train,1035,17.25,484,242,150,150,334,92,634,392,300,300,127.4,4.3,TRACKED,RETAINED,data/phase2_roi_crops/retained/WhatsApp_Video_2026-08-11_at_6.55.12_AM_(1)/crop_001035.jpg
WhatsApp Video 2026-08-11 at 6.55.12 AM (1).mp4,7,Aluminium,train,1050,17.5,484,242,150,150,334,92,634,392,300,300,156.79,5.4,TRACKED,RETAINED,data/phase2_roi_crops/retained/WhatsApp_Video_2026-08-11_at_6.55.12_AM_(1)/crop_001050.jpg
WhatsApp Video 2026-08-11 at 6.55.12 AM (1).mp4,7,Aluminium,train,1065,17.75,484,244,150,150,334,94,634,394,300,300,129.83,5.7,TRACKED,RETAINED,data/phase2_roi_crops/retained/WhatsApp_Video_2026-08-11_at_6.55.12_AM_(1)/crop_001065.jpg
WhatsApp Video 2026-08-11 at 6.55.12 AM (1).mp4,7,Aluminium,train,1080,18.0,482,246,150,150,332,96,632,396,300,300,129.5,7.25,TRACKED,RETAINED,data/phase2_roi_crops/retained/WhatsApp_Video_2026-08-11_at_6.55.12_AM_(1)/crop_001080.jpg
WhatsApp Video 2026-08-11 at 6.55.12 AM (1).mp4,7,Aluminium,train,1095,18.25,481,244,150,150,331,94,631,394,300,300,127.83,7.92,TRACKED,RETAINED,data/phase2_roi_crops/retained/WhatsApp_Video_2026-08-11_at_6.55.12_AM_(1)/crop_001095.jpg
WhatsApp Video 2026-08-11 at 6.55.12 AM (1).mp4,7,Aluminium,train,1110,18.5,480,244,150,150,330,94,630,394,300,300,119.92,6.43,TRACKED,RETAINED,data/phase2_roi_crops/retained/WhatsApp_Video_2026-08-11_at_6.55.12_AM_(1)/crop_001110.jpg
WhatsApp Video 2026-08-11 at 6.55.12 AM (1).mp4,7,Aluminium,train,1125,18.75,477,244,150,150,327,94,627,394,300,300,144.76,7.04,TRACKED,RETAINED,data/phase2_roi_crops/retained/WhatsApp_Video_2026-08-11_at_6.55.12_AM_(1)/crop_001125.jpg
WhatsApp Video 2026-08-11 at 6.55.12 AM (1).mp4,7,Aluminium,train,1140,19.0,479,247,150,150,329,97,629,397,300,300,143.52,18.37,TRACKED,RETAINED,data/phase2_roi_crops/retained/WhatsApp_Video_2026-08-11_at_6.55.12_AM_(1)/crop_001140.jpg
WhatsApp Video 2026-08-11 at 6.55.12 AM (1).mp4,7,Aluminium,train,1155,19.25,476,245,150,150,326,95,626,395,300,300,132.24,4.72,TRACKED,RETAINED,data/phase2_roi_crops/retained/WhatsApp_Video_2026-08-11_at_6.55.12_AM_(1)/crop_001155.jpg
WhatsApp Video 2026-08-11 at 6.55.12 AM (1).mp4,7,Aluminium,train,1170,19.5,475,246,150,150,325,96,625,396,300,300,142.91,6.76,TRACKED,RETAINED,data/phase2_roi_crops/retained/WhatsApp_Video_2026-08-11_at_6.55.12_AM_(1)/crop_001170.jpg
WhatsApp Video 2026-08-11 at 6.55.12 AM (1).mp4,7,Aluminium,train,1185,19.75,474,247,150,150,324,97,624,397,300,300,142.7,3.6,TRACKED,RETAINED,data/phase2_roi_crops/retained/WhatsApp_Video_2026-08-11_at_6.55.12_AM_(1)/crop_001185.jpg
WhatsApp Video 2026-08-11 at 6.55.12 AM (1).mp4,7,Aluminium,train,1200,20.0,475,250,150,150,325,100,625,400,300,300,259.34,7.62,TRACKED,RETAINED,data/phase2_roi_crops/retained/WhatsApp_Video_2026-08-11_at_6.55.12_AM_(1)/crop_001200.jpg
WhatsApp Video 2026-08-11 at 6.55.12 AM (1).mp4,7,Aluminium,train,1215,20.25,475,256,150,150,325,106,625,406,300,300,140.65,16.05,TRACKED,RETAINED,data/phase2_roi_crops/retained/WhatsApp_Video_2026-08-11_at_6.55.12_AM_(1)/crop_001215.jpg
WhatsApp Video 2026-08-11 at 6.55.12 AM (1).mp4,7,Aluminium,train,1230,20.5,473,251,150,150,323,101,623,401,300,300,139.54,18.1,TRACKED,RETAINED,data/phase2_roi_crops/retained/WhatsApp_Video_2026-08-11_at_6.55.12_AM_(1)/crop_001230.jpg
WhatsApp Video 2026-08-11 at 6.55.12 AM (1).mp4,7,Aluminium,train,1245,20.75,472,251,150,150,322,101,622,401,300,300,148.6,5.81,TRACKED,RETAINED,data/phase2_roi_crops/retained/WhatsApp_Video_2026-08-11_at_6.55.12_AM_(1)/crop_001245.jpg
WhatsApp Video 2026-08-11 at 6.55.12 AM (1).mp4,7,Aluminium,train,1260,21.0,472,252,150,150,322,102,622,402,300,300,133.35,6.4,TRACKED,RETAINED,data/phase2_roi_crops/retained/WhatsApp_Video_2026-08-11_at_6.55.12_AM_(1)/crop_001260.jpg
WhatsApp Video 2026-08-11 at 6.55.12 AM (1).mp4,7,Aluminium,train,1275,21.25,471,253,150,150,321,103,621,403,300,300,137.32,5.59,TRACKED,RETAINED,data/phase2_roi_crops/retained/WhatsApp_Video_2026-08-11_at_6.55.12_AM_(1)/crop_001275.jpg
WhatsApp Video 2026-08-11 at 6.55.12 AM (1).mp4,7,Aluminium,train,1290,21.5,470,253,150,150,320,103,620,403,300,300,152.56,5.75,TRACKED,RETAINED,data/phase2_roi_crops/retained/WhatsApp_Video_2026-08-11_at_6.55.12_AM_(1)/crop_001290.jpg
WhatsApp Video 2026-08-11 at 6.55.12 AM (1).mp4,7,Aluminium,train,1305,21.75,471,254,150,150,321,104,621,404,300,300,113.32,5.47,TRACKED,RETAINED,data/phase2_roi_crops/retained/WhatsApp_Video_2026-08-11_at_6.55.12_AM_(1)/crop_001305.jpg
WhatsApp Video 2026-08-11 at 6.55.12 AM (1).mp4,7,Aluminium,train,1320,22.0,468,253,150,150,318,103,618,403,300,300,124.62,18.67,TRACKED,RETAINED,data/phase2_roi_crops/retained/WhatsApp_Video_2026-08-11_at_6.55.12_AM_(1)/crop_001320.jpg
WhatsApp Video 2026-08-11 at 6.55.12 AM (1).mp4,7,Aluminium,train,1335,22.25,469,256,150,150,319,106,619,406,300,300,125.35,6.93,TRACKED,RETAINED,data/phase2_roi_crops/retained/WhatsApp_Video_2026-08-11_at_6.55.12_AM_(1)/crop_001335.jpg
WhatsApp Video 2026-08-11 at 6.55.12 AM (1).mp4,7,Aluminium,train,1350,22.5,465,253,150,150,315,103,615,403,300,300,141.71,16.46,TRACKED,RETAINED,data/phase2_roi_crops/retained/WhatsApp_Video_2026-08-11_at_6.55.12_AM_(1)/crop_001350.jpg
WhatsApp Video 2026-08-11 at 6.55.12 AM (1).mp4,7,Aluminium,train,1365,22.75,464,253,150,150,314,103,614,403,300,300,188.27,4.58,TRACKED,RETAINED,data/phase2_roi_crops/retained/WhatsApp_Video_2026-08-11_at_6.55.12_AM_(1)/crop_001365.jpg
WhatsApp Video 2026-08-11 at 6.55.12 AM (1).mp4,7,Aluminium,train,1380,23.0,463,252,150,150,313,102,613,402,300,300,201.08,5.09,TRACKED,RETAINED,data/phase2_roi_crops/retained/WhatsApp_Video_2026-08-11_at_6.55.12_AM_(1)/crop_001380.jpg
WhatsApp Video 2026-08-11 at 6.55.12 AM (1).mp4,7,Aluminium,train,1395,23.25,461,253,150,150,311,103,611,403,300,300,222.7,5.91,TRACKED,RETAINED,data/phase2_roi_crops/retained/WhatsApp_Video_2026-08-11_at_6.55.12_AM_(1)/crop_001395.jpg
WhatsApp Video 2026-08-11 at 6.55.12 AM (1).mp4,7,Aluminium,train,1410,23.5,459,255,150,150,309,105,609,405,300,300,211.05,5.32,TRACKED,RETAINED,data/phase2_roi_crops/retained/WhatsApp_Video_2026-08-11_at_6.55.12_AM_(1)/crop_001410.jpg
WhatsApp Video 2026-08-11 at 6.55.12 AM (1).mp4,7,Aluminium,train,1425,23.75,458,255,150,150,308,105,608,405,300,300,208.23,5.85,TRACKED,RETAINED,data/phase2_roi_crops/retained/WhatsApp_Video_2026-08-11_at_6.55.12_AM_(1)/crop_001425.jpg
WhatsApp Video 2026-08-11 at 6.55.12 AM (1).mp4,7,Aluminium,train,1440,24.0,457,256,150,150,307,106,607,406,300,300,204.05,4.8,TRACKED,RETAINED,data/phase2_roi_crops/retained/WhatsApp_Video_2026-08-11_at_6.55.12_AM_(1)/crop_001440.jpg
WhatsApp Video 2026-08-11 at 6.55.12 AM (1).mp4,7,Aluminium,train,1455,24.25,456,257,150,150,306,107,606,407,300,300,206.95,7.88,TRACKED,RETAINED,data/phase2_roi_crops/retained/WhatsApp_Video_2026-08-11_at_6.55.12_AM_(1)/crop_001455.jpg
WhatsApp Video 2026-08-11 at 6.55.12 AM (1).mp4,7,Aluminium,train,1470,24.5,456,259,150,150,306,109,606,409,300,300,225.22,5.12,TRACKED,RETAINED,data/phase2_roi_crops/retained/WhatsApp_Video_2026-08-11_at_6.55.12_AM_(1)/crop_001470.jpg
WhatsApp Video 2026-08-11 at 6.55.12 AM (1).mp4,7,Aluminium,train,1485,24.75,455,259,150,150,305,109,605,409,300,300,226.14,6.14,TRACKED,RETAINED,data/phase2_roi_crops/retained/WhatsApp_Video_2026-08-11_at_6.55.12_AM_(1)/crop_001485.jpg
WhatsApp Video 2026-08-11 at 6.55.12 AM (1).mp4,7,Aluminium,train,1500,25.0,455,261,150,150,305,111,605,411,300,300,434.74,6.98,TRACKED,RETAINED,data/phase2_roi_crops/retained/WhatsApp_Video_2026-08-11_at_6.55.12_AM_(1)/crop_001500.jpg
WhatsApp Video 2026-08-11 at 6.55.12 AM (1).mp4,7,Aluminium,train,1515,25.25,455,261,150,150,305,111,605,411,300,300,242.05,5.95,TRACKED,RETAINED,data/phase2_roi_crops/retained/WhatsApp_Video_2026-08-11_at_6.55.12_AM_(1)/crop_001515.jpg
WhatsApp Video 2026-08-11 at 6.55.12 AM (1).mp4,7,Aluminium,train,1530,25.5,455,261,150,150,305,111,605,411,300,300,212.2,5.21,TRACKED,RETAINED,data/phase2_roi_crops/retained/WhatsApp_Video_2026-08-11_at_6.55.12_AM_(1)/crop_001530.jpg
WhatsApp Video 2026-08-11 at 6.55.12 AM (1).mp4,7,Aluminium,train,1545,25.75,452,258,150,150,302,108,602,408,300,300,220.38,18.94,TRACKED,RETAINED,data/phase2_roi_crops/retained/WhatsApp_Video_2026-08-11_at_6.55.12_AM_(1)/crop_001545.jpg
WhatsApp Video 2026-08-11 at 6.55.12 AM (1).mp4,7,Aluminium,train,1560,26.0,452,260,150,150,302,110,602,410,300,300,200.98,6.95,TRACKED,RETAINED,data/phase2_roi_crops/retained/WhatsApp_Video_2026-08-11_at_6.55.12_AM_(1)/crop_001560.jpg
WhatsApp Video 2026-08-11 at 6.55.12 AM (1).mp4,7,Aluminium,train,1575,26.25,451,260,150,150,301,110,601,410,300,300,210.94,4.89,TRACKED,RETAINED,data/phase2_roi_crops/retained/WhatsApp_Video_2026-08-11_at_6.55.12_AM_(1)/crop_001575.jpg
WhatsApp Video 2026-08-11 at 6.55.12 AM (1).mp4,7,Aluminium,train,1590,26.5,449,261,150,150,299,111,599,411,300,300,207.54,7.2,TRACKED,RETAINED,data/phase2_roi_crops/retained/WhatsApp_Video_2026-08-11_at_6.55.12_AM_(1)/crop_001590.jpg
WhatsApp Video 2026-08-11 at 6.55.12 AM (1).mp4,7,Aluminium,train,1605,26.75,448,261,150,150,298,111,598,411,300,300,202.59,6.16,TRACKED,RETAINED,data/phase2_roi_crops/retained/WhatsApp_Video_2026-08-11_at_6.55.12_AM_(1)/crop_001605.jpg
WhatsApp Video 2026-08-11 at 6.55.12 AM (1).mp4,7,Aluminium,train,1620,27.0,444,262,150,150,294,112,594,412,300,300,205.28,8.31,TRACKED,RETAINED,data/phase2_roi_crops/retained/WhatsApp_Video_2026-08-11_at_6.55.12_AM_(1)/crop_001620.jpg
WhatsApp Video 2026-08-11 at 6.55.12 AM (1).mp4,7,Aluminium,train,1635,27.25,443,262,150,150,293,112,593,412,300,300,215.32,4.36,TRACKED,RETAINED,data/phase2_roi_crops/retained/WhatsApp_Video_2026-08-11_at_6.55.12_AM_(1)/crop_001635.jpg
WhatsApp Video 2026-08-11 at 6.55.12 AM (1).mp4,7,Aluminium,train,1650,27.5,442,262,150,150,292,112,592,412,300,300,216.01,8.33,TRACKED,RETAINED,data/phase2_roi_crops/retained/WhatsApp_Video_2026-08-11_at_6.55.12_AM_(1)/crop_001650.jpg
WhatsApp Video 2026-08-11 at 6.55.12 AM (1).mp4,7,Aluminium,train,1665,27.75,441,261,150,150,291,111,591,411,300,300,209.4,5.55,TRACKED,RETAINED,data/phase2_roi_crops/retained/WhatsApp_Video_2026-08-11_at_6.55.12_AM_(1)/crop_001665.jpg
WhatsApp Video 2026-08-11 at 6.55.12 AM (1).mp4,7,Aluminium,train,1680,28.0,438,260,150,150,288,110,588,410,300,300,211.86,5.69,TRACKED,RETAINED,data/phase2_roi_crops/retained/WhatsApp_Video_2026-08-11_at_6.55.12_AM_(1)/crop_001680.jpg
WhatsApp Video 2026-08-11 at 6.55.12 AM (1).mp4,7,Aluminium,train,1695,28.25,437,261,150,150,287,111,587,411,300,300,282.66,6.29,TRACKED,RETAINED,data/phase2_roi_crops/retained/WhatsApp_Video_2026-08-11_at_6.55.12_AM_(1)/crop_001695.jpg
WhatsApp Video 2026-08-11 at 6.55.12 AM (1).mp4,7,Aluminium,train,1710,28.5,436,261,150,150,286,111,586,411,300,300,243.46,5.77,TRACKED,RETAINED,data/phase2_roi_crops/retained/WhatsApp_Video_2026-08-11_at_6.55.12_AM_(1)/crop_001710.jpg
WhatsApp Video 2026-08-11 at 6.55.12 AM (1).mp4,7,Aluminium,train,1725,28.75,436,261,150,150,286,111,586,411,300,300,218.0,4.49,TRACKED,RETAINED,data/phase2_roi_crops/retained/WhatsApp_Video_2026-08-11_at_6.55.12_AM_(1)/crop_001725.jpg
WhatsApp Video 2026-08-11 at 6.55.12 AM (1).mp4,7,Aluminium,train,1740,29.0,437,264,150,150,287,114,587,414,300,300,212.94,12.92,TRACKED,RETAINED,data/phase2_roi_crops/retained/WhatsApp_Video_2026-08-11_at_6.55.12_AM_(1)/crop_001740.jpg
WhatsApp Video 2026-08-11 at 6.55.12 AM (1).mp4,7,Aluminium,train,1755,29.25,438,266,150,150,288,116,588,416,300,300,206.7,8.1,TRACKED,RETAINED,data/phase2_roi_crops/retained/WhatsApp_Video_2026-08-11_at_6.55.12_AM_(1)/crop_001755.jpg
WhatsApp Video 2026-08-11 at 6.55.12 AM (1).mp4,7,Aluminium,train,1770,29.5,438,265,150,150,288,115,588,415,300,300,202.04,7.13,TRACKED,RETAINED,data/phase2_roi_crops/retained/WhatsApp_Video_2026-08-11_at_6.55.12_AM_(1)/crop_001770.jpg
WhatsApp Video 2026-08-11 at 6.55.12 AM (1).mp4,7,Aluminium,train,1785,29.75,436,264,150,150,286,114,586,414,300,300,178.57,7.5,TRACKED,RETAINED,data/phase2_roi_crops/retained/WhatsApp_Video_2026-08-11_at_6.55.12_AM_(1)/crop_001785.jpg
WhatsApp Video 2026-08-11 at 6.55.12 AM (1).mp4,7,Aluminium,train,1800,30.0,435,264,150,150,285,114,585,414,300,300,421.03,6.09,TRACKED,RETAINED,data/phase2_roi_crops/retained/WhatsApp_Video_2026-08-11_at_6.55.12_AM_(1)/crop_001800.jpg
WhatsApp Video 2026-08-11 at 6.55.12 AM (1).mp4,7,Aluminium,train,1815,30.25,434,266,150,150,284,116,584,416,300,300,213.4,6.76,TRACKED,RETAINED,data/phase2_roi_crops/retained/WhatsApp_Video_2026-08-11_at_6.55.12_AM_(1)/crop_001815.jpg
WhatsApp Video 2026-08-11 at 6.55.12 AM (1).mp4,7,Aluminium,train,1830,30.5,434,268,150,150,284,118,584,418,300,300,212.39,5.49,TRACKED,RETAINED,data/phase2_roi_crops/retained/WhatsApp_Video_2026-08-11_at_6.55.12_AM_(1)/crop_001830.jpg
WhatsApp Video 2026-08-11 at 6.55.12 AM (1).mp4,7,Aluminium,train,1845,30.75,436,266,150,150,286,116,586,416,300,300,201.93,16.73,TRACKED,RETAINED,data/phase2_roi_crops/retained/WhatsApp_Video_2026-08-11_at_6.55.12_AM_(1)/crop_001845.jpg
WhatsApp Video 2026-08-11 at 6.55.12 AM (1).mp4,7,Aluminium,train,1860,31.0,438,268,150,150,288,118,588,418,300,300,202.31,4.77,TRACKED,RETAINED,data/phase2_roi_crops/retained/WhatsApp_Video_2026-08-11_at_6.55.12_AM_(1)/crop_001860.jpg
WhatsApp Video 2026-08-11 at 6.55.12 AM (1).mp4,7,Aluminium,train,1875,31.25,438,269,150,150,288,119,588,419,300,300,204.81,6.13,TRACKED,RETAINED,data/phase2_roi_crops/retained/WhatsApp_Video_2026-08-11_at_6.55.12_AM_(1)/crop_001875.jpg
WhatsApp Video 2026-08-11 at 6.55.12 AM (1).mp4,7,Aluminium,train,1890,31.5,438,267,150,150,288,117,588,417,300,300,190.74,20.97,TRACKED,RETAINED,data/phase2_roi_crops/retained/WhatsApp_Video_2026-08-11_at_6.55.12_AM_(1)/crop_001890.jpg
WhatsApp Video 2026-08-11 at 6.55.12 AM (1).mp4,7,Aluminium,train,1905,31.75,437,268,150,150,287,118,587,418,300,300,192.64,5.6,TRACKED,RETAINED,data/phase2_roi_crops/retained/WhatsApp_Video_2026-08-11_at_6.55.12_AM_(1)/crop_001905.jpg
WhatsApp Video 2026-08-11 at 6.55.12 AM (1).mp4,7,Aluminium,train,1920,32.0,437,267,150,150,287,117,587,417,300,300,206.03,12.14,TRACKED,RETAINED,data/phase2_roi_crops/retained/WhatsApp_Video_2026-08-11_at_6.55.12_AM_(1)/crop_001920.jpg
WhatsApp Video 2026-08-11 at 6.55.12 AM (1).mp4,7,Aluminium,train,1935,32.25,436,269,150,150,286,119,586,419,300,300,219.65,7.18,TRACKED,RETAINED,data/phase2_roi_crops/retained/WhatsApp_Video_2026-08-11_at_6.55.12_AM_(1)/crop_001935.jpg
WhatsApp Video 2026-08-11 at 6.55.12 AM (1).mp4,7,Aluminium,train,1950,32.5,435,268,150,150,285,118,585,418,300,300,229.54,5.36,TRACKED,RETAINED,data/phase2_roi_crops/retained/WhatsApp_Video_2026-08-11_at_6.55.12_AM_(1)/crop_001950.jpg
WhatsApp Video 2026-08-11 at 6.55.12 AM (1).mp4,7,Aluminium,train,1965,32.75,436,265,150,150,286,115,586,415,300,300,225.93,8.95,TRACKED,RETAINED,data/phase2_roi_crops/retained/WhatsApp_Video_2026-08-11_at_6.55.12_AM_(1)/crop_001965.jpg
WhatsApp Video 2026-08-11 at 6.55.12 AM (1).mp4,7,Aluminium,train,1980,33.0,436,265,150,150,286,115,586,415,300,300,206.46,4.58,TRACKED,RETAINED,data/phase2_roi_crops/retained/WhatsApp_Video_2026-08-11_at_6.55.12_AM_(1)/crop_001980.jpg
WhatsApp Video 2026-08-11 at 6.55.12 AM (1).mp4,7,Aluminium,train,1995,33.25,435,266,150,150,285,116,585,416,300,300,227.7,5.69,TRACKED,RETAINED,data/phase2_roi_crops/retained/WhatsApp_Video_2026-08-11_at_6.55.12_AM_(1)/crop_001995.jpg
WhatsApp Video 2026-08-11 at 6.55.12 AM (1).mp4,7,Aluminium,train,2010,33.5,434,266,150,150,284,116,584,416,300,300,187.94,5.89,TRACKED,RETAINED,data/phase2_roi_crops/retained/WhatsApp_Video_2026-08-11_at_6.55.12_AM_(1)/crop_002010.jpg
WhatsApp Video 2026-08-11 at 6.55.12 AM (1).mp4,7,Aluminium,train,2025,33.75,434,267,150,150,284,117,584,417,300,300,198.06,5.97,TRACKED,RETAINED,data/phase2_roi_crops/retained/WhatsApp_Video_2026-08-11_at_6.55.12_AM_(1)/crop_002025.jpg
WhatsApp Video 2026-08-11 at 6.55.12 AM (1).mp4,7,Aluminium,train,2040,34.0,435,268,150,150,285,118,585,418,300,300,207.37,5.73,TRACKED,RETAINED,data/phase2_roi_crops/retained/WhatsApp_Video_2026-08-11_at_6.55.12_AM_(1)/crop_002040.jpg
WhatsApp Video 2026-08-11 at 6.55.12 AM (1).mp4,7,Aluminium,train,2055,34.25,435,269,150,150,285,119,585,419,300,300,207.62,5.41,TRACKED,RETAINED,data/phase2_roi_crops/retained/WhatsApp_Video_2026-08-11_at_6.55.12_AM_(1)/crop_002055.jpg
WhatsApp Video 2026-08-11 at 6.55.12 AM (1).mp4,7,Aluminium,train,2070,34.5,435,270,150,150,285,120,585,420,300,300,197.47,5.85,TRACKED,RETAINED,data/phase2_roi_crops/retained/WhatsApp_Video_2026-08-11_at_6.55.12_AM_(1)/crop_002070.jpg
WhatsApp Video 2026-08-11 at 6.55.12 AM (1).mp4,7,Aluminium,train,2085,34.75,434,271,150,150,284,121,584,421,300,300,196.98,5.35,TRACKED,RETAINED,data/phase2_roi_crops/retained/WhatsApp_Video_2026-08-11_at_6.55.12_AM_(1)/crop_002085.jpg
WhatsApp Video 2026-08-11 at 6.55.12 AM (1).mp4,7,Aluminium,train,2100,35.0,435,271,150,150,285,121,585,421,300,300,447.73,5.83,TRACKED,RETAINED,data/phase2_roi_crops/retained/WhatsApp_Video_2026-08-11_at_6.55.12_AM_(1)/crop_002100.jpg
WhatsApp Video 2026-08-11 at 6.55.12 AM (1).mp4,7,Aluminium,train,2115,35.25,434,272,150,150,284,122,584,422,300,300,213.75,5.58,TRACKED,RETAINED,data/phase2_roi_crops/retained/WhatsApp_Video_2026-08-11_at_6.55.12_AM_(1)/crop_002115.jpg
WhatsApp Video 2026-08-11 at 6.55.12 AM (1).mp4,7,Aluminium,train,2130,35.5,436,270,150,150,286,120,586,420,300,300,216.52,15.46,TRACKED,RETAINED,data/phase2_roi_crops/retained/WhatsApp_Video_2026-08-11_at_6.55.12_AM_(1)/crop_002130.jpg
WhatsApp Video 2026-08-11 at 6.55.12 AM (1).mp4,7,Aluminium,train,2145,35.75,435,270,150,150,285,120,585,420,300,300,221.18,7.14,TRACKED,RETAINED,data/phase2_roi_crops/retained/WhatsApp_Video_2026-08-11_at_6.55.12_AM_(1)/crop_002145.jpg
WhatsApp Video 2026-08-11 at 6.55.12 AM (1).mp4,7,Aluminium,train,2160,36.0,434,271,150,150,284,121,584,421,300,300,217.3,5.5,TRACKED,RETAINED,data/phase2_roi_crops/retained/WhatsApp_Video_2026-08-11_at_6.55.12_AM_(1)/crop_002160.jpg
WhatsApp Video 2026-08-11 at 6.55.12 AM (1).mp4,7,Aluminium,train,2175,36.25,434,271,150,150,284,121,584,421,300,300,283.55,5.99,TRACKED,RETAINED,data/phase2_roi_crops/retained/WhatsApp_Video_2026-08-11_at_6.55.12_AM_(1)/crop_002175.jpg
WhatsApp Video 2026-08-11 at 6.55.12 AM (1).mp4,7,Aluminium,train,2190,36.5,434,271,150,150,284,121,584,421,300,300,216.1,10.31,TRACKED,RETAINED,data/phase2_roi_crops/retained/WhatsApp_Video_2026-08-11_at_6.55.12_AM_(1)/crop_002190.jpg
WhatsApp Video 2026-08-11 at 6.55.12 AM (1).mp4,7,Aluminium,train,2205,36.75,435,272,150,150,285,122,585,422,300,300,225.06,4.6,TRACKED,RETAINED,data/phase2_roi_crops/retained/WhatsApp_Video_2026-08-11_at_6.55.12_AM_(1)/crop_002205.jpg
WhatsApp Video 2026-08-11 at 6.55.12 AM (1).mp4,7,Aluminium,train,2220,37.0,436,273,150,150,286,123,586,423,300,300,212.9,5.1,TRACKED,RETAINED,data/phase2_roi_crops/retained/WhatsApp_Video_2026-08-11_at_6.55.12_AM_(1)/crop_002220.jpg
WhatsApp Video 2026-08-11 at 6.55.12 AM (1).mp4,7,Aluminium,train,2235,37.25,437,273,150,150,287,123,587,423,300,300,232.9,5.08,TRACKED,RETAINED,data/phase2_roi_crops/retained/WhatsApp_Video_2026-08-11_at_6.55.12_AM_(1)/crop_002235.jpg
WhatsApp Video 2026-08-11 at 6.55.12 AM (1).mp4,7,Aluminium,train,2250,37.5,438,275,150,150,288,125,588,425,300,300,220.24,5.89,TRACKED,RETAINED,data/phase2_roi_crops/retained/WhatsApp_Video_2026-08-11_at_6.55.12_AM_(1)/crop_002250.jpg
WhatsApp Video 2026-08-11 at 6.55.12 AM (1).mp4,7,Aluminium,train,2265,37.75,436,274,150,150,286,124,586,424,300,300,207.59,6.02,TRACKED,RETAINED,data/phase2_roi_crops/retained/WhatsApp_Video_2026-08-11_at_6.55.12_AM_(1)/crop_002265.jpg
WhatsApp Video 2026-08-11 at 6.55.12 AM (1).mp4,7,Aluminium,train,2280,38.0,435,273,150,150,285,123,585,423,300,300,214.54,7.24,TRACKED,RETAINED,data/phase2_roi_crops/retained/WhatsApp_Video_2026-08-11_at_6.55.12_AM_(1)/crop_002280.jpg
WhatsApp Video 2026-08-11 at 6.55.12 AM (1).mp4,7,Aluminium,train,2295,38.25,436,272,150,150,286,122,586,422,300,300,228.35,10.72,TRACKED,RETAINED,data/phase2_roi_crops/retained/WhatsApp_Video_2026-08-11_at_6.55.12_AM_(1)/crop_002295.jpg
WhatsApp Video 2026-08-11 at 6.55.12 AM (1).mp4,7,Aluminium,train,2310,38.5,436,270,150,150,286,120,586,420,300,300,192.22,8.84,TRACKED,RETAINED,data/phase2_roi_crops/retained/WhatsApp_Video_2026-08-11_at_6.55.12_AM_(1)/crop_002310.jpg
WhatsApp Video 2026-08-11 at 6.55.12 AM (1).mp4,7,Aluminium,train,2325,38.75,438,269,150,150,288,119,588,419,300,300,193.4,8.65,TRACKED,RETAINED,data/phase2_roi_crops/retained/WhatsApp_Video_2026-08-11_at_6.55.12_AM_(1)/crop_002325.jpg
WhatsApp Video 2026-08-11 at 6.55.12 AM (1).mp4,7,Aluminium,train,2340,39.0,436,269,150,150,286,119,586,419,300,300,192.43,8.15,TRACKED,RETAINED,data/phase2_roi_crops/retained/WhatsApp_Video_2026-08-11_at_6.55.12_AM_(1)/crop_002340.jpg
WhatsApp Video 2026-08-11 at 6.55.12 AM (1).mp4,7,Aluminium,train,2355,39.25,435,269,150,150,285,119,585,419,300,300,185.71,5.21,TRACKED,RETAINED,data/phase2_roi_crops/retained/WhatsApp_Video_2026-08-11_at_6.55.12_AM_(1)/crop_002355.jpg
WhatsApp Video 2026-08-11 at 6.55.12 AM (1).mp4,7,Aluminium,train,2370,39.5,436,270,150,150,286,120,586,420,300,300,174.39,6.38,TRACKED,RETAINED,data/phase2_roi_crops/retained/WhatsApp_Video_2026-08-11_at_6.55.12_AM_(1)/crop_002370.jpg
WhatsApp Video 2026-08-11 at 6.55.12 AM (1).mp4,7,Aluminium,train,2385,39.75,438,273,150,150,288,123,588,423,300,300,167.96,12.03,TRACKED,RETAINED,data/phase2_roi_crops/retained/WhatsApp_Video_2026-08-11_at_6.55.12_AM_(1)/crop_002385.jpg
WhatsApp Video 2026-08-11 at 6.55.12 AM (1).mp4,7,Aluminium,train,2400,40.0,439,275,150,150,289,125,589,425,300,300,335.98,10.43,TRACKED,RETAINED,data/phase2_roi_crops/retained/WhatsApp_Video_2026-08-11_at_6.55.12_AM_(1)/crop_002400.jpg
WhatsApp Video 2026-08-11 at 6.55.12 AM (1).mp4,7,Aluminium,train,2415,40.25,440,276,150,150,290,126,590,426,300,300,144.52,6.77,TRACKED,RETAINED,data/phase2_roi_crops/retained/WhatsApp_Video_2026-08-11_at_6.55.12_AM_(1)/crop_002415.jpg
WhatsApp Video 2026-08-11 at 6.55.12 AM (1).mp4,7,Aluminium,train,2430,40.5,440,277,150,150,290,127,590,427,300,300,164.97,4.49,TRACKED,RETAINED,data/phase2_roi_crops/retained/WhatsApp_Video_2026-08-11_at_6.55.12_AM_(1)/crop_002430.jpg
WhatsApp Video 2026-08-11 at 6.55.12 AM (1).mp4,7,Aluminium,train,2445,40.75,440,276,150,150,290,126,590,426,300,300,163.69,5.04,TRACKED,RETAINED,data/phase2_roi_crops/retained/WhatsApp_Video_2026-08-11_at_6.55.12_AM_(1)/crop_002445.jpg
WhatsApp Video 2026-08-11 at 6.55.12 AM (1).mp4,7,Aluminium,train,2460,41.0,441,277,150,150,291,127,591,427,300,300,167.41,5.3,TRACKED,RETAINED,data/phase2_roi_crops/retained/WhatsApp_Video_2026-08-11_at_6.55.12_AM_(1)/crop_002460.jpg
WhatsApp Video 2026-08-11 at 6.55.12 AM (1).mp4,7,Aluminium,train,2475,41.25,441,277,150,150,291,127,591,427,300,300,153.38,4.77,TRACKED,RETAINED,data/phase2_roi_crops/retained/WhatsApp_Video_2026-08-11_at_6.55.12_AM_(1)/crop_002475.jpg
WhatsApp Video 2026-08-11 at 6.55.12 AM (1).mp4,7,Aluminium,train,2490,41.5,442,277,150,150,292,127,592,427,300,300,144.06,6.46,TRACKED,RETAINED,data/phase2_roi_crops/retained/WhatsApp_Video_2026-08-11_at_6.55.12_AM_(1)/crop_002490.jpg
WhatsApp Video 2026-08-11 at 6.55.12 AM (1).mp4,7,Aluminium,train,2505,41.75,440,274,150,150,290,124,590,424,300,300,165.73,15.33,TRACKED,RETAINED,data/phase2_roi_crops/retained/WhatsApp_Video_2026-08-11_at_6.55.12_AM_(1)/crop_002505.jpg
WhatsApp Video 2026-08-11 at 6.55.12 AM (1).mp4,7,Aluminium,train,2520,42.0,438,275,150,150,288,125,588,425,300,300,132.07,18.51,TRACKED,RETAINED,data/phase2_roi_crops/retained/WhatsApp_Video_2026-08-11_at_6.55.12_AM_(1)/crop_002520.jpg
WhatsApp Video 2026-08-11 at 6.55.12 AM (1).mp4,7,Aluminium,train,2535,42.25,439,275,150,150,289,125,589,425,300,300,122.02,9.03,TRACKED,RETAINED,data/phase2_roi_crops/retained/WhatsApp_Video_2026-08-11_at_6.55.12_AM_(1)/crop_002535.jpg
WhatsApp Video 2026-08-11 at 6.55.12 AM (1).mp4,7,Aluminium,train,2550,42.5,441,274,150,150,291,124,591,424,300,300,120.3,7.34,TRACKED,RETAINED,data/phase2_roi_crops/retained/WhatsApp_Video_2026-08-11_at_6.55.12_AM_(1)/crop_002550.jpg
WhatsApp Video 2026-08-11 at 6.55.12 AM (1).mp4,7,Aluminium,train,2565,42.75,437,276,150,150,287,126,587,426,300,300,138.36,16.84,TRACKED,RETAINED,data/phase2_roi_crops/retained/WhatsApp_Video_2026-08-11_at_6.55.12_AM_(1)/crop_002565.jpg
WhatsApp Video 2026-08-11 at 6.55.12 AM (1).mp4,7,Aluminium,train,2580,43.0,435,278,150,150,285,128,585,428,300,300,117.58,7.1,TRACKED,RETAINED,data/phase2_roi_crops/retained/WhatsApp_Video_2026-08-11_at_6.55.12_AM_(1)/crop_002580.jpg
WhatsApp Video 2026-08-11 at 6.55.12 AM (1).mp4,7,Aluminium,train,2595,43.25,435,279,150,150,285,129,585,429,300,300,122.55,6.38,TRACKED,RETAINED,data/phase2_roi_crops/retained/WhatsApp_Video_2026-08-11_at_6.55.12_AM_(1)/crop_002595.jpg
WhatsApp Video 2026-08-11 at 6.55.12 AM (1).mp4,7,Aluminium,train,2610,43.5,439,278,150,150,289,128,589,428,300,300,136.95,16.01,TRACKED,RETAINED,data/phase2_roi_crops/retained/WhatsApp_Video_2026-08-11_at_6.55.12_AM_(1)/crop_002610.jpg
WhatsApp Video 2026-08-11 at 6.55.12 AM (1).mp4,7,Aluminium,train,2625,43.75,438,275,150,150,288,125,588,425,300,300,117.98,6.11,TRACKED,RETAINED,data/phase2_roi_crops/retained/WhatsApp_Video_2026-08-11_at_6.55.12_AM_(1)/crop_002625.jpg
WhatsApp Video 2026-08-11 at 6.55.12 AM (1).mp4,7,Aluminium,train,2640,44.0,436,274,150,150,286,124,586,424,300,300,124.11,4.41,TRACKED,RETAINED,data/phase2_roi_crops/retained/WhatsApp_Video_2026-08-11_at_6.55.12_AM_(1)/crop_002640.jpg
WhatsApp Video 2026-08-11 at 6.55.12 AM (1).mp4,7,Aluminium,train,2655,44.25,436,272,150,150,286,122,586,422,300,300,131.9,8.71,TRACKED,RETAINED,data/phase2_roi_crops/retained/WhatsApp_Video_2026-08-11_at_6.55.12_AM_(1)/crop_002655.jpg
WhatsApp Video 2026-08-11 at 6.55.12 AM (1).mp4,7,Aluminium,train,2670,44.5,438,271,150,150,288,121,588,421,300,300,110.4,21.35,TRACKED,RETAINED,data/phase2_roi_crops/retained/WhatsApp_Video_2026-08-11_at_6.55.12_AM_(1)/crop_002670.jpg
WhatsApp Video 2026-08-11 at 6.55.12 AM (1).mp4,7,Aluminium,train,2685,44.75,438,275,150,150,288,125,588,425,300,300,113.54,22.36,TRACKED,RETAINED,data/phase2_roi_crops/retained/WhatsApp_Video_2026-08-11_at_6.55.12_AM_(1)/crop_002685.jpg
WhatsApp Video 2026-08-11 at 6.55.12 AM (1).mp4,7,Aluminium,train,2700,45.0,437,274,150,150,287,124,587,424,300,300,194.41,14.17,TRACKED,RETAINED,data/phase2_roi_crops/retained/WhatsApp_Video_2026-08-11_at_6.55.12_AM_(1)/crop_002700.jpg
WhatsApp Video 2026-08-11 at 6.55.12 AM (1).mp4,7,Aluminium,train,2715,45.25,436,273,150,150,286,123,586,423,300,300,105.3,14.92,TRACKED,RETAINED,data/phase2_roi_crops/retained/WhatsApp_Video_2026-08-11_at_6.55.12_AM_(1)/crop_002715.jpg
WhatsApp Video 2026-08-11 at 6.55.12 AM (1).mp4,7,Aluminium,train,2730,45.5,436,271,150,150,286,121,586,421,300,300,152.86,9.02,TRACKED,RETAINED,data/phase2_roi_crops/retained/WhatsApp_Video_2026-08-11_at_6.55.12_AM_(1)/crop_002730.jpg
WhatsApp Video 2026-08-11 at 6.55.12 AM (1).mp4,7,Aluminium,train,2745,45.75,437,270,150,150,287,120,587,420,300,300,161.72,6.29,TRACKED,RETAINED,data/phase2_roi_crops/retained/WhatsApp_Video_2026-08-11_at_6.55.12_AM_(1)/crop_002745.jpg
WhatsApp Video 2026-08-11 at 6.55.12 AM (1).mp4,7,Aluminium,train,2760,46.0,437,273,150,150,287,123,587,423,300,300,182.44,4.45,TRACKED,RETAINED,data/phase2_roi_crops/retained/WhatsApp_Video_2026-08-11_at_6.55.12_AM_(1)/crop_002760.jpg
WhatsApp Video 2026-08-11 at 6.55.12 AM (1).mp4,7,Aluminium,train,2775,46.25,436,274,150,150,286,124,586,424,300,300,152.48,5.79,TRACKED,RETAINED,data/phase2_roi_crops/retained/WhatsApp_Video_2026-08-11_at_6.55.12_AM_(1)/crop_002775.jpg
WhatsApp Video 2026-08-11 at 6.55.12 AM (1).mp4,7,Aluminium,train,2790,46.5,434,274,150,150,284,124,584,424,300,300,168.09,3.87,TRACKED,RETAINED,data/phase2_roi_crops/retained/WhatsApp_Video_2026-08-11_at_6.55.12_AM_(1)/crop_002790.jpg
WhatsApp Video 2026-08-11 at 6.55.12 AM (1).mp4,7,Aluminium,train,2805,46.75,433,273,150,150,283,123,583,423,300,300,199.85,7.04,TRACKED,RETAINED,data/phase2_roi_crops/retained/WhatsApp_Video_2026-08-11_at_6.55.12_AM_(1)/crop_002805.jpg
WhatsApp Video 2026-08-11 at 6.55.12 AM (1).mp4,7,Aluminium,train,2820,47.0,435,269,150,150,285,119,585,419,300,300,163.67,15.6,TRACKED,RETAINED,data/phase2_roi_crops/retained/WhatsApp_Video_2026-08-11_at_6.55.12_AM_(1)/crop_002820.jpg
WhatsApp Video 2026-08-11 at 6.55.12 AM (1).mp4,7,Aluminium,train,2835,47.25,432,269,150,150,282,119,582,419,300,300,204.62,6.26,TRACKED,RETAINED,data/phase2_roi_crops/retained/WhatsApp_Video_2026-08-11_at_6.55.12_AM_(1)/crop_002835.jpg
WhatsApp Video 2026-08-11 at 6.55.12 AM (1).mp4,7,Aluminium,train,2850,47.5,431,270,150,150,281,120,581,420,300,300,180.0,6.36,TRACKED,RETAINED,data/phase2_roi_crops/retained/WhatsApp_Video_2026-08-11_at_6.55.12_AM_(1)/crop_002850.jpg
WhatsApp Video 2026-08-11 at 6.55.12 AM (1).mp4,7,Aluminium,train,2865,47.75,430,270,150,150,280,120,580,420,300,300,151.5,4.73,TRACKED,RETAINED,data/phase2_roi_crops/retained/WhatsApp_Video_2026-08-11_at_6.55.12_AM_(1)/crop_002865.jpg
WhatsApp Video 2026-08-11 at 6.55.12 AM (1).mp4,7,Aluminium,train,2880,48.0,430,268,150,150,280,118,580,418,300,300,154.49,4.23,TRACKED,RETAINED,data/phase2_roi_crops/retained/WhatsApp_Video_2026-08-11_at_6.55.12_AM_(1)/crop_002880.jpg
WhatsApp Video 2026-08-11 at 6.55.12 AM (1).mp4,7,Aluminium,train,2895,48.25,430,268,150,150,280,118,580,418,300,300,169.7,4.59,TRACKED,RETAINED,data/phase2_roi_crops/retained/WhatsApp_Video_2026-08-11_at_6.55.12_AM_(1)/crop_002895.jpg
WhatsApp Video 2026-08-11 at 6.55.12 AM (1).mp4,7,Aluminium,train,2910,48.5,431,268,150,150,281,118,581,418,300,300,181.58,5.97,TRACKED,RETAINED,data/phase2_roi_crops/retained/WhatsApp_Video_2026-08-11_at_6.55.12_AM_(1)/crop_002910.jpg
WhatsApp Video 2026-08-11 at 6.55.12 AM (1).mp4,7,Aluminium,train,2925,48.75,432,267,150,150,282,117,582,417,300,300,161.88,6.03,TRACKED,RETAINED,data/phase2_roi_crops/retained/WhatsApp_Video_2026-08-11_at_6.55.12_AM_(1)/crop_002925.jpg
WhatsApp Video 2026-08-11 at 6.55.12 AM (1).mp4,7,Aluminium,train,2940,49.0,432,268,150,150,282,118,582,418,300,300,188.6,6.26,TRACKED,RETAINED,data/phase2_roi_crops/retained/WhatsApp_Video_2026-08-11_at_6.55.12_AM_(1)/crop_002940.jpg
WhatsApp Video 2026-08-11 at 6.55.12 AM (1).mp4,7,Aluminium,train,2955,49.25,433,270,150,150,283,120,583,420,300,300,181.98,4.57,TRACKED,RETAINED,data/phase2_roi_crops/retained/WhatsApp_Video_2026-08-11_at_6.55.12_AM_(1)/crop_002955.jpg
WhatsApp Video 2026-08-11 at 6.55.12 AM (1).mp4,7,Aluminium,train,2970,49.5,432,264,150,150,282,114,582,414,300,300,160.99,17.76,TRACKED,RETAINED,data/phase2_roi_crops/retained/WhatsApp_Video_2026-08-11_at_6.55.12_AM_(1)/crop_002970.jpg
WhatsApp Video 2026-08-11 at 6.55.12 AM (1).mp4,7,Aluminium,train,2985,49.75,434,260,150,150,284,110,584,410,300,300,221.77,9.88,TRACKED,RETAINED,data/phase2_roi_crops/retained/WhatsApp_Video_2026-08-11_at_6.55.12_AM_(1)/crop_002985.jpg
WhatsApp Video 2026-08-11 at 6.55.12 AM (1).mp4,7,Aluminium,train,3000,50.0,433,264,150,150,283,114,583,414,300,300,324.36,17.65,TRACKED,RETAINED,data/phase2_roi_crops/retained/WhatsApp_Video_2026-08-11_at_6.55.12_AM_(1)/crop_003000.jpg
WhatsApp Video 2026-08-11 at 6.55.12 AM (1).mp4,7,Aluminium,train,3015,50.25,433,263,150,150,283,113,583,413,300,300,180.77,8.19,TRACKED,RETAINED,data/phase2_roi_crops/retained/WhatsApp_Video_2026-08-11_at_6.55.12_AM_(1)/crop_003015.jpg
WhatsApp Video 2026-08-11 at 6.55.12 AM (1).mp4,7,Aluminium,train,3030,50.5,432,261,150,150,282,111,582,411,300,300,176.52,9.06,TRACKED,RETAINED,data/phase2_roi_crops/retained/WhatsApp_Video_2026-08-11_at_6.55.12_AM_(1)/crop_003030.jpg
WhatsApp Video 2026-08-11 at 6.55.12 AM (1).mp4,7,Aluminium,train,3045,50.75,432,262,150,150,282,112,582,412,300,300,166.16,4.42,TRACKED,RETAINED,data/phase2_roi_crops/retained/WhatsApp_Video_2026-08-11_at_6.55.12_AM_(1)/crop_003045.jpg
WhatsApp Video 2026-08-11 at 6.55.12 AM (1).mp4,7,Aluminium,train,3060,51.0,434,261,150,150,284,111,584,411,300,300,152.93,4.46,TRACKED,RETAINED,data/phase2_roi_crops/retained/WhatsApp_Video_2026-08-11_at_6.55.12_AM_(1)/crop_003060.jpg
WhatsApp Video 2026-08-11 at 6.55.12 AM (1).mp4,7,Aluminium,train,3075,51.25,435,259,150,150,285,109,585,409,300,300,171.65,5.61,TRACKED,RETAINED,data/phase2_roi_crops/retained/WhatsApp_Video_2026-08-11_at_6.55.12_AM_(1)/crop_003075.jpg
WhatsApp Video 2026-08-11 at 6.55.12 AM (1).mp4,7,Aluminium,train,3090,51.5,433,259,150,150,283,109,583,409,300,300,158.26,10.2,TRACKED,RETAINED,data/phase2_roi_crops/retained/WhatsApp_Video_2026-08-11_at_6.55.12_AM_(1)/crop_003090.jpg
WhatsApp Video 2026-08-11 at 6.55.12 AM (1).mp4,7,Aluminium,train,3105,51.75,433,258,150,150,283,108,583,408,300,300,157.76,9.27,TRACKED,RETAINED,data/phase2_roi_crops/retained/WhatsApp_Video_2026-08-11_at_6.55.12_AM_(1)/crop_003105.jpg
WhatsApp Video 2026-08-11 at 6.55.12 AM (1).mp4,7,Aluminium,train,3120,52.0,434,257,150,150,284,107,584,407,300,300,163.25,5.49,TRACKED,RETAINED,data/phase2_roi_crops/retained/WhatsApp_Video_2026-08-11_at_6.55.12_AM_(1)/crop_003120.jpg
WhatsApp Video 2026-08-11 at 6.55.12 AM (1).mp4,7,Aluminium,train,3135,52.25,432,256,150,150,282,106,582,406,300,300,185.84,9.2,TRACKED,RETAINED,data/phase2_roi_crops/retained/WhatsApp_Video_2026-08-11_at_6.55.12_AM_(1)/crop_003135.jpg
WhatsApp Video 2026-08-11 at 6.55.12 AM (1).mp4,7,Aluminium,train,3150,52.5,432,256,150,150,282,106,582,406,300,300,177.76,6.63,TRACKED,RETAINED,data/phase2_roi_crops/retained/WhatsApp_Video_2026-08-11_at_6.55.12_AM_(1)/crop_003150.jpg
WhatsApp Video 2026-08-11 at 6.55.12 AM (1).mp4,7,Aluminium,train,3165,52.75,433,257,150,150,283,107,583,407,300,300,159.92,6.85,TRACKED,RETAINED,data/phase2_roi_crops/retained/WhatsApp_Video_2026-08-11_at_6.55.12_AM_(1)/crop_003165.jpg
WhatsApp Video 2026-08-11 at 6.55.12 AM (1).mp4,7,Aluminium,train,3180,53.0,432,253,150,150,282,103,582,403,300,300,139.8,10.63,TRACKED,RETAINED,data/phase2_roi_crops/retained/WhatsApp_Video_2026-08-11_at_6.55.12_AM_(1)/crop_003180.jpg
WhatsApp Video 2026-08-11 at 6.55.12 AM (1).mp4,7,Aluminium,train,3195,53.25,428,254,150,150,278,104,578,404,300,300,160.5,9.31,TRACKED,RETAINED,data/phase2_roi_crops/retained/WhatsApp_Video_2026-08-11_at_6.55.12_AM_(1)/crop_003195.jpg
WhatsApp Video 2026-08-11 at 6.55.12 AM (1).mp4,7,Aluminium,train,3210,53.5,432,252,150,150,282,102,582,402,300,300,137.97,7.31,TRACKED,RETAINED,data/phase2_roi_crops/retained/WhatsApp_Video_2026-08-11_at_6.55.12_AM_(1)/crop_003210.jpg
WhatsApp Video 2026-08-11 at 6.55.12 AM (1).mp4,7,Aluminium,train,3225,53.75,432,254,150,150,282,104,582,404,300,300,128.48,10.74,TRACKED,RETAINED,data/phase2_roi_crops/retained/WhatsApp_Video_2026-08-11_at_6.55.12_AM_(1)/crop_003225.jpg
WhatsApp Video 2026-08-11 at 6.55.12 AM (1).mp4,7,Aluminium,train,3240,54.0,431,252,150,150,281,102,581,402,300,300,114.46,9.71,TRACKED,RETAINED,data/phase2_roi_crops/retained/WhatsApp_Video_2026-08-11_at_6.55.12_AM_(1)/crop_003240.jpg
WhatsApp Video 2026-08-11 at 6.55.12 AM (1).mp4,7,Aluminium,train,3255,54.25,428,257,150,150,278,107,578,407,300,300,124.17,14.52,TRACKED,RETAINED,data/phase2_roi_crops/retained/WhatsApp_Video_2026-08-11_at_6.55.12_AM_(1)/crop_003255.jpg
WhatsApp Video 2026-08-11 at 6.55.12 AM (1).mp4,7,Aluminium,train,3270,54.5,427,253,150,150,277,103,577,403,300,300,97.41,16.23,TRACKED,RETAINED,data/phase2_roi_crops/retained/WhatsApp_Video_2026-08-11_at_6.55.12_AM_(1)/crop_003270.jpg
WhatsApp Video 2026-08-11 at 6.55.12 AM (1).mp4,7,Aluminium,train,3285,54.75,430,249,150,150,280,99,580,399,300,300,116.09,15.63,TRACKED,RETAINED,data/phase2_roi_crops/retained/WhatsApp_Video_2026-08-11_at_6.55.12_AM_(1)/crop_003285.jpg
WhatsApp Video 2026-08-11 at 6.55.12 AM (1).mp4,7,Aluminium,train,3300,55.0,427,252,150,150,277,102,577,402,300,300,193.84,11.06,TRACKED,RETAINED,data/phase2_roi_crops/retained/WhatsApp_Video_2026-08-11_at_6.55.12_AM_(1)/crop_003300.jpg
WhatsApp Video 2026-08-11 at 6.55.12 AM (1).mp4,7,Aluminium,train,3315,55.25,430,252,150,150,280,102,580,402,300,300,120.08,8.61,TRACKED,RETAINED,data/phase2_roi_crops/retained/WhatsApp_Video_2026-08-11_at_6.55.12_AM_(1)/crop_003315.jpg
WhatsApp Video 2026-08-11 at 6.55.12 AM (1).mp4,7,Aluminium,train,3330,55.5,430,254,150,150,280,104,580,404,300,300,133.91,10.94,TRACKED,RETAINED,data/phase2_roi_crops/retained/WhatsApp_Video_2026-08-11_at_6.55.12_AM_(1)/crop_003330.jpg
WhatsApp Video 2026-08-11 at 6.55.12 AM (1).mp4,7,Aluminium,train,3345,55.75,430,250,150,150,280,100,580,400,300,300,111.88,11.2,TRACKED,RETAINED,data/phase2_roi_crops/retained/WhatsApp_Video_2026-08-11_at_6.55.12_AM_(1)/crop_003345.jpg
WhatsApp Video 2026-08-11 at 6.55.12 AM (1).mp4,7,Aluminium,train,3360,56.0,426,249,150,150,276,99,576,399,300,300,113.05,6.17,TRACKED,RETAINED,data/phase2_roi_crops/retained/WhatsApp_Video_2026-08-11_at_6.55.12_AM_(1)/crop_003360.jpg
WhatsApp Video 2026-08-11 at 6.55.12 AM (1).mp4,7,Aluminium,train,3375,56.25,429,247,150,150,279,97,579,397,300,300,105.19,11.57,TRACKED,RETAINED,data/phase2_roi_crops/retained/WhatsApp_Video_2026-08-11_at_6.55.12_AM_(1)/crop_003375.jpg
WhatsApp Video 2026-08-11 at 6.55.12 AM (1).mp4,7,Aluminium,train,3390,56.5,429,247,150,150,279,97,579,397,300,300,113.37,5.43,TRACKED,RETAINED,data/phase2_roi_crops/retained/WhatsApp_Video_2026-08-11_at_6.55.12_AM_(1)/crop_003390.jpg
WhatsApp Video 2026-08-11 at 6.55.12 AM (1).mp4,7,Aluminium,train,3405,56.75,429,249,150,150,279,99,579,399,300,300,103.93,4.18,TRACKED,RETAINED,data/phase2_roi_crops/retained/WhatsApp_Video_2026-08-11_at_6.55.12_AM_(1)/crop_003405.jpg
WhatsApp Video 2026-08-11 at 6.55.12 AM (1).mp4,7,Aluminium,train,3420,57.0,428,248,150,150,278,98,578,398,300,300,121.42,13.65,TRACKED,RETAINED,data/phase2_roi_crops/retained/WhatsApp_Video_2026-08-11_at_6.55.12_AM_(1)/crop_003420.jpg
WhatsApp Video 2026-08-11 at 6.55.12 AM (1).mp4,7,Aluminium,train,3435,57.25,428,250,150,150,278,100,578,400,300,300,111.79,8.85,TRACKED,RETAINED,data/phase2_roi_crops/retained/WhatsApp_Video_2026-08-11_at_6.55.12_AM_(1)/crop_003435.jpg
WhatsApp Video 2026-08-11 at 6.55.12 AM (1).mp4,7,Aluminium,train,3450,57.5,424,246,150,150,274,96,574,396,300,300,116.34,16.37,TRACKED,RETAINED,data/phase2_roi_crops/retained/WhatsApp_Video_2026-08-11_at_6.55.12_AM_(1)/crop_003450.jpg
WhatsApp Video 2026-08-11 at 6.55.12 AM (1).mp4,7,Aluminium,train,3465,57.75,427,242,150,150,277,92,577,392,300,300,334.94,14.1,TRACKED,RETAINED,data/phase2_roi_crops/retained/WhatsApp_Video_2026-08-11_at_6.55.12_AM_(1)/crop_003465.jpg
WhatsApp Video 2026-08-11 at 6.55.10 AM (2).mp4,3,Aluminium,train,0,0.0,552,274,150,150,402,124,702,424,300,300,250.4,0.0,TRACKED,RETAINED,data/phase2_roi_crops/retained/WhatsApp_Video_2026-08-11_at_6.55.10_AM_(2)/crop_000000.jpg
WhatsApp Video 2026-08-11 at 6.55.10 AM (2).mp4,3,Aluminium,train,15,0.25,551,273,150,150,401,123,701,423,300,300,127.59,8.98,TRACKED,RETAINED,data/phase2_roi_crops/retained/WhatsApp_Video_2026-08-11_at_6.55.10_AM_(2)/crop_000015.jpg
WhatsApp Video 2026-08-11 at 6.55.10 AM (2).mp4,3,Aluminium,train,30,0.5,550,273,150,150,400,123,700,423,300,300,103.45,8.86,TRACKED,RETAINED,data/phase2_roi_crops/retained/WhatsApp_Video_2026-08-11_at_6.55.10_AM_(2)/crop_000030.jpg
WhatsApp Video 2026-08-11 at 6.55.10 AM (2).mp4,3,Aluminium,train,45,0.75,553,271,150,150,403,121,703,421,300,300,100.77,8.65,TRACKED,RETAINED,data/phase2_roi_crops/retained/WhatsApp_Video_2026-08-11_at_6.55.10_AM_(2)/crop_000045.jpg
WhatsApp Video 2026-08-11 at 6.55.10 AM (2).mp4,3,Aluminium,train,60,1.0,548,271,150,150,398,121,698,421,300,300,99.56,7.17,TRACKED,RETAINED,data/phase2_roi_crops/retained/WhatsApp_Video_2026-08-11_at_6.55.10_AM_(2)/crop_000060.jpg
WhatsApp Video 2026-08-11 at 6.55.10 AM (2).mp4,3,Aluminium,train,75,1.25,547,269,150,150,397,119,697,419,300,300,105.08,9.01,TRACKED,RETAINED,data/phase2_roi_crops/retained/WhatsApp_Video_2026-08-11_at_6.55.10_AM_(2)/crop_000075.jpg
WhatsApp Video 2026-08-11 at 6.55.10 AM (2).mp4,3,Aluminium,train,90,1.5,545,269,150,150,395,119,695,419,300,300,116.38,8.28,TRACKED,RETAINED,data/phase2_roi_crops/retained/WhatsApp_Video_2026-08-11_at_6.55.10_AM_(2)/crop_000090.jpg
WhatsApp Video 2026-08-11 at 6.55.10 AM (2).mp4,3,Aluminium,train,105,1.75,544,270,150,150,394,120,694,420,300,300,104.25,5.0,TRACKED,RETAINED,data/phase2_roi_crops/retained/WhatsApp_Video_2026-08-11_at_6.55.10_AM_(2)/crop_000105.jpg
WhatsApp Video 2026-08-11 at 6.55.10 AM (2).mp4,3,Aluminium,train,120,2.0,544,269,150,150,394,119,694,419,300,300,96.63,6.7,TRACKED,RETAINED,data/phase2_roi_crops/retained/WhatsApp_Video_2026-08-11_at_6.55.10_AM_(2)/crop_000120.jpg
WhatsApp Video 2026-08-11 at 6.55.10 AM (2).mp4,3,Aluminium,train,135,2.25,544,269,150,150,394,119,694,419,300,300,106.8,11.69,TRACKED,RETAINED,data/phase2_roi_crops/retained/WhatsApp_Video_2026-08-11_at_6.55.10_AM_(2)/crop_000135.jpg
WhatsApp Video 2026-08-11 at 6.55.10 AM (2).mp4,3,Aluminium,train,150,2.5,545,269,150,150,395,119,695,419,300,300,113.28,13.55,TRACKED,RETAINED,data/phase2_roi_crops/retained/WhatsApp_Video_2026-08-11_at_6.55.10_AM_(2)/crop_000150.jpg
WhatsApp Video 2026-08-11 at 6.55.10 AM (2).mp4,3,Aluminium,train,165,2.75,545,268,150,150,395,118,695,418,300,300,120.27,13.69,TRACKED,RETAINED,data/phase2_roi_crops/retained/WhatsApp_Video_2026-08-11_at_6.55.10_AM_(2)/crop_000165.jpg
WhatsApp Video 2026-08-11 at 6.55.10 AM (2).mp4,3,Aluminium,train,180,3.0,542,266,150,150,392,116,692,416,300,300,106.61,16.35,TRACKED,RETAINED,data/phase2_roi_crops/retained/WhatsApp_Video_2026-08-11_at_6.55.10_AM_(2)/crop_000180.jpg
WhatsApp Video 2026-08-11 at 6.55.10 AM (2).mp4,3,Aluminium,train,195,3.25,540,263,150,150,390,113,690,413,300,300,111.43,7.42,TRACKED,RETAINED,data/phase2_roi_crops/retained/WhatsApp_Video_2026-08-11_at_6.55.10_AM_(2)/crop_000195.jpg
WhatsApp Video 2026-08-11 at 6.55.10 AM (2).mp4,3,Aluminium,train,210,3.5,539,265,150,150,389,115,689,415,300,300,84.92,38.09,TRACKED,RETAINED,data/phase2_roi_crops/retained/WhatsApp_Video_2026-08-11_at_6.55.10_AM_(2)/crop_000210.jpg
WhatsApp Video 2026-08-11 at 6.55.10 AM (2).mp4,3,Aluminium,train,225,3.75,540,264,150,150,390,114,690,414,300,300,112.7,11.57,TRACKED,RETAINED,data/phase2_roi_crops/retained/WhatsApp_Video_2026-08-11_at_6.55.10_AM_(2)/crop_000225.jpg
WhatsApp Video 2026-08-11 at 6.55.10 AM (2).mp4,3,Aluminium,train,240,4.0,540,266,150,150,390,116,690,416,300,300,102.26,13.05,TRACKED,RETAINED,data/phase2_roi_crops/retained/WhatsApp_Video_2026-08-11_at_6.55.10_AM_(2)/crop_000240.jpg
WhatsApp Video 2026-08-11 at 6.55.10 AM (2).mp4,3,Aluminium,train,255,4.25,535,264,150,150,385,114,685,414,300,300,100.44,14.99,TRACKED,RETAINED,data/phase2_roi_crops/retained/WhatsApp_Video_2026-08-11_at_6.55.10_AM_(2)/crop_000255.jpg
WhatsApp Video 2026-08-11 at 6.55.10 AM (2).mp4,3,Aluminium,train,270,4.5,534,266,150,150,384,116,684,416,300,300,105.97,11.52,TRACKED,RETAINED,data/phase2_roi_crops/retained/WhatsApp_Video_2026-08-11_at_6.55.10_AM_(2)/crop_000270.jpg
WhatsApp Video 2026-08-11 at 6.55.10 AM (2).mp4,3,Aluminium,train,285,4.75,535,261,150,150,385,111,685,411,300,300,110.79,15.57,TRACKED,RETAINED,data/phase2_roi_crops/retained/WhatsApp_Video_2026-08-11_at_6.55.10_AM_(2)/crop_000285.jpg
WhatsApp Video 2026-08-11 at 6.55.10 AM (2).mp4,3,Aluminium,train,300,5.0,534,261,150,150,384,111,684,411,300,300,216.13,10.66,TRACKED,RETAINED,data/phase2_roi_crops/retained/WhatsApp_Video_2026-08-11_at_6.55.10_AM_(2)/crop_000300.jpg
WhatsApp Video 2026-08-11 at 6.55.10 AM (2).mp4,3,Aluminium,train,315,5.25,533,259,150,150,383,109,683,409,300,300,101.02,11.72,TRACKED,RETAINED,data/phase2_roi_crops/retained/WhatsApp_Video_2026-08-11_at_6.55.10_AM_(2)/crop_000315.jpg
WhatsApp Video 2026-08-11 at 6.55.10 AM (2).mp4,3,Aluminium,train,330,5.5,532,261,150,150,382,111,682,411,300,300,110.23,11.32,TRACKED,RETAINED,data/phase2_roi_crops/retained/WhatsApp_Video_2026-08-11_at_6.55.10_AM_(2)/crop_000330.jpg
WhatsApp Video 2026-08-11 at 6.55.10 AM (2).mp4,3,Aluminium,train,345,5.75,532,260,150,150,382,110,682,410,300,300,104.3,15.28,TRACKED,RETAINED,data/phase2_roi_crops/retained/WhatsApp_Video_2026-08-11_at_6.55.10_AM_(2)/crop_000345.jpg
WhatsApp Video 2026-08-11 at 6.55.10 AM (2).mp4,3,Aluminium,train,360,6.0,532,259,150,150,382,109,682,409,300,300,91.64,9.57,TRACKED,RETAINED,data/phase2_roi_crops/retained/WhatsApp_Video_2026-08-11_at_6.55.10_AM_(2)/crop_000360.jpg
WhatsApp Video 2026-08-11 at 6.55.10 AM (2).mp4,3,Aluminium,train,375,6.25,530,256,150,150,380,106,680,406,300,300,93.43,10.48,TRACKED,RETAINED,data/phase2_roi_crops/retained/WhatsApp_Video_2026-08-11_at_6.55.10_AM_(2)/crop_000375.jpg
WhatsApp Video 2026-08-11 at 6.55.10 AM (2).mp4,3,Aluminium,train,390,6.5,530,258,150,150,380,108,680,408,300,300,85.98,7.34,TRACKED,RETAINED,data/phase2_roi_crops/retained/WhatsApp_Video_2026-08-11_at_6.55.10_AM_(2)/crop_000390.jpg
WhatsApp Video 2026-08-11 at 6.55.10 AM (2).mp4,3,Aluminium,train,405,6.75,527,255,150,150,377,105,677,405,300,300,98.84,19.73,TRACKED,RETAINED,data/phase2_roi_crops/retained/WhatsApp_Video_2026-08-11_at_6.55.10_AM_(2)/crop_000405.jpg
WhatsApp Video 2026-08-11 at 6.55.10 AM (2).mp4,3,Aluminium,train,420,7.0,528,257,150,150,378,107,678,407,300,300,97.2,7.56,TRACKED,RETAINED,data/phase2_roi_crops/retained/WhatsApp_Video_2026-08-11_at_6.55.10_AM_(2)/crop_000420.jpg
WhatsApp Video 2026-08-11 at 6.55.10 AM (2).mp4,3,Aluminium,train,435,7.25,528,254,150,150,378,104,678,404,300,300,94.11,11.59,TRACKED,RETAINED,data/phase2_roi_crops/retained/WhatsApp_Video_2026-08-11_at_6.55.10_AM_(2)/crop_000435.jpg
WhatsApp Video 2026-08-11 at 6.55.10 AM (2).mp4,3,Aluminium,train,450,7.5,525,251,150,150,375,101,675,401,300,300,112.54,15.76,TRACKED,RETAINED,data/phase2_roi_crops/retained/WhatsApp_Video_2026-08-11_at_6.55.10_AM_(2)/crop_000450.jpg
WhatsApp Video 2026-08-11 at 6.55.10 AM (2).mp4,3,Aluminium,train,465,7.75,523,253,150,150,373,103,673,403,300,300,91.68,17.38,TRACKED,RETAINED,data/phase2_roi_crops/retained/WhatsApp_Video_2026-08-11_at_6.55.10_AM_(2)/crop_000465.jpg
WhatsApp Video 2026-08-11 at 6.55.10 AM (2).mp4,3,Aluminium,train,480,8.0,521,253,150,150,371,103,671,403,300,300,99.85,9.25,TRACKED,RETAINED,data/phase2_roi_crops/retained/WhatsApp_Video_2026-08-11_at_6.55.10_AM_(2)/crop_000480.jpg
WhatsApp Video 2026-08-11 at 6.55.10 AM (2).mp4,3,Aluminium,train,495,8.25,522,251,150,150,372,101,672,401,300,300,82.2,13.16,TRACKED,RETAINED,data/phase2_roi_crops/retained/WhatsApp_Video_2026-08-11_at_6.55.10_AM_(2)/crop_000495.jpg
WhatsApp Video 2026-08-11 at 6.55.10 AM (2).mp4,3,Aluminium,train,510,8.5,521,251,150,150,371,101,671,401,300,300,100.55,10.88,TRACKED,RETAINED,data/phase2_roi_crops/retained/WhatsApp_Video_2026-08-11_at_6.55.10_AM_(2)/crop_000510.jpg
WhatsApp Video 2026-08-11 at 6.55.10 AM (2).mp4,3,Aluminium,train,525,8.75,520,249,150,150,370,99,670,399,300,300,109.15,8.81,TRACKED,RETAINED,data/phase2_roi_crops/retained/WhatsApp_Video_2026-08-11_at_6.55.10_AM_(2)/crop_000525.jpg
WhatsApp Video 2026-08-11 at 6.55.10 AM (2).mp4,3,Aluminium,train,540,9.0,519,249,150,150,369,99,669,399,300,300,105.03,8.67,TRACKED,RETAINED,data/phase2_roi_crops/retained/WhatsApp_Video_2026-08-11_at_6.55.10_AM_(2)/crop_000540.jpg
WhatsApp Video 2026-08-11 at 6.55.10 AM (2).mp4,3,Aluminium,train,555,9.25,518,248,150,150,368,98,668,398,300,300,95.09,9.82,TRACKED,RETAINED,data/phase2_roi_crops/retained/WhatsApp_Video_2026-08-11_at_6.55.10_AM_(2)/crop_000555.jpg
WhatsApp Video 2026-08-11 at 6.55.10 AM (2).mp4,3,Aluminium,train,570,9.5,516,247,150,150,366,97,666,397,300,300,93.54,7.18,TRACKED,RETAINED,data/phase2_roi_crops/retained/WhatsApp_Video_2026-08-11_at_6.55.10_AM_(2)/crop_000570.jpg
WhatsApp Video 2026-08-11 at 6.55.10 AM (2).mp4,3,Aluminium,train,585,9.75,514,246,150,150,364,96,664,396,300,300,84.57,13.29,TRACKED,RETAINED,data/phase2_roi_crops/retained/WhatsApp_Video_2026-08-11_at_6.55.10_AM_(2)/crop_000585.jpg
WhatsApp Video 2026-08-11 at 6.55.10 AM (2).mp4,3,Aluminium,train,600,10.0,515,247,150,150,365,97,665,397,300,300,200.43,8.95,TRACKED,RETAINED,data/phase2_roi_crops/retained/WhatsApp_Video_2026-08-11_at_6.55.10_AM_(2)/crop_000600.jpg
WhatsApp Video 2026-08-11 at 6.55.10 AM (2).mp4,3,Aluminium,train,615,10.25,516,248,150,150,366,98,666,398,300,300,101.35,11.65,TRACKED,RETAINED,data/phase2_roi_crops/retained/WhatsApp_Video_2026-08-11_at_6.55.10_AM_(2)/crop_000615.jpg
WhatsApp Video 2026-08-11 at 6.55.10 AM (2).mp4,3,Aluminium,train,630,10.5,517,248,150,150,367,98,667,398,300,300,89.56,13.31,TRACKED,RETAINED,data/phase2_roi_crops/retained/WhatsApp_Video_2026-08-11_at_6.55.10_AM_(2)/crop_000630.jpg
WhatsApp Video 2026-08-11 at 6.55.10 AM (2).mp4,3,Aluminium,train,645,10.75,511,246,150,150,361,96,661,396,300,300,97.72,18.58,TRACKED,RETAINED,data/phase2_roi_crops/retained/WhatsApp_Video_2026-08-11_at_6.55.10_AM_(2)/crop_000645.jpg
WhatsApp Video 2026-08-11 at 6.55.10 AM (2).mp4,3,Aluminium,train,660,11.0,509,243,150,150,359,93,659,393,300,300,89.65,9.42,TRACKED,RETAINED,data/phase2_roi_crops/retained/WhatsApp_Video_2026-08-11_at_6.55.10_AM_(2)/crop_000660.jpg
WhatsApp Video 2026-08-11 at 6.55.10 AM (2).mp4,3,Aluminium,train,675,11.25,513,245,150,150,363,95,663,395,300,300,101.3,20.8,TRACKED,RETAINED,data/phase2_roi_crops/retained/WhatsApp_Video_2026-08-11_at_6.55.10_AM_(2)/crop_000675.jpg
WhatsApp Video 2026-08-11 at 6.55.10 AM (2).mp4,3,Aluminium,train,690,11.5,512,240,150,150,362,90,662,390,300,300,104.24,13.6,TRACKED,RETAINED,data/phase2_roi_crops/retained/WhatsApp_Video_2026-08-11_at_6.55.10_AM_(2)/crop_000690.jpg
WhatsApp Video 2026-08-11 at 6.55.10 AM (2).mp4,3,Aluminium,train,705,11.75,507,242,150,150,357,92,657,392,300,300,118.35,21.3,TRACKED,RETAINED,data/phase2_roi_crops/retained/WhatsApp_Video_2026-08-11_at_6.55.10_AM_(2)/crop_000705.jpg
WhatsApp Video 2026-08-11 at 6.55.10 AM (2).mp4,3,Aluminium,train,720,12.0,508,247,150,150,358,97,658,397,300,300,128.49,22.18,TRACKED,RETAINED,data/phase2_roi_crops/retained/WhatsApp_Video_2026-08-11_at_6.55.10_AM_(2)/crop_000720.jpg
WhatsApp Video 2026-08-11 at 6.55.10 AM (2).mp4,3,Aluminium,train,735,12.25,507,241,150,150,357,91,657,391,300,300,121.8,26.38,TRACKED,RETAINED,data/phase2_roi_crops/retained/WhatsApp_Video_2026-08-11_at_6.55.10_AM_(2)/crop_000735.jpg
WhatsApp Video 2026-08-11 at 6.55.10 AM (2).mp4,3,Aluminium,train,750,12.5,504,239,150,150,354,89,654,389,300,300,118.05,16.27,TRACKED,RETAINED,data/phase2_roi_crops/retained/WhatsApp_Video_2026-08-11_at_6.55.10_AM_(2)/crop_000750.jpg
WhatsApp Video 2026-08-11 at 6.55.10 AM (2).mp4,3,Aluminium,train,765,12.75,505,242,150,150,355,92,655,392,300,300,106.89,6.0,TRACKED,RETAINED,data/phase2_roi_crops/retained/WhatsApp_Video_2026-08-11_at_6.55.10_AM_(2)/crop_000765.jpg
WhatsApp Video 2026-08-11 at 6.55.10 AM (2).mp4,3,Aluminium,train,780,13.0,504,243,150,150,354,93,654,393,300,300,112.6,10.65,TRACKED,RETAINED,data/phase2_roi_crops/retained/WhatsApp_Video_2026-08-11_at_6.55.10_AM_(2)/crop_000780.jpg
WhatsApp Video 2026-08-11 at 6.55.10 AM (2).mp4,3,Aluminium,train,795,13.25,505,244,150,150,355,94,655,394,300,300,109.82,5.15,TRACKED,RETAINED,data/phase2_roi_crops/retained/WhatsApp_Video_2026-08-11_at_6.55.10_AM_(2)/crop_000795.jpg
WhatsApp Video 2026-08-11 at 6.55.10 AM (2).mp4,3,Aluminium,train,810,13.5,502,235,150,150,352,85,652,385,300,300,82.9,21.46,TRACKED,RETAINED,data/phase2_roi_crops/retained/WhatsApp_Video_2026-08-11_at_6.55.10_AM_(2)/crop_000810.jpg
WhatsApp Video 2026-08-11 at 6.55.10 AM (2).mp4,3,Aluminium,train,825,13.75,498,239,150,150,348,89,648,389,300,300,89.63,23.3,TRACKED,RETAINED,data/phase2_roi_crops/retained/WhatsApp_Video_2026-08-11_at_6.55.10_AM_(2)/crop_000825.jpg
WhatsApp Video 2026-08-11 at 6.55.10 AM (2).mp4,3,Aluminium,train,840,14.0,502,239,150,150,352,89,652,389,300,300,106.75,19.5,TRACKED,RETAINED,data/phase2_roi_crops/retained/WhatsApp_Video_2026-08-11_at_6.55.10_AM_(2)/crop_000840.jpg
WhatsApp Video 2026-08-11 at 6.55.10 AM (2).mp4,3,Aluminium,train,855,14.25,499,237,150,150,349,87,649,387,300,300,101.04,9.14,TRACKED,RETAINED,data/phase2_roi_crops/retained/WhatsApp_Video_2026-08-11_at_6.55.10_AM_(2)/crop_000855.jpg
WhatsApp Video 2026-08-11 at 6.55.10 AM (2).mp4,3,Aluminium,train,870,14.5,499,232,150,150,349,82,649,382,300,300,114.09,22.66,TRACKED,RETAINED,data/phase2_roi_crops/retained/WhatsApp_Video_2026-08-11_at_6.55.10_AM_(2)/crop_000870.jpg
WhatsApp Video 2026-08-11 at 6.55.10 AM (2).mp4,3,Aluminium,train,885,14.75,501,237,150,150,351,87,651,387,300,300,98.92,11.93,TRACKED,RETAINED,data/phase2_roi_crops/retained/WhatsApp_Video_2026-08-11_at_6.55.10_AM_(2)/crop_000885.jpg
WhatsApp Video 2026-08-11 at 6.55.10 AM (2).mp4,3,Aluminium,train,900,15.0,495,233,150,150,345,83,645,383,300,300,186.46,21.79,TRACKED,RETAINED,data/phase2_roi_crops/retained/WhatsApp_Video_2026-08-11_at_6.55.10_AM_(2)/crop_000900.jpg
WhatsApp Video 2026-08-11 at 6.55.10 AM (2).mp4,3,Aluminium,train,915,15.25,497,238,150,150,347,88,647,388,300,300,106.24,15.28,TRACKED,RETAINED,data/phase2_roi_crops/retained/WhatsApp_Video_2026-08-11_at_6.55.10_AM_(2)/crop_000915.jpg
WhatsApp Video 2026-08-11 at 6.55.10 AM (2).mp4,3,Aluminium,train,930,15.5,493,230,150,150,343,80,643,380,300,300,92.92,20.09,TRACKED,RETAINED,data/phase2_roi_crops/retained/WhatsApp_Video_2026-08-11_at_6.55.10_AM_(2)/crop_000930.jpg
WhatsApp Video 2026-08-11 at 6.55.10 AM (2).mp4,3,Aluminium,train,945,15.75,495,232,150,150,345,82,645,382,300,300,94.56,7.55,TRACKED,RETAINED,data/phase2_roi_crops/retained/WhatsApp_Video_2026-08-11_at_6.55.10_AM_(2)/crop_000945.jpg
WhatsApp Video 2026-08-11 at 6.55.10 AM (2).mp4,3,Aluminium,train,960,16.0,495,234,150,150,345,84,645,384,300,300,86.21,7.44,TRACKED,RETAINED,data/phase2_roi_crops/retained/WhatsApp_Video_2026-08-11_at_6.55.10_AM_(2)/crop_000960.jpg
WhatsApp Video 2026-08-11 at 6.55.10 AM (2).mp4,3,Aluminium,train,975,16.25,494,233,150,150,344,83,644,383,300,300,80.25,5.93,TRACKED,RETAINED,data/phase2_roi_crops/retained/WhatsApp_Video_2026-08-11_at_6.55.10_AM_(2)/crop_000975.jpg
WhatsApp Video 2026-08-11 at 6.55.10 AM (2).mp4,3,Aluminium,train,990,16.5,492,227,150,150,342,77,642,377,300,300,69.53,11.42,TRACKED,RETAINED,data/phase2_roi_crops/retained/WhatsApp_Video_2026-08-11_at_6.55.10_AM_(2)/crop_000990.jpg
WhatsApp Video 2026-08-11 at 6.55.10 AM (2).mp4,3,Aluminium,train,1005,16.75,486,228,150,150,336,78,636,378,300,300,75.98,11.87,TRACKED,RETAINED,data/phase2_roi_crops/retained/WhatsApp_Video_2026-08-11_at_6.55.10_AM_(2)/crop_001005.jpg
WhatsApp Video 2026-08-11 at 6.55.10 AM (2).mp4,3,Aluminium,train,1020,17.0,491,231,150,150,341,81,641,381,300,300,84.14,20.72,TRACKED,RETAINED,data/phase2_roi_crops/retained/WhatsApp_Video_2026-08-11_at_6.55.10_AM_(2)/crop_001020.jpg
WhatsApp Video 2026-08-11 at 6.55.10 AM (2).mp4,3,Aluminium,train,1035,17.25,489,234,150,150,339,84,639,384,300,300,83.78,7.39,TRACKED,RETAINED,data/phase2_roi_crops/retained/WhatsApp_Video_2026-08-11_at_6.55.10_AM_(2)/crop_001035.jpg
WhatsApp Video 2026-08-11 at 6.55.10 AM (2).mp4,3,Aluminium,train,1050,17.5,485,226,150,150,335,76,635,376,300,300,86.29,19.4,TRACKED,RETAINED,data/phase2_roi_crops/retained/WhatsApp_Video_2026-08-11_at_6.55.10_AM_(2)/crop_001050.jpg
WhatsApp Video 2026-08-11 at 6.55.10 AM (2).mp4,3,Aluminium,train,1065,17.75,484,227,150,150,334,77,634,377,300,300,92.28,14.71,TRACKED,RETAINED,data/phase2_roi_crops/retained/WhatsApp_Video_2026-08-11_at_6.55.10_AM_(2)/crop_001065.jpg
WhatsApp Video 2026-08-11 at 6.55.10 AM (2).mp4,3,Aluminium,train,1080,18.0,482,225,150,150,332,75,632,375,300,300,83.05,5.24,TRACKED,RETAINED,data/phase2_roi_crops/retained/WhatsApp_Video_2026-08-11_at_6.55.10_AM_(2)/crop_001080.jpg
WhatsApp Video 2026-08-11 at 6.55.10 AM (2).mp4,3,Aluminium,train,1095,18.25,485,224,150,150,335,74,635,374,300,300,87.28,20.59,TRACKED,RETAINED,data/phase2_roi_crops/retained/WhatsApp_Video_2026-08-11_at_6.55.10_AM_(2)/crop_001095.jpg
WhatsApp Video 2026-08-11 at 6.55.10 AM (2).mp4,3,Aluminium,train,1110,18.5,483,224,150,150,333,74,633,374,300,300,111.36,10.78,TRACKED,RETAINED,data/phase2_roi_crops/retained/WhatsApp_Video_2026-08-11_at_6.55.10_AM_(2)/crop_001110.jpg
WhatsApp Video 2026-08-11 at 6.55.10 AM (2).mp4,3,Aluminium,train,1125,18.75,485,222,150,150,335,72,635,372,300,300,88.38,20.24,TRACKED,RETAINED,data/phase2_roi_crops/retained/WhatsApp_Video_2026-08-11_at_6.55.10_AM_(2)/crop_001125.jpg
WhatsApp Video 2026-08-11 at 6.55.10 AM (2).mp4,3,Aluminium,train,1140,19.0,487,224,150,150,337,74,637,374,300,300,89.35,7.5,TRACKED,RETAINED,data/phase2_roi_crops/retained/WhatsApp_Video_2026-08-11_at_6.55.10_AM_(2)/crop_001140.jpg
WhatsApp Video 2026-08-11 at 6.55.10 AM (2).mp4,3,Aluminium,train,1155,19.25,488,222,150,150,338,72,638,372,300,300,89.78,7.71,TRACKED,RETAINED,data/phase2_roi_crops/retained/WhatsApp_Video_2026-08-11_at_6.55.10_AM_(2)/crop_001155.jpg
WhatsApp Video 2026-08-11 at 6.55.10 AM (2).mp4,3,Aluminium,train,1170,19.5,487,221,150,150,337,71,637,371,300,300,87.59,5.06,TRACKED,RETAINED,data/phase2_roi_crops/retained/WhatsApp_Video_2026-08-11_at_6.55.10_AM_(2)/crop_001170.jpg
WhatsApp Video 2026-08-11 at 6.55.10 AM (2).mp4,3,Aluminium,train,1185,19.75,486,219,150,150,336,69,636,369,300,300,77.14,9.49,TRACKED,RETAINED,data/phase2_roi_crops/retained/WhatsApp_Video_2026-08-11_at_6.55.10_AM_(2)/crop_001185.jpg
WhatsApp Video 2026-08-11 at 6.55.10 AM (2).mp4,3,Aluminium,train,1200,20.0,485,218,150,150,335,68,635,368,300,300,183.28,7.9,TRACKED,RETAINED,data/phase2_roi_crops/retained/WhatsApp_Video_2026-08-11_at_6.55.10_AM_(2)/crop_001200.jpg
WhatsApp Video 2026-08-11 at 6.55.10 AM (2).mp4,3,Aluminium,train,1215,20.25,483,216,150,150,333,66,633,366,300,300,93.09,7.66,TRACKED,RETAINED,data/phase2_roi_crops/retained/WhatsApp_Video_2026-08-11_at_6.55.10_AM_(2)/crop_001215.jpg
WhatsApp Video 2026-08-11 at 6.55.10 AM (2).mp4,3,Aluminium,train,1230,20.5,487,211,150,150,337,61,637,361,300,300,100.05,17.35,TRACKED,RETAINED,data/phase2_roi_crops/retained/WhatsApp_Video_2026-08-11_at_6.55.10_AM_(2)/crop_001230.jpg
WhatsApp Video 2026-08-11 at 6.55.10 AM (2).mp4,3,Aluminium,train,1245,20.75,489,209,150,150,339,59,639,359,300,300,83.96,6.44,TRACKED,RETAINED,data/phase2_roi_crops/retained/WhatsApp_Video_2026-08-11_at_6.55.10_AM_(2)/crop_001245.jpg
WhatsApp Video 2026-08-11 at 6.55.10 AM (2).mp4,3,Aluminium,train,1260,21.0,489,208,150,150,339,58,639,358,300,300,64.89,7.77,TRACKED,RETAINED,data/phase2_roi_crops/retained/WhatsApp_Video_2026-08-11_at_6.55.10_AM_(2)/crop_001260.jpg
WhatsApp Video 2026-08-11 at 6.55.10 AM (2).mp4,3,Aluminium,train,1275,21.25,488,208,150,150,338,58,638,358,300,300,59.09,7.46,TRACKED,RETAINED,data/phase2_roi_crops/retained/WhatsApp_Video_2026-08-11_at_6.55.10_AM_(2)/crop_001275.jpg
WhatsApp Video 2026-08-11 at 6.55.10 AM (2).mp4,3,Aluminium,train,1290,21.5,486,209,150,150,336,59,636,359,300,300,58.16,5.67,TRACKED,RETAINED,data/phase2_roi_crops/retained/WhatsApp_Video_2026-08-11_at_6.55.10_AM_(2)/crop_001290.jpg
WhatsApp Video 2026-08-11 at 6.55.10 AM (2).mp4,3,Aluminium,train,1305,21.75,485,206,150,150,335,56,635,356,300,300,48.66,5.63,TRACKED,RETAINED,data/phase2_roi_crops/retained/WhatsApp_Video_2026-08-11_at_6.55.10_AM_(2)/crop_001305.jpg
WhatsApp Video 2026-08-11 at 6.55.10 AM (2).mp4,3,Aluminium,train,1320,22.0,488,206,150,150,338,56,638,356,300,300,43.95,6.48,TRACKED,RETAINED,data/phase2_roi_crops/retained/WhatsApp_Video_2026-08-11_at_6.55.10_AM_(2)/crop_001320.jpg
WhatsApp Video 2026-08-11 at 6.55.10 AM (2).mp4,3,Aluminium,train,1335,22.25,488,202,150,150,338,52,638,352,300,300,75.3,21.85,TRACKED,RETAINED,data/phase2_roi_crops/retained/WhatsApp_Video_2026-08-11_at_6.55.10_AM_(2)/crop_001335.jpg
WhatsApp Video 2026-08-11 at 6.55.10 AM (2).mp4,3,Aluminium,train,1350,22.5,486,200,150,150,336,50,636,350,300,300,79.43,12.27,TRACKED,RETAINED,data/phase2_roi_crops/retained/WhatsApp_Video_2026-08-11_at_6.55.10_AM_(2)/crop_001350.jpg
WhatsApp Video 2026-08-11 at 6.55.10 AM (2).mp4,3,Aluminium,train,1365,22.75,486,202,150,150,336,52,636,352,300,300,77.74,7.61,TRACKED,RETAINED,data/phase2_roi_crops/retained/WhatsApp_Video_2026-08-11_at_6.55.10_AM_(2)/crop_001365.jpg
WhatsApp Video 2026-08-11 at 6.55.10 AM (2).mp4,3,Aluminium,train,1380,23.0,485,197,150,150,335,47,635,347,300,300,71.82,20.15,TRACKED,RETAINED,data/phase2_roi_crops/retained/WhatsApp_Video_2026-08-11_at_6.55.10_AM_(2)/crop_001380.jpg
WhatsApp Video 2026-08-11 at 6.55.10 AM (2).mp4,3,Aluminium,train,1395,23.25,484,195,150,150,334,45,634,345,300,300,59.26,8.79,TRACKED,RETAINED,data/phase2_roi_crops/retained/WhatsApp_Video_2026-08-11_at_6.55.10_AM_(2)/crop_001395.jpg
WhatsApp Video 2026-08-11 at 6.55.10 AM (2).mp4,3,Aluminium,train,1410,23.5,482,193,150,150,332,43,632,343,300,300,48.43,6.38,TRACKED,RETAINED,data/phase2_roi_crops/retained/WhatsApp_Video_2026-08-11_at_6.55.10_AM_(2)/crop_001410.jpg
WhatsApp Video 2026-08-11 at 6.55.10 AM (2).mp4,3,Aluminium,train,1425,23.75,487,192,150,150,337,42,637,342,300,300,53.72,15.63,TRACKED,RETAINED,data/phase2_roi_crops/retained/WhatsApp_Video_2026-08-11_at_6.55.10_AM_(2)/crop_001425.jpg
WhatsApp Video 2026-08-11 at 6.55.10 AM (2).mp4,3,Aluminium,train,1440,24.0,489,189,150,150,339,39,639,339,300,300,47.1,6.24,TRACKED,RETAINED,data/phase2_roi_crops/retained/WhatsApp_Video_2026-08-11_at_6.55.10_AM_(2)/crop_001440.jpg
WhatsApp Video 2026-08-11 at 6.55.10 AM (2).mp4,3,Aluminium,train,1455,24.25,486,188,150,150,336,38,636,338,300,300,47.35,11.85,TRACKED,RETAINED,data/phase2_roi_crops/retained/WhatsApp_Video_2026-08-11_at_6.55.10_AM_(2)/crop_001455.jpg
WhatsApp Video 2026-08-11 at 6.55.10 AM (2).mp4,3,Aluminium,train,1470,24.5,487,184,150,150,337,34,637,334,300,300,58.96,8.76,TRACKED,RETAINED,data/phase2_roi_crops/retained/WhatsApp_Video_2026-08-11_at_6.55.10_AM_(2)/crop_001470.jpg
WhatsApp Video 2026-08-11 at 6.55.10 AM (2).mp4,3,Aluminium,train,1485,24.75,487,186,150,150,337,36,637,336,300,300,83.93,17.35,TRACKED,RETAINED,data/phase2_roi_crops/retained/WhatsApp_Video_2026-08-11_at_6.55.10_AM_(2)/crop_001485.jpg
WhatsApp Video 2026-08-11 at 6.55.10 AM (2).mp4,3,Aluminium,train,1500,25.0,489,187,150,150,339,37,639,337,300,300,173.07,6.73,TRACKED,RETAINED,data/phase2_roi_crops/retained/WhatsApp_Video_2026-08-11_at_6.55.10_AM_(2)/crop_001500.jpg
WhatsApp Video 2026-08-11 at 6.55.10 AM (2).mp4,3,Aluminium,train,1515,25.25,492,188,150,150,342,38,642,338,300,300,83.76,6.27,TRACKED,RETAINED,data/phase2_roi_crops/retained/WhatsApp_Video_2026-08-11_at_6.55.10_AM_(2)/crop_001515.jpg
WhatsApp Video 2026-08-11 at 6.55.10 AM (2).mp4,3,Aluminium,train,1530,25.5,488,182,150,150,338,32,638,332,300,300,78.42,22.24,TRACKED,RETAINED,data/phase2_roi_crops/retained/WhatsApp_Video_2026-08-11_at_6.55.10_AM_(2)/crop_001530.jpg
WhatsApp Video 2026-08-11 at 6.55.10 AM (2).mp4,3,Aluminium,train,1545,25.75,487,184,150,150,337,34,637,334,300,300,76.56,12.04,TRACKED,RETAINED,data/phase2_roi_crops/retained/WhatsApp_Video_2026-08-11_at_6.55.10_AM_(2)/crop_001545.jpg
WhatsApp Video 2026-08-11 at 6.55.10 AM (2).mp4,3,Aluminium,train,1560,26.0,487,182,150,150,337,32,637,332,300,300,77.6,7.78,TRACKED,RETAINED,data/phase2_roi_crops/retained/WhatsApp_Video_2026-08-11_at_6.55.10_AM_(2)/crop_001560.jpg
WhatsApp Video 2026-08-11 at 6.55.10 AM (2).mp4,3,Aluminium,train,1575,26.25,487,182,150,150,337,32,637,332,300,300,67.03,6.98,TRACKED,RETAINED,data/phase2_roi_crops/retained/WhatsApp_Video_2026-08-11_at_6.55.10_AM_(2)/crop_001575.jpg
WhatsApp Video 2026-08-11 at 6.55.10 AM (2).mp4,3,Aluminium,train,1590,26.5,489,181,150,150,339,31,639,331,300,300,73.15,8.52,TRACKED,RETAINED,data/phase2_roi_crops/retained/WhatsApp_Video_2026-08-11_at_6.55.10_AM_(2)/crop_001590.jpg
WhatsApp Video 2026-08-11 at 6.55.10 AM (2).mp4,3,Aluminium,train,1605,26.75,487,181,150,150,337,31,637,331,300,300,68.19,8.59,TRACKED,RETAINED,data/phase2_roi_crops/retained/WhatsApp_Video_2026-08-11_at_6.55.10_AM_(2)/crop_001605.jpg
WhatsApp Video 2026-08-11 at 6.55.10 AM (2).mp4,3,Aluminium,train,1620,27.0,488,174,150,150,338,24,638,324,300,300,77.28,20.4,TRACKED,RETAINED,data/phase2_roi_crops/retained/WhatsApp_Video_2026-08-11_at_6.55.10_AM_(2)/crop_001620.jpg
WhatsApp Video 2026-08-11 at 6.55.10 AM (2).mp4,3,Aluminium,train,1635,27.25,488,171,150,150,338,21,638,321,300,300,70.11,7.89,TRACKED,RETAINED,data/phase2_roi_crops/retained/WhatsApp_Video_2026-08-11_at_6.55.10_AM_(2)/crop_001635.jpg
WhatsApp Video 2026-08-11 at 6.55.10 AM (2).mp4,3,Aluminium,train,1650,27.5,490,169,150,150,340,19,640,319,300,300,82.79,23.32,TRACKED,RETAINED,data/phase2_roi_crops/retained/WhatsApp_Video_2026-08-11_at_6.55.10_AM_(2)/crop_001650.jpg
WhatsApp Video 2026-08-11 at 6.55.10 AM (2).mp4,3,Aluminium,train,1665,27.75,489,170,150,150,339,20,639,320,300,300,79.83,17.0,TRACKED,RETAINED,data/phase2_roi_crops/retained/WhatsApp_Video_2026-08-11_at_6.55.10_AM_(2)/crop_001665.jpg
WhatsApp Video 2026-08-11 at 6.55.10 AM (2).mp4,3,Aluminium,train,1680,28.0,489,169,150,150,339,19,639,319,300,300,70.96,24.06,TRACKED,RETAINED,data/phase2_roi_crops/retained/WhatsApp_Video_2026-08-11_at_6.55.10_AM_(2)/crop_001680.jpg
WhatsApp Video 2026-08-11 at 6.55.10 AM (2).mp4,3,Aluminium,train,1695,28.25,488,170,150,150,338,20,638,320,300,300,67.62,17.5,TRACKED,RETAINED,data/phase2_roi_crops/retained/WhatsApp_Video_2026-08-11_at_6.55.10_AM_(2)/crop_001695.jpg
WhatsApp Video 2026-08-11 at 6.55.10 AM (2).mp4,3,Aluminium,train,1710,28.5,488,165,150,150,338,15,638,315,300,300,80.56,26.75,TRACKED,RETAINED,data/phase2_roi_crops/retained/WhatsApp_Video_2026-08-11_at_6.55.10_AM_(2)/crop_001710.jpg
WhatsApp Video 2026-08-11 at 6.55.10 AM (2).mp4,3,Aluminium,train,1725,28.75,490,164,150,150,340,14,640,314,300,300,60.45,16.86,TRACKED,RETAINED,data/phase2_roi_crops/retained/WhatsApp_Video_2026-08-11_at_6.55.10_AM_(2)/crop_001725.jpg
WhatsApp Video 2026-08-11 at 6.55.10 AM (2).mp4,3,Aluminium,train,1740,29.0,489,162,150,150,339,12,639,312,300,300,78.25,22.03,TRACKED,RETAINED,data/phase2_roi_crops/retained/WhatsApp_Video_2026-08-11_at_6.55.10_AM_(2)/crop_001740.jpg
WhatsApp Video 2026-08-11 at 6.55.10 AM (2).mp4,3,Aluminium,train,1755,29.25,494,161,150,150,344,11,644,311,300,300,67.18,14.36,TRACKED,RETAINED,data/phase2_roi_crops/retained/WhatsApp_Video_2026-08-11_at_6.55.10_AM_(2)/crop_001755.jpg
WhatsApp Video 2026-08-11 at 6.55.10 AM (2).mp4,3,Aluminium,train,1770,29.5,489,159,150,150,339,9,639,309,300,300,59.05,12.43,TRACKED,RETAINED,data/phase2_roi_crops/retained/WhatsApp_Video_2026-08-11_at_6.55.10_AM_(2)/crop_001770.jpg
WhatsApp Video 2026-08-11 at 6.55.10 AM (2).mp4,3,Aluminium,train,1785,29.75,490,158,150,150,340,8,640,308,300,300,60.97,12.16,TRACKED,RETAINED,data/phase2_roi_crops/retained/WhatsApp_Video_2026-08-11_at_6.55.10_AM_(2)/crop_001785.jpg
WhatsApp Video 2026-08-11 at 6.55.10 AM (2).mp4,3,Aluminium,train,1800,30.0,489,156,150,150,339,6,639,306,300,300,138.95,8.56,TRACKED,RETAINED,data/phase2_roi_crops/retained/WhatsApp_Video_2026-08-11_at_6.55.10_AM_(2)/crop_001800.jpg
WhatsApp Video 2026-08-11 at 6.55.10 AM (2).mp4,3,Aluminium,train,1815,30.25,489,155,150,150,339,5,639,305,300,300,63.64,10.45,TRACKED,RETAINED,data/phase2_roi_crops/retained/WhatsApp_Video_2026-08-11_at_6.55.10_AM_(2)/crop_001815.jpg
WhatsApp Video 2026-08-11 at 6.55.10 AM (2).mp4,3,Aluminium,train,1830,30.5,487,152,150,150,337,2,637,302,300,300,56.56,10.85,TRACKED,RETAINED,data/phase2_roi_crops/retained/WhatsApp_Video_2026-08-11_at_6.55.10_AM_(2)/crop_001830.jpg
WhatsApp Video 2026-08-11 at 6.55.10 AM (2).mp4,3,Aluminium,train,1845,30.75,489,148,150,148,339,0,639,300,300,300,61.14,14.96,TRACKED,RETAINED,data/phase2_roi_crops/retained/WhatsApp_Video_2026-08-11_at_6.55.10_AM_(2)/crop_001845.jpg
WhatsApp Video 2026-08-11 at 6.55.10 AM (2).mp4,3,Aluminium,train,1860,31.0,489,151,150,150,339,1,639,301,300,300,61.38,21.12,TRACKED,RETAINED,data/phase2_roi_crops/retained/WhatsApp_Video_2026-08-11_at_6.55.10_AM_(2)/crop_001860.jpg
WhatsApp Video 2026-08-11 at 6.55.10 AM (2).mp4,3,Aluminium,train,1875,31.25,493,148,150,148,343,0,643,300,300,300,70.64,19.59,TRACKED,RETAINED,data/phase2_roi_crops/retained/WhatsApp_Video_2026-08-11_at_6.55.10_AM_(2)/crop_001875.jpg
WhatsApp Video 2026-08-11 at 6.55.10 AM (2).mp4,3,Aluminium,train,1890,31.5,492,144,150,144,342,0,642,300,300,300,58.09,30.47,TRACKED,RETAINED,data/phase2_roi_crops/retained/WhatsApp_Video_2026-08-11_at_6.55.10_AM_(2)/crop_001890.jpg
WhatsApp Video 2026-08-11 at 6.55.10 AM (2).mp4,3,Aluminium,train,1905,31.75,488,145,150,145,338,0,638,300,300,300,61.17,26.29,TRACKED,RETAINED,data/phase2_roi_crops/retained/WhatsApp_Video_2026-08-11_at_6.55.10_AM_(2)/crop_001905.jpg
WhatsApp Video 2026-08-11 at 6.55.10 AM (2).mp4,3,Aluminium,train,1920,32.0,491,141,150,141,341,0,641,300,300,300,53.34,24.85,TRACKED,RETAINED,data/phase2_roi_crops/retained/WhatsApp_Video_2026-08-11_at_6.55.10_AM_(2)/crop_001920.jpg
WhatsApp Video 2026-08-11 at 6.55.10 AM (2).mp4,3,Aluminium,train,1935,32.25,490,144,150,144,340,0,640,300,300,300,53.85,20.81,TRACKED,RETAINED,data/phase2_roi_crops/retained/WhatsApp_Video_2026-08-11_at_6.55.10_AM_(2)/crop_001935.jpg
WhatsApp Video 2026-08-11 at 6.55.10 AM (2).mp4,3,Aluminium,train,1950,32.5,492,142,150,142,342,0,642,300,300,300,56.92,18.07,TRACKED,RETAINED,data/phase2_roi_crops/retained/WhatsApp_Video_2026-08-11_at_6.55.10_AM_(2)/crop_001950.jpg
WhatsApp Video 2026-08-11 at 6.55.10 AM (2).mp4,3,Aluminium,train,1965,32.75,492,138,150,138,342,0,642,300,300,300,62.38,20.9,TRACKED,RETAINED,data/phase2_roi_crops/retained/WhatsApp_Video_2026-08-11_at_6.55.10_AM_(2)/crop_001965.jpg
WhatsApp Video 2026-08-11 at 6.55.10 AM (2).mp4,3,Aluminium,train,1980,33.0,490,136,150,136,340,0,640,300,300,300,50.67,18.97,TRACKED,RETAINED,data/phase2_roi_crops/retained/WhatsApp_Video_2026-08-11_at_6.55.10_AM_(2)/crop_001980.jpg
WhatsApp Video 2026-08-11 at 6.55.10 AM (2).mp4,3,Aluminium,train,1995,33.25,490,138,150,138,340,0,640,300,300,300,68.87,22.56,TRACKED,RETAINED,data/phase2_roi_crops/retained/WhatsApp_Video_2026-08-11_at_6.55.10_AM_(2)/crop_001995.jpg
WhatsApp Video 2026-08-11 at 6.55.10 AM (2).mp4,3,Aluminium,train,2010,33.5,490,140,150,140,340,0,640,300,300,300,64.98,20.28,TRACKED,RETAINED,data/phase2_roi_crops/retained/WhatsApp_Video_2026-08-11_at_6.55.10_AM_(2)/crop_002010.jpg
WhatsApp Video 2026-08-11 at 6.55.10 AM (2).mp4,3,Aluminium,train,2025,33.75,495,139,150,139,345,0,645,300,300,300,62.93,17.44,TRACKED,RETAINED,data/phase2_roi_crops/retained/WhatsApp_Video_2026-08-11_at_6.55.10_AM_(2)/crop_002025.jpg
WhatsApp Video 2026-08-11 at 6.55.10 AM (2).mp4,3,Aluminium,train,2040,34.0,493,134,150,134,343,0,643,300,300,300,65.68,20.36,TRACKED,RETAINED,data/phase2_roi_crops/retained/WhatsApp_Video_2026-08-11_at_6.55.10_AM_(2)/crop_002040.jpg
WhatsApp Video 2026-08-11 at 6.55.10 AM (2).mp4,3,Aluminium,train,2055,34.25,494,129,150,129,344,0,644,300,300,300,63.34,19.5,TRACKED,RETAINED,data/phase2_roi_crops/retained/WhatsApp_Video_2026-08-11_at_6.55.10_AM_(2)/crop_002055.jpg
WhatsApp Video 2026-08-11 at 6.55.10 AM (2).mp4,3,Aluminium,train,2070,34.5,492,128,150,128,342,0,642,300,300,300,57.2,23.2,TRACKED,RETAINED,data/phase2_roi_crops/retained/WhatsApp_Video_2026-08-11_at_6.55.10_AM_(2)/crop_002070.jpg
WhatsApp Video 2026-08-11 at 6.55.10 AM (2).mp4,3,Aluminium,train,2085,34.75,491,127,150,127,341,0,641,300,300,300,74.13,21.91,TRACKED,RETAINED,data/phase2_roi_crops/retained/WhatsApp_Video_2026-08-11_at_6.55.10_AM_(2)/crop_002085.jpg
WhatsApp Video 2026-08-11 at 6.55.10 AM (2).mp4,3,Aluminium,train,2100,35.0,489,125,150,125,339,0,639,300,300,300,125.72,21.18,TRACKED,RETAINED,data/phase2_roi_crops/retained/WhatsApp_Video_2026-08-11_at_6.55.10_AM_(2)/crop_002100.jpg
WhatsApp Video 2026-08-11 at 6.55.10 AM (2).mp4,3,Aluminium,train,2115,35.25,491,127,150,127,341,0,641,300,300,300,100.9,30.29,TRACKED,RETAINED,data/phase2_roi_crops/retained/WhatsApp_Video_2026-08-11_at_6.55.10_AM_(2)/crop_002115.jpg
WhatsApp Video 2026-08-11 at 6.55.10 AM (2).mp4,3,Aluminium,train,2130,35.5,492,126,150,126,342,0,642,300,300,300,109.74,31.64,TRACKED,RETAINED,data/phase2_roi_crops/retained/WhatsApp_Video_2026-08-11_at_6.55.10_AM_(2)/crop_002130.jpg
WhatsApp Video 2026-08-11 at 6.55.10 AM (2).mp4,3,Aluminium,train,2145,35.75,491,124,150,124,341,0,641,300,300,300,72.77,24.82,TRACKED,RETAINED,data/phase2_roi_crops/retained/WhatsApp_Video_2026-08-11_at_6.55.10_AM_(2)/crop_002145.jpg
WhatsApp Video 2026-08-11 at 6.55.10 AM (2).mp4,3,Aluminium,train,2160,36.0,494,121,150,121,344,0,644,300,300,300,77.4,27.14,TRACKED,RETAINED,data/phase2_roi_crops/retained/WhatsApp_Video_2026-08-11_at_6.55.10_AM_(2)/crop_002160.jpg
WhatsApp Video 2026-08-11 at 6.55.10 AM (2).mp4,3,Aluminium,train,2175,36.25,495,125,150,125,345,0,645,300,300,300,78.17,32.31,TRACKED,RETAINED,data/phase2_roi_crops/retained/WhatsApp_Video_2026-08-11_at_6.55.10_AM_(2)/crop_002175.jpg
WhatsApp Video 2026-08-11 at 6.55.10 AM (2).mp4,3,Aluminium,train,2190,36.5,491,122,150,122,341,0,641,300,300,300,73.74,28.03,TRACKED,RETAINED,data/phase2_roi_crops/retained/WhatsApp_Video_2026-08-11_at_6.55.10_AM_(2)/crop_002190.jpg
WhatsApp Video 2026-08-11 at 6.55.10 AM (2).mp4,3,Aluminium,train,2205,36.75,489,121,150,121,339,0,639,300,300,300,57.84,22.36,TRACKED,RETAINED,data/phase2_roi_crops/retained/WhatsApp_Video_2026-08-11_at_6.55.10_AM_(2)/crop_002205.jpg
WhatsApp Video 2026-08-11 at 6.55.10 AM (2).mp4,3,Aluminium,train,2220,37.0,493,118,150,118,343,0,643,300,300,300,119.85,24.43,TRACKED,RETAINED,data/phase2_roi_crops/retained/WhatsApp_Video_2026-08-11_at_6.55.10_AM_(2)/crop_002220.jpg
WhatsApp Video 2026-08-11 at 6.55.10 AM (2).mp4,3,Aluminium,train,2235,37.25,493,113,150,113,343,0,643,300,300,300,122.83,61.64,TRACKED,RETAINED,data/phase2_roi_crops/retained/WhatsApp_Video_2026-08-11_at_6.55.10_AM_(2)/crop_002235.jpg
WhatsApp Video 2026-08-11 at 6.55.10 AM (2).mp4,3,Aluminium,train,2250,37.5,494,114,150,114,344,0,644,300,300,300,102.13,50.26,TRACKED,RETAINED,data/phase2_roi_crops/retained/WhatsApp_Video_2026-08-11_at_6.55.10_AM_(2)/crop_002250.jpg
WhatsApp Video 2026-08-11 at 6.55.10 AM (2).mp4,3,Aluminium,train,2265,37.75,494,112,150,112,344,0,644,300,300,300,107.75,34.64,TRACKED,RETAINED,data/phase2_roi_crops/retained/WhatsApp_Video_2026-08-11_at_6.55.10_AM_(2)/crop_002265.jpg
WhatsApp Video 2026-08-11 at 6.55.10 AM (2).mp4,3,Aluminium,train,2280,38.0,497,110,150,110,347,0,647,300,300,300,93.45,60.69,TRACKED,RETAINED,data/phase2_roi_crops/retained/WhatsApp_Video_2026-08-11_at_6.55.10_AM_(2)/crop_002280.jpg
WhatsApp Video 2026-08-11 at 6.55.10 AM (2).mp4,3,Aluminium,train,2295,38.25,493,111,150,111,343,0,643,300,300,300,13.86,73.0,TRACKED,RETAINED,data/phase2_roi_crops/retained/WhatsApp_Video_2026-08-11_at_6.55.10_AM_(2)/crop_002295.jpg
WhatsApp Video 2026-08-11 at 6.55.10 AM (2).mp4,3,Aluminium,train,2310,38.5,493,109,150,109,343,0,643,300,300,300,24.98,34.23,TRACKED,RETAINED,data/phase2_roi_crops/retained/WhatsApp_Video_2026-08-11_at_6.55.10_AM_(2)/crop_002310.jpg
WhatsApp Video 2026-08-11 at 6.55.10 AM (2).mp4,3,Aluminium,train,2325,38.75,493,108,150,108,343,0,643,300,300,300,80.0,36.82,TRACKED,RETAINED,data/phase2_roi_crops/retained/WhatsApp_Video_2026-08-11_at_6.55.10_AM_(2)/crop_002325.jpg
WhatsApp Video 2026-08-11 at 6.55.10 AM (2).mp4,3,Aluminium,train,2340,39.0,494,106,150,106,344,0,644,300,300,300,286.42,34.9,TRACKED,RETAINED,data/phase2_roi_crops/retained/WhatsApp_Video_2026-08-11_at_6.55.10_AM_(2)/crop_002340.jpg
WhatsApp Video 2026-08-11 at 6.55.10 AM (2).mp4,3,Aluminium,train,2355,39.25,493,100,150,100,343,0,643,300,300,300,611.74,36.08,TRACKED,RETAINED,data/phase2_roi_crops/retained/WhatsApp_Video_2026-08-11_at_6.55.10_AM_(2)/crop_002355.jpg
WhatsApp Video 2026-08-11 at 6.55.10 AM (2).mp4,3,Aluminium,train,2370,39.5,494,103,150,103,344,0,644,300,300,300,539.08,41.64,TRACKED,RETAINED,data/phase2_roi_crops/retained/WhatsApp_Video_2026-08-11_at_6.55.10_AM_(2)/crop_002370.jpg
WhatsApp Video 2026-08-11 at 6.55.10 AM (2).mp4,3,Aluminium,train,2385,39.75,494,102,150,102,344,0,644,300,300,300,270.88,37.4,TRACKED,RETAINED,data/phase2_roi_crops/retained/WhatsApp_Video_2026-08-11_at_6.55.10_AM_(2)/crop_002385.jpg
WhatsApp Video 2026-08-11 at 6.55.10 AM (2).mp4,3,Aluminium,train,2400,40.0,497,99,150,99,347,0,647,300,300,300,649.31,41.38,TRACKED,RETAINED,data/phase2_roi_crops/retained/WhatsApp_Video_2026-08-11_at_6.55.10_AM_(2)/crop_002400.jpg
WhatsApp Video 2026-08-11 at 6.55.10 AM (2).mp4,3,Aluminium,train,2415,40.25,497,102,150,102,347,0,647,300,300,300,532.38,20.95,TRACKED,RETAINED,data/phase2_roi_crops/retained/WhatsApp_Video_2026-08-11_at_6.55.10_AM_(2)/crop_002415.jpg
WhatsApp Video 2026-08-11 at 6.55.10 AM (2).mp4,3,Aluminium,train,2430,40.5,495,101,150,101,345,0,645,300,300,300,373.23,22.83,TRACKED,RETAINED,data/phase2_roi_crops/retained/WhatsApp_Video_2026-08-11_at_6.55.10_AM_(2)/crop_002430.jpg
WhatsApp Video 2026-08-11 at 6.55.10 AM (2).mp4,3,Aluminium,train,2445,40.75,494,96,150,96,344,0,644,300,300,300,455.22,26.37,TRACKED,RETAINED,data/phase2_roi_crops/retained/WhatsApp_Video_2026-08-11_at_6.55.10_AM_(2)/crop_002445.jpg
WhatsApp Video 2026-08-11 at 6.55.10 AM (2).mp4,3,Aluminium,train,2460,41.0,490,96,150,96,340,0,640,300,300,300,580.83,33.11,TRACKED,RETAINED,data/phase2_roi_crops/retained/WhatsApp_Video_2026-08-11_at_6.55.10_AM_(2)/crop_002460.jpg
WhatsApp Video 2026-08-11 at 6.55.10 AM (2).mp4,3,Aluminium,train,2475,41.25,494,93,150,93,344,0,644,300,300,300,1101.12,36.19,TRACKED,RETAINED,data/phase2_roi_crops/retained/WhatsApp_Video_2026-08-11_at_6.55.10_AM_(2)/crop_002475.jpg
WhatsApp Video 2026-08-11 at 6.55.10 AM (2).mp4,3,Aluminium,train,2490,41.5,497,94,150,94,347,0,647,300,300,300,1353.43,47.95,TRACKED,RETAINED,data/phase2_roi_crops/retained/WhatsApp_Video_2026-08-11_at_6.55.10_AM_(2)/crop_002490.jpg
WhatsApp Video 2026-08-11 at 6.55.10 AM (2).mp4,3,Aluminium,train,2505,41.75,498,92,150,92,348,0,648,300,300,300,1403.97,33.94,TRACKED,RETAINED,data/phase2_roi_crops/retained/WhatsApp_Video_2026-08-11_at_6.55.10_AM_(2)/crop_002505.jpg
WhatsApp Video 2026-08-11 at 6.55.10 AM (2).mp4,3,Aluminium,train,2520,42.0,495,89,150,89,345,0,645,300,300,300,1511.52,40.15,TRACKED,RETAINED,data/phase2_roi_crops/retained/WhatsApp_Video_2026-08-11_at_6.55.10_AM_(2)/crop_002520.jpg
WhatsApp Video 2026-08-11 at 6.55.10 AM (2).mp4,3,Aluminium,train,2535,42.25,495,88,150,88,345,0,645,300,300,300,358.54,44.42,TRACKED,RETAINED,data/phase2_roi_crops/retained/WhatsApp_Video_2026-08-11_at_6.55.10_AM_(2)/crop_002535.jpg
WhatsApp Video 2026-08-11 at 6.55.10 AM (2).mp4,3,Aluminium,train,2550,42.5,495,86,150,86,345,0,645,300,300,300,3.2,34.67,TRACKED,RETAINED,data/phase2_roi_crops/retained/WhatsApp_Video_2026-08-11_at_6.55.10_AM_(2)/crop_002550.jpg
WhatsApp Video 2026-08-11 at 6.55.10 AM (2).mp4,3,Aluminium,train,2565,42.75,495,85,150,85,345,0,645,300,300,300,3.24,11.32,TRACKED,RETAINED,data/phase2_roi_crops/retained/WhatsApp_Video_2026-08-11_at_6.55.10_AM_(2)/crop_002565.jpg
WhatsApp Video 2026-08-11 at 6.55.10 AM (2).mp4,3,Aluminium,train,2580,43.0,498,84,150,84,348,0,648,300,300,300,4.86,11.33,TRACKED,RETAINED,data/phase2_roi_crops/retained/WhatsApp_Video_2026-08-11_at_6.55.10_AM_(2)/crop_002580.jpg
WhatsApp Video 2026-08-11 at 6.55.10 AM (2).mp4,3,Aluminium,train,2595,43.25,495,82,150,82,345,0,645,300,300,300,16.83,17.94,TRACKED,RETAINED,data/phase2_roi_crops/retained/WhatsApp_Video_2026-08-11_at_6.55.10_AM_(2)/crop_002595.jpg
WhatsApp Video 2026-08-11 at 6.55.10 AM (2).mp4,3,Aluminium,train,2610,43.5,492,85,150,85,342,0,642,300,300,300,5.9,12.88,TRACKED,RETAINED,data/phase2_roi_crops/retained/WhatsApp_Video_2026-08-11_at_6.55.10_AM_(2)/crop_002610.jpg
WhatsApp Video 2026-08-11 at 6.55.10 AM (2).mp4,3,Aluminium,train,2625,43.75,495,79,150,79,345,0,645,300,300,300,31.35,36.32,TRACKED,RETAINED,data/phase2_roi_crops/retained/WhatsApp_Video_2026-08-11_at_6.55.10_AM_(2)/crop_002625.jpg
WhatsApp Video 2026-08-11 at 6.55.10 AM (2).mp4,3,Aluminium,train,2640,44.0,496,78,150,78,346,0,646,300,300,300,54.79,39.25,TRACKED,RETAINED,data/phase2_roi_crops/retained/WhatsApp_Video_2026-08-11_at_6.55.10_AM_(2)/crop_002640.jpg
WhatsApp Video 2026-08-11 at 6.55.10 AM (2).mp4,3,Aluminium,train,2655,44.25,491,76,150,76,341,0,641,300,300,300,55.08,45.35,TRACKED,RETAINED,data/phase2_roi_crops/retained/WhatsApp_Video_2026-08-11_at_6.55.10_AM_(2)/crop_002655.jpg
WhatsApp Video 2026-08-11 at 6.55.10 AM (2).mp4,3,Aluminium,train,2670,44.5,496,75,150,75,346,0,646,300,300,300,37.79,47.55,TRACKED,RETAINED,data/phase2_roi_crops/retained/WhatsApp_Video_2026-08-11_at_6.55.10_AM_(2)/crop_002670.jpg
WhatsApp Video 2026-08-11 at 6.55.10 AM (2).mp4,3,Aluminium,train,2685,44.75,496,74,150,74,346,0,646,300,300,300,51.83,38.64,TRACKED,RETAINED,data/phase2_roi_crops/retained/WhatsApp_Video_2026-08-11_at_6.55.10_AM_(2)/crop_002685.jpg
WhatsApp Video 2026-08-11 at 6.55.10 AM (2).mp4,3,Aluminium,train,2700,45.0,496,72,150,72,346,0,646,300,300,300,74.6,42.48,TRACKED,RETAINED,data/phase2_roi_crops/retained/WhatsApp_Video_2026-08-11_at_6.55.10_AM_(2)/crop_002700.jpg
WhatsApp Video 2026-08-11 at 6.55.10 AM (2).mp4,3,Aluminium,train,2715,45.25,496,71,150,71,346,0,646,300,300,300,43.78,24.69,TRACKED,RETAINED,data/phase2_roi_crops/retained/WhatsApp_Video_2026-08-11_at_6.55.10_AM_(2)/crop_002715.jpg
WhatsApp Video 2026-08-11 at 6.55.10 AM (2).mp4,3,Aluminium,train,2730,45.5,496,69,150,69,346,0,646,300,300,300,39.47,38.27,TRACKED,RETAINED,data/phase2_roi_crops/retained/WhatsApp_Video_2026-08-11_at_6.55.10_AM_(2)/crop_002730.jpg
WhatsApp Video 2026-08-11 at 6.55.10 AM (2).mp4,3,Aluminium,train,2745,45.75,493,69,150,69,343,0,643,300,300,300,37.12,25.4,TRACKED,RETAINED,data/phase2_roi_crops/retained/WhatsApp_Video_2026-08-11_at_6.55.10_AM_(2)/crop_002745.jpg
WhatsApp Video 2026-08-11 at 6.55.10 AM (2).mp4,3,Aluminium,train,2760,46.0,493,63,150,63,343,0,643,300,300,300,34.32,19.89,TRACKED,RETAINED,data/phase2_roi_crops/retained/WhatsApp_Video_2026-08-11_at_6.55.10_AM_(2)/crop_002760.jpg
WhatsApp Video 2026-08-11 at 6.55.10 AM (2).mp4,3,Aluminium,train,2775,46.25,496,65,150,65,346,0,646,300,300,300,31.72,6.13,TRACKED,RETAINED,data/phase2_roi_crops/retained/WhatsApp_Video_2026-08-11_at_6.55.10_AM_(2)/crop_002775.jpg
WhatsApp Video 2026-08-11 at 6.55.10 AM (2).mp4,3,Aluminium,train,2790,46.5,494,63,150,63,344,0,644,300,300,300,28.13,18.03,TRACKED,RETAINED,data/phase2_roi_crops/retained/WhatsApp_Video_2026-08-11_at_6.55.10_AM_(2)/crop_002790.jpg
WhatsApp Video 2026-08-11 at 6.55.10 AM (2).mp4,3,Aluminium,train,2805,46.75,494,61,150,61,344,0,644,300,300,300,28.41,27.41,TRACKED,RETAINED,data/phase2_roi_crops/retained/WhatsApp_Video_2026-08-11_at_6.55.10_AM_(2)/crop_002805.jpg
WhatsApp Video 2026-08-11 at 6.55.10 AM (2).mp4,3,Aluminium,train,2820,47.0,496,62,150,62,346,0,646,300,300,300,40.31,15.77,TRACKED,RETAINED,data/phase2_roi_crops/retained/WhatsApp_Video_2026-08-11_at_6.55.10_AM_(2)/crop_002820.jpg
WhatsApp Video 2026-08-11 at 6.55.10 AM (2).mp4,3,Aluminium,train,2835,47.25,495,62,150,62,345,0,645,300,300,300,62.72,7.95,TRACKED,RETAINED,data/phase2_roi_crops/retained/WhatsApp_Video_2026-08-11_at_6.55.10_AM_(2)/crop_002835.jpg
WhatsApp Video 2026-08-11 at 6.55.10 AM (2).mp4,3,Aluminium,train,2850,47.5,493,57,150,57,343,0,643,300,300,300,55.82,16.11,TRACKED,RETAINED,data/phase2_roi_crops/retained/WhatsApp_Video_2026-08-11_at_6.55.10_AM_(2)/crop_002850.jpg
WhatsApp Video 2026-08-11 at 6.55.10 AM (2).mp4,3,Aluminium,train,2865,47.75,495,55,150,55,345,0,645,300,300,300,51.96,16.06,TRACKED,RETAINED,data/phase2_roi_crops/retained/WhatsApp_Video_2026-08-11_at_6.55.10_AM_(2)/crop_002865.jpg
WhatsApp Video 2026-08-11 at 6.55.10 AM (2).mp4,3,Aluminium,train,2880,48.0,497,55,150,55,347,0,647,300,300,300,56.61,27.9,TRACKED,RETAINED,data/phase2_roi_crops/retained/WhatsApp_Video_2026-08-11_at_6.55.10_AM_(2)/crop_002880.jpg
WhatsApp Video 2026-08-11 at 6.55.10 AM (2).mp4,3,Aluminium,train,2895,48.25,496,53,150,53,346,0,646,300,300,300,61.39,20.55,TRACKED,RETAINED,data/phase2_roi_crops/retained/WhatsApp_Video_2026-08-11_at_6.55.10_AM_(2)/crop_002895.jpg
WhatsApp Video 2026-08-11 at 6.55.10 AM (2).mp4,3,Aluminium,train,2910,48.5,497,53,150,53,347,0,647,300,300,300,68.12,12.55,TRACKED,RETAINED,data/phase2_roi_crops/retained/WhatsApp_Video_2026-08-11_at_6.55.10_AM_(2)/crop_002910.jpg
WhatsApp Video 2026-08-11 at 6.55.10 AM (2).mp4,3,Aluminium,train,2925,48.75,500,50,150,50,350,0,650,300,300,300,59.59,19.52,TRACKED,RETAINED,data/phase2_roi_crops/retained/WhatsApp_Video_2026-08-11_at_6.55.10_AM_(2)/crop_002925.jpg
WhatsApp Video 2026-08-11 at 6.55.10 AM (2).mp4,3,Aluminium,train,2940,49.0,497,48,150,48,347,0,647,300,300,300,55.69,27.83,TRACKED,RETAINED,data/phase2_roi_crops/retained/WhatsApp_Video_2026-08-11_at_6.55.10_AM_(2)/crop_002940.jpg
WhatsApp Video 2026-08-11 at 6.55.10 AM (2).mp4,3,Aluminium,train,2955,49.25,497,47,150,47,347,0,647,300,300,300,39.65,30.79,TRACKED,RETAINED,data/phase2_roi_crops/retained/WhatsApp_Video_2026-08-11_at_6.55.10_AM_(2)/crop_002955.jpg
WhatsApp Video 2026-08-11 at 6.55.10 AM (2).mp4,3,Aluminium,train,2970,49.5,502,45,150,45,352,0,652,300,300,300,48.92,26.7,TRACKED,RETAINED,data/phase2_roi_crops/retained/WhatsApp_Video_2026-08-11_at_6.55.10_AM_(2)/crop_002970.jpg
WhatsApp Video 2026-08-11 at 6.55.10 AM (2).mp4,3,Aluminium,train,2985,49.75,498,45,150,45,348,0,648,300,300,300,58.71,43.15,TRACKED,RETAINED,data/phase2_roi_crops/retained/WhatsApp_Video_2026-08-11_at_6.55.10_AM_(2)/crop_002985.jpg
WhatsApp Video 2026-08-11 at 6.55.10 AM (2).mp4,3,Aluminium,train,3000,50.0,497,40,150,40,347,0,647,300,300,300,108.52,33.02,TRACKED,RETAINED,data/phase2_roi_crops/retained/WhatsApp_Video_2026-08-11_at_6.55.10_AM_(2)/crop_003000.jpg
WhatsApp Video 2026-08-11 at 6.55.10 AM (2).mp4,3,Aluminium,train,3015,50.25,497,42,150,42,347,0,647,300,300,300,56.51,27.97,TRACKED,RETAINED,data/phase2_roi_crops/retained/WhatsApp_Video_2026-08-11_at_6.55.10_AM_(2)/crop_003015.jpg
WhatsApp Video 2026-08-11 at 6.55.10 AM (2).mp4,3,Aluminium,train,3030,50.5,498,41,150,41,348,0,648,300,300,300,43.15,37.15,TRACKED,RETAINED,data/phase2_roi_crops/retained/WhatsApp_Video_2026-08-11_at_6.55.10_AM_(2)/crop_003030.jpg
WhatsApp Video 2026-08-11 at 6.55.10 AM (2).mp4,3,Aluminium,train,3045,50.75,495,40,150,40,345,0,645,300,300,300,10.52,59.84,TRACKED,RETAINED,data/phase2_roi_crops/retained/WhatsApp_Video_2026-08-11_at_6.55.10_AM_(2)/crop_003045.jpg
WhatsApp Video 2026-08-11 at 6.55.10 AM (2).mp4,3,Aluminium,train,3060,51.0,498,38,150,38,348,0,648,300,300,300,15.32,65.82,TRACKED,RETAINED,data/phase2_roi_crops/retained/WhatsApp_Video_2026-08-11_at_6.55.10_AM_(2)/crop_003060.jpg
WhatsApp Video 2026-08-11 at 6.55.10 AM (2).mp4,3,Aluminium,train,3075,51.25,498,37,150,37,348,0,648,300,300,300,11.51,51.02,TRACKED,RETAINED,data/phase2_roi_crops/retained/WhatsApp_Video_2026-08-11_at_6.55.10_AM_(2)/crop_003075.jpg
WhatsApp Video 2026-08-11 at 6.55.10 AM (2).mp4,3,Aluminium,train,3090,51.5,498,35,150,35,348,0,648,300,300,300,4.92,42.64,TRACKED,RETAINED,data/phase2_roi_crops/retained/WhatsApp_Video_2026-08-11_at_6.55.10_AM_(2)/crop_003090.jpg
WhatsApp Video 2026-08-11 at 6.55.10 AM (2).mp4,3,Aluminium,train,3105,51.75,499,34,150,34,349,0,649,300,300,300,11.48,23.45,TRACKED,RETAINED,data/phase2_roi_crops/retained/WhatsApp_Video_2026-08-11_at_6.55.10_AM_(2)/crop_003105.jpg
WhatsApp Video 2026-08-11 at 6.55.10 AM (2).mp4,3,Aluminium,train,3120,52.0,499,32,150,32,349,0,649,300,300,300,9.92,65.89,TRACKED,RETAINED,data/phase2_roi_crops/retained/WhatsApp_Video_2026-08-11_at_6.55.10_AM_(2)/crop_003120.jpg
WhatsApp Video 2026-08-11 at 6.55.10 AM (2).mp4,3,Aluminium,train,3135,52.25,499,30,150,30,349,0,649,300,300,300,14.48,48.03,TRACKED,RETAINED,data/phase2_roi_crops/retained/WhatsApp_Video_2026-08-11_at_6.55.10_AM_(2)/crop_003135.jpg
WhatsApp Video 2026-08-11 at 6.55.10 AM (2).mp4,3,Aluminium,train,3150,52.5,499,30,150,30,349,0,649,300,300,300,23.57,41.37,TRACKED,RETAINED,data/phase2_roi_crops/retained/WhatsApp_Video_2026-08-11_at_6.55.10_AM_(2)/crop_003150.jpg
WhatsApp Video 2026-08-11 at 6.55.10 AM (2).mp4,3,Aluminium,train,3165,52.75,499,28,150,28,349,0,649,300,300,300,34.98,53.19,TRACKED,RETAINED,data/phase2_roi_crops/retained/WhatsApp_Video_2026-08-11_at_6.55.10_AM_(2)/crop_003165.jpg
WhatsApp Video 2026-08-11 at 6.55.10 AM (2).mp4,3,Aluminium,train,3180,53.0,499,27,150,27,349,0,649,300,300,300,38.89,62.26,TRACKED,RETAINED,data/phase2_roi_crops/retained/WhatsApp_Video_2026-08-11_at_6.55.10_AM_(2)/crop_003180.jpg
WhatsApp Video 2026-08-11 at 6.55.10 AM (2).mp4,3,Aluminium,train,3195,53.25,499,25,150,25,349,0,649,300,300,300,43.04,39.25,TRACKED,RETAINED,data/phase2_roi_crops/retained/WhatsApp_Video_2026-08-11_at_6.55.10_AM_(2)/crop_003195.jpg
WhatsApp Video 2026-08-11 at 6.55.10 AM (2).mp4,3,Aluminium,train,3210,53.5,499,24,150,24,349,0,649,300,300,300,34.21,67.53,TRACKED,RETAINED,data/phase2_roi_crops/retained/WhatsApp_Video_2026-08-11_at_6.55.10_AM_(2)/crop_003210.jpg
WhatsApp Video 2026-08-11 at 6.55.10 AM (2).mp4,3,Aluminium,train,3225,53.75,499,22,150,22,349,0,649,300,300,300,21.21,65.14,TRACKED,RETAINED,data/phase2_roi_crops/retained/WhatsApp_Video_2026-08-11_at_6.55.10_AM_(2)/crop_003225.jpg
WhatsApp Video 2026-08-11 at 6.55.10 AM (2).mp4,3,Aluminium,train,3240,54.0,499,21,150,21,349,0,649,300,300,300,28.57,33.67,TRACKED,RETAINED,data/phase2_roi_crops/retained/WhatsApp_Video_2026-08-11_at_6.55.10_AM_(2)/crop_003240.jpg
WhatsApp Video 2026-08-11 at 6.55.10 AM (2).mp4,3,Aluminium,train,3255,54.25,500,20,150,20,350,0,650,300,300,300,12.95,35.76,TRACKED,RETAINED,data/phase2_roi_crops/retained/WhatsApp_Video_2026-08-11_at_6.55.10_AM_(2)/crop_003255.jpg
WhatsApp Video 2026-08-11 at 6.55.10 AM (2).mp4,3,Aluminium,train,3270,54.5,500,18,150,18,350,0,650,300,300,300,7.65,51.84,TRACKED,RETAINED,data/phase2_roi_crops/retained/WhatsApp_Video_2026-08-11_at_6.55.10_AM_(2)/crop_003270.jpg
WhatsApp Video 2026-08-11 at 6.55.10 AM (2).mp4,3,Aluminium,train,3285,54.75,500,17,150,17,350,0,650,300,300,300,5.02,50.37,TRACKED,RETAINED,data/phase2_roi_crops/retained/WhatsApp_Video_2026-08-11_at_6.55.10_AM_(2)/crop_003285.jpg
WhatsApp Video 2026-08-11 at 6.55.10 AM (2).mp4,3,Aluminium,train,3300,55.0,500,15,150,15,350,0,650,300,300,300,160.95,35.5,TRACKED,RETAINED,data/phase2_roi_crops/retained/WhatsApp_Video_2026-08-11_at_6.55.10_AM_(2)/crop_003300.jpg
WhatsApp Video 2026-08-11 at 6.55.10 AM (2).mp4,3,Aluminium,train,3315,55.25,503,17,150,17,353,0,653,300,300,300,86.01,31.67,TRACKED,RETAINED,data/phase2_roi_crops/retained/WhatsApp_Video_2026-08-11_at_6.55.10_AM_(2)/crop_003315.jpg
WhatsApp Video 2026-08-11 at 6.55.10 AM (2).mp4,3,Aluminium,train,3330,55.5,498,11,150,11,348,0,648,300,300,300,119.41,36.05,TRACKED,RETAINED,data/phase2_roi_crops/retained/WhatsApp_Video_2026-08-11_at_6.55.10_AM_(2)/crop_003330.jpg
WhatsApp Video 2026-08-11 at 6.55.10 AM (2).mp4,3,Aluminium,train,3345,55.75,500,11,150,11,350,0,650,300,300,300,58.38,26.19,TRACKED,RETAINED,data/phase2_roi_crops/retained/WhatsApp_Video_2026-08-11_at_6.55.10_AM_(2)/crop_003345.jpg
WhatsApp Video 2026-08-11 at 6.55.10 AM (2).mp4,3,Aluminium,train,3360,56.0,500,10,150,10,350,0,650,300,300,300,45.38,23.39,TRACKED,RETAINED,data/phase2_roi_crops/retained/WhatsApp_Video_2026-08-11_at_6.55.10_AM_(2)/crop_003360.jpg
WhatsApp Video 2026-08-11 at 6.55.10 AM (2).mp4,3,Aluminium,train,3375,56.25,504,7,150,7,354,0,654,300,300,300,31.94,15.15,TRACKED,RETAINED,data/phase2_roi_crops/retained/WhatsApp_Video_2026-08-11_at_6.55.10_AM_(2)/crop_003375.jpg
WhatsApp Video 2026-08-11 at 6.55.10 AM (2).mp4,3,Aluminium,train,3390,56.5,500,7,150,7,350,0,650,300,300,300,47.63,45.36,TRACKED,RETAINED,data/phase2_roi_crops/retained/WhatsApp_Video_2026-08-11_at_6.55.10_AM_(2)/crop_003390.jpg
WhatsApp Video 2026-08-11 at 6.55.10 AM (2).mp4,3,Aluminium,train,3405,56.75,501,5,150,5,351,0,651,300,300,300,7.57,42.78,TRACKED,RETAINED,data/phase2_roi_crops/retained/WhatsApp_Video_2026-08-11_at_6.55.10_AM_(2)/crop_003405.jpg
WhatsApp Video 2026-08-11 at 6.55.10 AM (2).mp4,3,Aluminium,train,3420,57.0,500,3,150,3,350,0,650,300,300,300,17.13,14.14,TRACKED,RETAINED,data/phase2_roi_crops/retained/WhatsApp_Video_2026-08-11_at_6.55.10_AM_(2)/crop_003420.jpg
WhatsApp Video 2026-08-11 at 6.55.10 AM (2).mp4,3,Aluminium,train,3435,57.25,496,1,150,1,346,0,646,300,300,300,56.91,18.73,TRACKED,RETAINED,data/phase2_roi_crops/retained/WhatsApp_Video_2026-08-11_at_6.55.10_AM_(2)/crop_003435.jpg
WhatsApp Video 2026-08-11 at 6.55.10 AM (2).mp4,3,Aluminium,train,3450,57.5,497,0,150,0,347,0,647,300,300,300,34.23,48.79,TRACKED,RETAINED,data/phase2_roi_crops/retained/WhatsApp_Video_2026-08-11_at_6.55.10_AM_(2)/crop_003450.jpg
WhatsApp Video 2026-08-11 at 6.55.10 AM (2).mp4,3,Aluminium,train,3465,57.75,502,3,150,3,352,0,652,300,300,300,13.01,60.75,TRACKED,RETAINED,data/phase2_roi_crops/retained/WhatsApp_Video_2026-08-11_at_6.55.10_AM_(2)/crop_003465.jpg
WhatsApp Video 2026-08-11 at 6.55.10 AM (2).mp4,3,Aluminium,train,3480,58.0,501,0,150,0,351,0,651,300,300,300,10.95,42.6,TRACKED,RETAINED,data/phase2_roi_crops/retained/WhatsApp_Video_2026-08-11_at_6.55.10_AM_(2)/crop_003480.jpg
WhatsApp Video 2026-08-11 at 6.55.10 AM (2).mp4,3,Aluminium,train,3495,58.25,501,0,150,0,351,0,651,300,300,300,38.35,55.21,TRACKED,RETAINED,data/phase2_roi_crops/retained/WhatsApp_Video_2026-08-11_at_6.55.10_AM_(2)/crop_003495.jpg
WhatsApp Video 2026-08-11 at 6.55.10 AM (2).mp4,3,Aluminium,train,3510,58.5,501,0,150,0,351,0,651,300,300,300,63.14,46.68,TRACKED,RETAINED,data/phase2_roi_crops/retained/WhatsApp_Video_2026-08-11_at_6.55.10_AM_(2)/crop_003510.jpg
WhatsApp Video 2026-08-11 at 6.55.10 AM (2).mp4,3,Aluminium,train,3525,58.75,501,0,150,0,351,0,651,300,300,300,26.08,52.97,TRACKED,RETAINED,data/phase2_roi_crops/retained/WhatsApp_Video_2026-08-11_at_6.55.10_AM_(2)/crop_003525.jpg
WhatsApp Video 2026-08-11 at 6.55.10 AM (2).mp4,3,Aluminium,train,3540,59.0,501,0,150,0,351,0,651,300,300,300,16.79,42.43,TRACKED,RETAINED,data/phase2_roi_crops/retained/WhatsApp_Video_2026-08-11_at_6.55.10_AM_(2)/crop_003540.jpg
WhatsApp Video 2026-08-11 at 6.55.10 AM (2).mp4,3,Aluminium,train,3555,59.25,502,0,150,0,352,0,652,300,300,300,49.53,16.77,TRACKED,RETAINED,data/phase2_roi_crops/retained/WhatsApp_Video_2026-08-11_at_6.55.10_AM_(2)/crop_003555.jpg
WhatsApp Video 2026-08-11 at 6.55.10 AM (2).mp4,3,Aluminium,train,3570,59.5,502,0,150,0,352,0,652,300,300,300,5.28,41.15,TRACKED,RETAINED,data/phase2_roi_crops/retained/WhatsApp_Video_2026-08-11_at_6.55.10_AM_(2)/crop_003570.jpg
WhatsApp Video 2026-08-11 at 6.55.10 AM (2).mp4,3,Aluminium,train,3585,59.75,502,0,150,0,352,0,652,300,300,300,8.23,51.48,TRACKED,RETAINED,data/phase2_roi_crops/retained/WhatsApp_Video_2026-08-11_at_6.55.10_AM_(2)/crop_003585.jpg
WhatsApp Video 2026-08-11 at 6.55.10 AM (2).mp4,3,Aluminium,train,3600,60.0,502,0,150,0,352,0,652,300,300,300,23.58,16.76,TRACKED,RETAINED,data/phase2_roi_crops/retained/WhatsApp_Video_2026-08-11_at_6.55.10_AM_(2)/crop_003600.jpg
WhatsApp Video 2026-08-11 at 6.55.10 AM (2).mp4,3,Aluminium,train,3615,60.25,502,0,150,0,352,0,652,300,300,300,38.89,21.19,TRACKED,RETAINED,data/phase2_roi_crops/retained/WhatsApp_Video_2026-08-11_at_6.55.10_AM_(2)/crop_003615.jpg
WhatsApp Video 2026-08-11 at 6.55.10 AM (2).mp4,3,Aluminium,train,3630,60.5,502,0,150,0,352,0,652,300,300,300,20.55,52.52,TRACKED,RETAINED,data/phase2_roi_crops/retained/WhatsApp_Video_2026-08-11_at_6.55.10_AM_(2)/crop_003630.jpg
WhatsApp Video 2026-08-11 at 6.55.10 AM (2).mp4,3,Aluminium,train,3645,60.75,502,0,150,0,352,0,652,300,300,300,40.93,73.96,TRACKED,RETAINED,data/phase2_roi_crops/retained/WhatsApp_Video_2026-08-11_at_6.55.10_AM_(2)/crop_003645.jpg
WhatsApp Video 2026-08-11 at 6.55.10 AM (2).mp4,3,Aluminium,train,3660,61.0,502,0,150,0,352,0,652,300,300,300,15.63,53.77,TRACKED,RETAINED,data/phase2_roi_crops/retained/WhatsApp_Video_2026-08-11_at_6.55.10_AM_(2)/crop_003660.jpg
WhatsApp Video 2026-08-11 at 6.55.10 AM (2).mp4,3,Aluminium,train,3675,61.25,502,0,150,0,352,0,652,300,300,300,5.97,41.74,TRACKED,RETAINED,data/phase2_roi_crops/retained/WhatsApp_Video_2026-08-11_at_6.55.10_AM_(2)/crop_003675.jpg
WhatsApp Video 2026-08-11 at 6.55.10 AM (2).mp4,3,Aluminium,train,3690,61.5,502,0,150,0,352,0,652,300,300,300,19.33,28.54,TRACKED,RETAINED,data/phase2_roi_crops/retained/WhatsApp_Video_2026-08-11_at_6.55.10_AM_(2)/crop_003690.jpg
WhatsApp Video 2026-08-11 at 6.55.10 AM (2).mp4,3,Aluminium,train,3705,61.75,503,0,150,0,353,0,653,300,300,300,35.97,23.76,TRACKED,RETAINED,data/phase2_roi_crops/retained/WhatsApp_Video_2026-08-11_at_6.55.10_AM_(2)/crop_003705.jpg
WhatsApp Video 2026-08-11 at 6.55.10 AM (2).mp4,3,Aluminium,train,3720,62.0,503,0,150,0,353,0,653,300,300,300,30.38,42.6,TRACKED,RETAINED,data/phase2_roi_crops/retained/WhatsApp_Video_2026-08-11_at_6.55.10_AM_(2)/crop_003720.jpg
WhatsApp Video 2026-08-11 at 6.55.10 AM (2).mp4,3,Aluminium,train,3735,62.25,503,0,150,0,353,0,653,300,300,300,24.19,61.41,TRACKED,RETAINED,data/phase2_roi_crops/retained/WhatsApp_Video_2026-08-11_at_6.55.10_AM_(2)/crop_003735.jpg
WhatsApp Video 2026-08-11 at 6.55.10 AM (2).mp4,3,Aluminium,train,3750,62.5,503,0,150,0,353,0,653,300,300,300,24.88,33.4,TRACKED,RETAINED,data/phase2_roi_crops/retained/WhatsApp_Video_2026-08-11_at_6.55.10_AM_(2)/crop_003750.jpg
WhatsApp Video 2026-08-11 at 6.55.10 AM (2).mp4,3,Aluminium,train,3765,62.75,503,0,150,0,353,0,653,300,300,300,72.07,64.68,TRACKED,RETAINED,data/phase2_roi_crops/retained/WhatsApp_Video_2026-08-11_at_6.55.10_AM_(2)/crop_003765.jpg
WhatsApp Video 2026-08-11 at 6.55.10 AM (2).mp4,3,Aluminium,train,3780,63.0,503,0,150,0,353,0,653,300,300,300,55.63,40.07,TRACKED,RETAINED,data/phase2_roi_crops/retained/WhatsApp_Video_2026-08-11_at_6.55.10_AM_(2)/crop_003780.jpg
WhatsApp Video 2026-08-11 at 6.55.10 AM (2).mp4,3,Aluminium,train,3795,63.25,503,0,150,0,353,0,653,300,300,300,26.49,67.9,TRACKED,RETAINED,data/phase2_roi_crops/retained/WhatsApp_Video_2026-08-11_at_6.55.10_AM_(2)/crop_003795.jpg
WhatsApp Video 2026-08-11 at 6.55.10 AM (2).mp4,3,Aluminium,train,3810,63.5,503,0,150,0,353,0,653,300,300,300,19.22,63.79,TRACKED,RETAINED,data/phase2_roi_crops/retained/WhatsApp_Video_2026-08-11_at_6.55.10_AM_(2)/crop_003810.jpg
WhatsApp Video 2026-08-11 at 6.55.10 AM (2).mp4,3,Aluminium,train,3825,63.75,503,0,150,0,353,0,653,300,300,300,41.13,53.93,TRACKED,RETAINED,data/phase2_roi_crops/retained/WhatsApp_Video_2026-08-11_at_6.55.10_AM_(2)/crop_003825.jpg
WhatsApp Video 2026-08-11 at 6.55.10 AM (2).mp4,3,Aluminium,train,3840,64.0,503,0,150,0,353,0,653,300,300,300,17.58,45.49,TRACKED,RETAINED,data/phase2_roi_crops/retained/WhatsApp_Video_2026-08-11_at_6.55.10_AM_(2)/crop_003840.jpg
WhatsApp Video 2026-08-11 at 6.55.10 AM (2).mp4,3,Aluminium,train,3855,64.25,504,0,150,0,354,0,654,300,300,300,23.24,19.99,TRACKED,RETAINED,data/phase2_roi_crops/retained/WhatsApp_Video_2026-08-11_at_6.55.10_AM_(2)/crop_003855.jpg
WhatsApp Video 2026-08-11 at 6.55.10 AM (2).mp4,3,Aluminium,train,3870,64.5,504,0,150,0,354,0,654,300,300,300,42.5,47.51,TRACKED,RETAINED,data/phase2_roi_crops/retained/WhatsApp_Video_2026-08-11_at_6.55.10_AM_(2)/crop_003870.jpg
WhatsApp Video 2026-08-11 at 6.55.10 AM (2).mp4,3,Aluminium,train,3885,64.75,504,0,150,0,354,0,654,300,300,300,42.3,49.93,TRACKED,RETAINED,data/phase2_roi_crops/retained/WhatsApp_Video_2026-08-11_at_6.55.10_AM_(2)/crop_003885.jpg
WhatsApp Video 2026-08-11 at 6.55.10 AM (2).mp4,3,Aluminium,train,3900,65.0,504,0,150,0,354,0,654,300,300,300,41.78,27.54,TRACKED,RETAINED,data/phase2_roi_crops/retained/WhatsApp_Video_2026-08-11_at_6.55.10_AM_(2)/crop_003900.jpg
WhatsApp Video 2026-08-11 at 6.55.10 AM (2).mp4,3,Aluminium,train,3915,65.25,504,0,150,0,354,0,654,300,300,300,40.64,47.43,TRACKED,RETAINED,data/phase2_roi_crops/retained/WhatsApp_Video_2026-08-11_at_6.55.10_AM_(2)/crop_003915.jpg
WhatsApp Video 2026-08-11 at 6.55.10 AM (2).mp4,3,Aluminium,train,3930,65.5,504,0,150,0,354,0,654,300,300,300,39.77,58.95,TRACKED,RETAINED,data/phase2_roi_crops/retained/WhatsApp_Video_2026-08-11_at_6.55.10_AM_(2)/crop_003930.jpg
WhatsApp Video 2026-08-11 at 6.55.10 AM (2).mp4,3,Aluminium,train,3945,65.75,504,0,150,0,354,0,654,300,300,300,51.01,45.49,TRACKED,RETAINED,data/phase2_roi_crops/retained/WhatsApp_Video_2026-08-11_at_6.55.10_AM_(2)/crop_003945.jpg
WhatsApp Video 2026-08-11 at 6.55.10 AM (2).mp4,3,Aluminium,train,3960,66.0,504,0,150,0,354,0,654,300,300,300,45.33,41.28,TRACKED,RETAINED,data/phase2_roi_crops/retained/WhatsApp_Video_2026-08-11_at_6.55.10_AM_(2)/crop_003960.jpg
WhatsApp Video 2026-08-11 at 6.55.10 AM (2).mp4,3,Aluminium,train,3975,66.25,504,0,150,0,354,0,654,300,300,300,72.16,30.55,TRACKED,RETAINED,data/phase2_roi_crops/retained/WhatsApp_Video_2026-08-11_at_6.55.10_AM_(2)/crop_003975.jpg
WhatsApp Video 2026-08-11 at 6.55.10 AM (2).mp4,3,Aluminium,train,3990,66.5,504,0,150,0,354,0,654,300,300,300,57.47,29.76,TRACKED,RETAINED,data/phase2_roi_crops/retained/WhatsApp_Video_2026-08-11_at_6.55.10_AM_(2)/crop_003990.jpg
WhatsApp Video 2026-08-11 at 6.55.10 AM (2).mp4,3,Aluminium,train,4005,66.75,505,0,150,0,355,0,655,300,300,300,65.73,22.26,TRACKED,RETAINED,data/phase2_roi_crops/retained/WhatsApp_Video_2026-08-11_at_6.55.10_AM_(2)/crop_004005.jpg
WhatsApp Video 2026-08-11 at 6.55.10 AM (2).mp4,3,Aluminium,train,4020,67.0,505,0,150,0,355,0,655,300,300,300,75.34,13.48,TRACKED,RETAINED,data/phase2_roi_crops/retained/WhatsApp_Video_2026-08-11_at_6.55.10_AM_(2)/crop_004020.jpg
WhatsApp Video 2026-08-11 at 6.55.10 AM (2).mp4,3,Aluminium,train,4035,67.25,505,0,150,0,355,0,655,300,300,300,58.36,32.93,TRACKED,RETAINED,data/phase2_roi_crops/retained/WhatsApp_Video_2026-08-11_at_6.55.10_AM_(2)/crop_004035.jpg
WhatsApp Video 2026-08-11 at 6.55.10 AM (2).mp4,3,Aluminium,train,4050,67.5,505,0,150,0,355,0,655,300,300,300,49.77,31.43,TRACKED,RETAINED,data/phase2_roi_crops/retained/WhatsApp_Video_2026-08-11_at_6.55.10_AM_(2)/crop_004050.jpg
WhatsApp Video 2026-08-11 at 6.55.10 AM (2).mp4,3,Aluminium,train,4065,67.75,505,0,150,0,355,0,655,300,300,300,52.53,23.57,TRACKED,RETAINED,data/phase2_roi_crops/retained/WhatsApp_Video_2026-08-11_at_6.55.10_AM_(2)/crop_004065.jpg
WhatsApp Video 2026-08-11 at 6.55.10 AM (2).mp4,3,Aluminium,train,4080,68.0,505,0,150,0,355,0,655,300,300,300,52.71,30.27,TRACKED,RETAINED,data/phase2_roi_crops/retained/WhatsApp_Video_2026-08-11_at_6.55.10_AM_(2)/crop_004080.jpg
WhatsApp Video 2026-08-11 at 6.55.10 AM (2).mp4,3,Aluminium,train,4095,68.25,505,0,150,0,355,0,655,300,300,300,57.17,20.69,TRACKED,RETAINED,data/phase2_roi_crops/retained/WhatsApp_Video_2026-08-11_at_6.55.10_AM_(2)/crop_004095.jpg
WhatsApp Video 2026-08-11 at 6.55.10 AM (2).mp4,3,Aluminium,train,4110,68.5,505,0,150,0,355,0,655,300,300,300,56.79,12.21,TRACKED,RETAINED,data/phase2_roi_crops/retained/WhatsApp_Video_2026-08-11_at_6.55.10_AM_(2)/crop_004110.jpg
WhatsApp Video 2026-08-11 at 6.55.10 AM (2).mp4,3,Aluminium,train,4125,68.75,505,0,150,0,355,0,655,300,300,300,56.18,17.25,TRACKED,RETAINED,data/phase2_roi_crops/retained/WhatsApp_Video_2026-08-11_at_6.55.10_AM_(2)/crop_004125.jpg
WhatsApp Video 2026-08-11 at 6.55.10 AM (2).mp4,3,Aluminium,train,4140,69.0,505,0,150,0,355,0,655,300,300,300,73.11,20.38,TRACKED,RETAINED,data/phase2_roi_crops/retained/WhatsApp_Video_2026-08-11_at_6.55.10_AM_(2)/crop_004140.jpg
WhatsApp Video 2026-08-11 at 6.55.10 AM (2).mp4,3,Aluminium,train,4155,69.25,506,0,150,0,356,0,656,300,300,300,67.03,15.47,TRACKED,RETAINED,data/phase2_roi_crops/retained/WhatsApp_Video_2026-08-11_at_6.55.10_AM_(2)/crop_004155.jpg
WhatsApp Video 2026-08-11 at 6.55.10 AM (2).mp4,3,Aluminium,train,4170,69.5,506,0,150,0,356,0,656,300,300,300,63.07,31.74,TRACKED,RETAINED,data/phase2_roi_crops/retained/WhatsApp_Video_2026-08-11_at_6.55.10_AM_(2)/crop_004170.jpg
WhatsApp Video 2026-08-11 at 6.55.10 AM (2).mp4,3,Aluminium,train,4185,69.75,506,0,150,0,356,0,656,300,300,300,40.78,60.52,TRACKED,RETAINED,data/phase2_roi_crops/retained/WhatsApp_Video_2026-08-11_at_6.55.10_AM_(2)/crop_004185.jpg
WhatsApp Video 2026-08-11 at 6.55.10 AM (2).mp4,3,Aluminium,train,4200,70.0,506,0,150,0,356,0,656,300,300,300,74.11,32.31,TRACKED,RETAINED,data/phase2_roi_crops/retained/WhatsApp_Video_2026-08-11_at_6.55.10_AM_(2)/crop_004200.jpg
WhatsApp Video 2026-08-11 at 6.55.10 AM (2).mp4,3,Aluminium,train,4215,70.25,506,0,150,0,356,0,656,300,300,300,67.54,9.46,TRACKED,RETAINED,data/phase2_roi_crops/retained/WhatsApp_Video_2026-08-11_at_6.55.10_AM_(2)/crop_004215.jpg
WhatsApp Video 2026-08-11 at 6.55.14 AM (2).mp4,12,Copper,test,0,0.0,558,254,150,150,408,104,708,404,300,300,50.93,0.0,TRACKED,RETAINED,data/phase2_roi_crops/retained/WhatsApp_Video_2026-08-11_at_6.55.14_AM_(2)/crop_000000.jpg
WhatsApp Video 2026-08-11 at 6.55.14 AM (2).mp4,12,Copper,test,15,0.25,556,251,150,150,406,101,706,401,300,300,13.59,61.49,TRACKED,RETAINED,data/phase2_roi_crops/retained/WhatsApp_Video_2026-08-11_at_6.55.14_AM_(2)/crop_000015.jpg
WhatsApp Video 2026-08-11 at 6.55.14 AM (2).mp4,12,Copper,test,30,0.5,555,247,150,150,405,97,705,397,300,300,23.94,33.55,TRACKED,RETAINED,data/phase2_roi_crops/retained/WhatsApp_Video_2026-08-11_at_6.55.14_AM_(2)/crop_000030.jpg
WhatsApp Video 2026-08-11 at 6.55.14 AM (2).mp4,12,Copper,test,45,0.75,553,244,150,150,403,94,703,394,300,300,26.8,68.01,TRACKED,RETAINED,data/phase2_roi_crops/retained/WhatsApp_Video_2026-08-11_at_6.55.14_AM_(2)/crop_000045.jpg
WhatsApp Video 2026-08-11 at 6.55.14 AM (2).mp4,12,Copper,test,60,1.0,551,240,150,150,401,90,701,390,300,300,62.44,35.13,TRACKED,RETAINED,data/phase2_roi_crops/retained/WhatsApp_Video_2026-08-11_at_6.55.14_AM_(2)/crop_000060.jpg
WhatsApp Video 2026-08-11 at 6.55.14 AM (2).mp4,12,Copper,test,75,1.25,548,240,150,150,398,90,698,390,300,300,49.25,36.85,TRACKED,RETAINED,data/phase2_roi_crops/retained/WhatsApp_Video_2026-08-11_at_6.55.14_AM_(2)/crop_000075.jpg
WhatsApp Video 2026-08-11 at 6.55.14 AM (2).mp4,12,Copper,test,90,1.5,545,232,150,150,395,82,695,382,300,300,59.25,17.51,TRACKED,RETAINED,data/phase2_roi_crops/retained/WhatsApp_Video_2026-08-11_at_6.55.14_AM_(2)/crop_000090.jpg
WhatsApp Video 2026-08-11 at 6.55.14 AM (2).mp4,12,Copper,test,105,1.75,545,229,150,150,395,79,695,379,300,300,77.81,28.22,TRACKED,RETAINED,data/phase2_roi_crops/retained/WhatsApp_Video_2026-08-11_at_6.55.14_AM_(2)/crop_000105.jpg
WhatsApp Video 2026-08-11 at 6.55.14 AM (2).mp4,12,Copper,test,120,2.0,543,223,150,150,393,73,693,373,300,300,76.16,13.22,TRACKED,RETAINED,data/phase2_roi_crops/retained/WhatsApp_Video_2026-08-11_at_6.55.14_AM_(2)/crop_000120.jpg
WhatsApp Video 2026-08-11 at 6.55.14 AM (2).mp4,12,Copper,test,135,2.25,541,221,150,150,391,71,691,371,300,300,56.3,16.28,TRACKED,RETAINED,data/phase2_roi_crops/retained/WhatsApp_Video_2026-08-11_at_6.55.14_AM_(2)/crop_000135.jpg
WhatsApp Video 2026-08-11 at 6.55.14 AM (2).mp4,12,Copper,test,150,2.5,542,220,150,150,392,70,692,370,300,300,52.31,9.75,TRACKED,RETAINED,data/phase2_roi_crops/retained/WhatsApp_Video_2026-08-11_at_6.55.14_AM_(2)/crop_000150.jpg
WhatsApp Video 2026-08-11 at 6.55.14 AM (2).mp4,12,Copper,test,165,2.75,542,218,150,150,392,68,692,368,300,300,50.83,3.34,TRACKED,RETAINED,data/phase2_roi_crops/retained/WhatsApp_Video_2026-08-11_at_6.55.14_AM_(2)/crop_000165.jpg
WhatsApp Video 2026-08-11 at 6.55.14 AM (2).mp4,12,Copper,test,180,3.0,537,213,150,150,387,63,687,363,300,300,53.46,16.91,TRACKED,RETAINED,data/phase2_roi_crops/retained/WhatsApp_Video_2026-08-11_at_6.55.14_AM_(2)/crop_000180.jpg
WhatsApp Video 2026-08-11 at 6.55.14 AM (2).mp4,12,Copper,test,195,3.25,535,213,150,150,385,63,685,363,300,300,51.0,7.97,TRACKED,RETAINED,data/phase2_roi_crops/retained/WhatsApp_Video_2026-08-11_at_6.55.14_AM_(2)/crop_000195.jpg
WhatsApp Video 2026-08-11 at 6.55.14 AM (2).mp4,12,Copper,test,210,3.5,531,206,150,150,381,56,681,356,300,300,48.2,17.64,TRACKED,RETAINED,data/phase2_roi_crops/retained/WhatsApp_Video_2026-08-11_at_6.55.14_AM_(2)/crop_000210.jpg
WhatsApp Video 2026-08-11 at 6.55.14 AM (2).mp4,12,Copper,test,225,3.75,532,201,150,150,382,51,682,351,300,300,52.69,22.71,TRACKED,RETAINED,data/phase2_roi_crops/retained/WhatsApp_Video_2026-08-11_at_6.55.14_AM_(2)/crop_000225.jpg
WhatsApp Video 2026-08-11 at 6.55.14 AM (2).mp4,12,Copper,test,240,4.0,536,199,150,150,386,49,686,349,300,300,56.6,16.96,TRACKED,RETAINED,data/phase2_roi_crops/retained/WhatsApp_Video_2026-08-11_at_6.55.14_AM_(2)/crop_000240.jpg
WhatsApp Video 2026-08-11 at 6.55.14 AM (2).mp4,12,Copper,test,255,4.25,524,197,150,150,374,47,674,347,300,300,51.92,13.59,TRACKED,RETAINED,data/phase2_roi_crops/retained/WhatsApp_Video_2026-08-11_at_6.55.14_AM_(2)/crop_000255.jpg
WhatsApp Video 2026-08-11 at 6.55.14 AM (2).mp4,12,Copper,test,270,4.5,529,192,150,150,379,42,679,342,300,300,54.81,12.72,TRACKED,RETAINED,data/phase2_roi_crops/retained/WhatsApp_Video_2026-08-11_at_6.55.14_AM_(2)/crop_000270.jpg
WhatsApp Video 2026-08-11 at 6.55.14 AM (2).mp4,12,Copper,test,285,4.75,529,192,150,150,379,42,679,342,300,300,52.22,5.55,TRACKED,RETAINED,data/phase2_roi_crops/retained/WhatsApp_Video_2026-08-11_at_6.55.14_AM_(2)/crop_000285.jpg
WhatsApp Video 2026-08-11 at 6.55.14 AM (2).mp4,12,Copper,test,300,5.0,523,183,150,150,373,33,673,333,300,300,68.24,13.68,TRACKED,RETAINED,data/phase2_roi_crops/retained/WhatsApp_Video_2026-08-11_at_6.55.14_AM_(2)/crop_000300.jpg
WhatsApp Video 2026-08-11 at 6.55.14 AM (2).mp4,12,Copper,test,315,5.25,522,177,150,150,372,27,672,327,300,300,54.59,5.83,TRACKED,RETAINED,data/phase2_roi_crops/retained/WhatsApp_Video_2026-08-11_at_6.55.14_AM_(2)/crop_000315.jpg
WhatsApp Video 2026-08-11 at 6.55.14 AM (2).mp4,12,Copper,test,330,5.5,517,175,150,150,367,25,667,325,300,300,55.48,12.99,TRACKED,RETAINED,data/phase2_roi_crops/retained/WhatsApp_Video_2026-08-11_at_6.55.14_AM_(2)/crop_000330.jpg
WhatsApp Video 2026-08-11 at 6.55.14 AM (2).mp4,12,Copper,test,345,5.75,515,173,150,150,365,23,665,323,300,300,51.91,19.45,TRACKED,RETAINED,data/phase2_roi_crops/retained/WhatsApp_Video_2026-08-11_at_6.55.14_AM_(2)/crop_000345.jpg
WhatsApp Video 2026-08-11 at 6.55.14 AM (2).mp4,12,Copper,test,360,6.0,514,168,150,150,364,18,664,318,300,300,59.22,22.94,TRACKED,RETAINED,data/phase2_roi_crops/retained/WhatsApp_Video_2026-08-11_at_6.55.14_AM_(2)/crop_000360.jpg
WhatsApp Video 2026-08-11 at 6.55.14 AM (2).mp4,12,Copper,test,375,6.25,516,167,150,150,366,17,666,317,300,300,57.0,16.84,TRACKED,RETAINED,data/phase2_roi_crops/retained/WhatsApp_Video_2026-08-11_at_6.55.14_AM_(2)/crop_000375.jpg
WhatsApp Video 2026-08-11 at 6.55.14 AM (2).mp4,12,Copper,test,390,6.5,510,160,150,150,360,10,660,310,300,300,57.44,12.84,TRACKED,RETAINED,data/phase2_roi_crops/retained/WhatsApp_Video_2026-08-11_at_6.55.14_AM_(2)/crop_000390.jpg
WhatsApp Video 2026-08-11 at 6.55.14 AM (2).mp4,12,Copper,test,405,6.75,509,161,150,150,359,11,659,311,300,300,50.69,19.75,TRACKED,RETAINED,data/phase2_roi_crops/retained/WhatsApp_Video_2026-08-11_at_6.55.14_AM_(2)/crop_000405.jpg
WhatsApp Video 2026-08-11 at 6.55.14 AM (2).mp4,12,Copper,test,420,7.0,510,160,150,150,360,10,660,310,300,300,59.3,4.2,TRACKED,RETAINED,data/phase2_roi_crops/retained/WhatsApp_Video_2026-08-11_at_6.55.14_AM_(2)/crop_000420.jpg
WhatsApp Video 2026-08-11 at 6.55.14 AM (2).mp4,12,Copper,test,435,7.25,512,154,150,150,362,4,662,304,300,300,62.57,6.65,TRACKED,RETAINED,data/phase2_roi_crops/retained/WhatsApp_Video_2026-08-11_at_6.55.14_AM_(2)/crop_000435.jpg
WhatsApp Video 2026-08-11 at 6.55.14 AM (2).mp4,12,Copper,test,450,7.5,508,146,150,146,358,0,658,300,300,300,59.01,14.83,TRACKED,RETAINED,data/phase2_roi_crops/retained/WhatsApp_Video_2026-08-11_at_6.55.14_AM_(2)/crop_000450.jpg
WhatsApp Video 2026-08-11 at 6.55.14 AM (2).mp4,12,Copper,test,465,7.75,507,143,150,143,357,0,657,300,300,300,60.03,14.54,TRACKED,RETAINED,data/phase2_roi_crops/retained/WhatsApp_Video_2026-08-11_at_6.55.14_AM_(2)/crop_000465.jpg
WhatsApp Video 2026-08-11 at 6.55.14 AM (2).mp4,12,Copper,test,480,8.0,504,143,150,143,354,0,654,300,300,300,56.33,14.41,TRACKED,RETAINED,data/phase2_roi_crops/retained/WhatsApp_Video_2026-08-11_at_6.55.14_AM_(2)/crop_000480.jpg
WhatsApp Video 2026-08-11 at 6.55.14 AM (2).mp4,12,Copper,test,495,8.25,504,142,150,142,354,0,654,300,300,300,57.14,10.2,TRACKED,RETAINED,data/phase2_roi_crops/retained/WhatsApp_Video_2026-08-11_at_6.55.14_AM_(2)/crop_000495.jpg
WhatsApp Video 2026-08-11 at 6.55.14 AM (2).mp4,12,Copper,test,510,8.5,503,142,150,142,353,0,653,300,300,300,57.38,6.07,TRACKED,RETAINED,data/phase2_roi_crops/retained/WhatsApp_Video_2026-08-11_at_6.55.14_AM_(2)/crop_000510.jpg
WhatsApp Video 2026-08-11 at 6.55.14 AM (2).mp4,12,Copper,test,525,8.75,495,145,150,145,345,0,645,300,300,300,61.53,10.52,TRACKED,RETAINED,data/phase2_roi_crops/retained/WhatsApp_Video_2026-08-11_at_6.55.14_AM_(2)/crop_000525.jpg
WhatsApp Video 2026-08-11 at 6.55.14 AM (2).mp4,12,Copper,test,540,9.0,501,142,150,142,351,0,651,300,300,300,63.75,11.91,TRACKED,RETAINED,data/phase2_roi_crops/retained/WhatsApp_Video_2026-08-11_at_6.55.14_AM_(2)/crop_000540.jpg
WhatsApp Video 2026-08-11 at 6.55.14 AM (2).mp4,12,Copper,test,555,9.25,496,143,150,143,346,0,646,300,300,300,62.68,4.54,TRACKED,RETAINED,data/phase2_roi_crops/retained/WhatsApp_Video_2026-08-11_at_6.55.14_AM_(2)/crop_000555.jpg
WhatsApp Video 2026-08-11 at 6.55.14 AM (2).mp4,12,Copper,test,570,9.5,494,142,150,142,344,0,644,300,300,300,62.9,9.03,TRACKED,RETAINED,data/phase2_roi_crops/retained/WhatsApp_Video_2026-08-11_at_6.55.14_AM_(2)/crop_000570.jpg
WhatsApp Video 2026-08-11 at 6.55.14 AM (2).mp4,12,Copper,test,585,9.75,495,142,150,142,345,0,645,300,300,300,59.45,3.52,TRACKED,RETAINED,data/phase2_roi_crops/retained/WhatsApp_Video_2026-08-11_at_6.55.14_AM_(2)/crop_000585.jpg
WhatsApp Video 2026-08-11 at 6.55.14 AM (2).mp4,12,Copper,test,600,10.0,492,142,150,142,342,0,642,300,300,300,98.96,6.12,TRACKED,RETAINED,data/phase2_roi_crops/retained/WhatsApp_Video_2026-08-11_at_6.55.14_AM_(2)/crop_000600.jpg
WhatsApp Video 2026-08-11 at 6.55.14 AM (2).mp4,12,Copper,test,615,10.25,489,143,150,143,339,0,639,300,300,300,91.26,5.87,TRACKED,RETAINED,data/phase2_roi_crops/retained/WhatsApp_Video_2026-08-11_at_6.55.14_AM_(2)/crop_000615.jpg
WhatsApp Video 2026-08-11 at 6.55.14 AM (2).mp4,12,Copper,test,630,10.5,490,146,150,146,340,0,640,300,300,300,86.6,8.88,TRACKED,RETAINED,data/phase2_roi_crops/retained/WhatsApp_Video_2026-08-11_at_6.55.14_AM_(2)/crop_000630.jpg
WhatsApp Video 2026-08-11 at 6.55.14 AM (2).mp4,12,Copper,test,645,10.75,487,143,150,143,337,0,637,300,300,300,77.7,7.41,TRACKED,RETAINED,data/phase2_roi_crops/retained/WhatsApp_Video_2026-08-11_at_6.55.14_AM_(2)/crop_000645.jpg
WhatsApp Video 2026-08-11 at 6.55.14 AM (2).mp4,12,Copper,test,660,11.0,483,143,150,143,333,0,633,300,300,300,75.54,5.89,TRACKED,RETAINED,data/phase2_roi_crops/retained/WhatsApp_Video_2026-08-11_at_6.55.14_AM_(2)/crop_000660.jpg
WhatsApp Video 2026-08-11 at 6.55.14 AM (2).mp4,12,Copper,test,675,11.25,481,143,150,143,331,0,631,300,300,300,78.18,2.43,TRACKED,RETAINED,data/phase2_roi_crops/retained/WhatsApp_Video_2026-08-11_at_6.55.14_AM_(2)/crop_000675.jpg
WhatsApp Video 2026-08-11 at 6.55.14 AM (2).mp4,12,Copper,test,690,11.5,480,143,150,143,330,0,630,300,300,300,79.18,4.96,TRACKED,RETAINED,data/phase2_roi_crops/retained/WhatsApp_Video_2026-08-11_at_6.55.14_AM_(2)/crop_000690.jpg
WhatsApp Video 2026-08-11 at 6.55.14 AM (2).mp4,12,Copper,test,705,11.75,478,142,150,142,328,0,628,300,300,300,80.45,5.04,TRACKED,RETAINED,data/phase2_roi_crops/retained/WhatsApp_Video_2026-08-11_at_6.55.14_AM_(2)/crop_000705.jpg
WhatsApp Video 2026-08-11 at 6.55.14 AM (2).mp4,12,Copper,test,720,12.0,477,140,150,140,327,0,627,300,300,300,80.96,7.48,TRACKED,RETAINED,data/phase2_roi_crops/retained/WhatsApp_Video_2026-08-11_at_6.55.14_AM_(2)/crop_000720.jpg
WhatsApp Video 2026-08-11 at 6.55.14 AM (2).mp4,12,Copper,test,735,12.25,476,138,150,138,326,0,626,300,300,300,81.58,10.92,TRACKED,RETAINED,data/phase2_roi_crops/retained/WhatsApp_Video_2026-08-11_at_6.55.14_AM_(2)/crop_000735.jpg
WhatsApp Video 2026-08-11 at 6.55.14 AM (2).mp4,12,Copper,test,750,12.5,476,141,150,141,326,0,626,300,300,300,76.35,7.04,TRACKED,RETAINED,data/phase2_roi_crops/retained/WhatsApp_Video_2026-08-11_at_6.55.14_AM_(2)/crop_000750.jpg
WhatsApp Video 2026-08-11 at 6.55.14 AM (2).mp4,12,Copper,test,765,12.75,472,141,150,141,322,0,622,300,300,300,76.81,3.63,TRACKED,RETAINED,data/phase2_roi_crops/retained/WhatsApp_Video_2026-08-11_at_6.55.14_AM_(2)/crop_000765.jpg
WhatsApp Video 2026-08-11 at 6.55.14 AM (2).mp4,12,Copper,test,780,13.0,473,141,150,141,323,0,623,300,300,300,92.95,11.75,TRACKED,RETAINED,data/phase2_roi_crops/retained/WhatsApp_Video_2026-08-11_at_6.55.14_AM_(2)/crop_000780.jpg
WhatsApp Video 2026-08-11 at 6.55.14 AM (2).mp4,12,Copper,test,795,13.25,471,139,150,139,321,0,621,300,300,300,78.43,9.34,TRACKED,RETAINED,data/phase2_roi_crops/retained/WhatsApp_Video_2026-08-11_at_6.55.14_AM_(2)/crop_000795.jpg
WhatsApp Video 2026-08-11 at 6.55.14 AM (2).mp4,12,Copper,test,810,13.5,467,138,150,138,317,0,617,300,300,300,83.09,3.89,TRACKED,RETAINED,data/phase2_roi_crops/retained/WhatsApp_Video_2026-08-11_at_6.55.14_AM_(2)/crop_000810.jpg
WhatsApp Video 2026-08-11 at 6.55.14 AM (2).mp4,12,Copper,test,825,13.75,465,140,150,140,315,0,615,300,300,300,74.66,9.68,TRACKED,RETAINED,data/phase2_roi_crops/retained/WhatsApp_Video_2026-08-11_at_6.55.14_AM_(2)/crop_000825.jpg
WhatsApp Video 2026-08-11 at 6.55.14 AM (2).mp4,12,Copper,test,840,14.0,466,140,150,140,316,0,616,300,300,300,81.12,14.28,TRACKED,RETAINED,data/phase2_roi_crops/retained/WhatsApp_Video_2026-08-11_at_6.55.14_AM_(2)/crop_000840.jpg
WhatsApp Video 2026-08-11 at 6.55.14 AM (2).mp4,12,Copper,test,855,14.25,464,139,150,139,314,0,614,300,300,300,79.88,2.58,TRACKED,RETAINED,data/phase2_roi_crops/retained/WhatsApp_Video_2026-08-11_at_6.55.14_AM_(2)/crop_000855.jpg
WhatsApp Video 2026-08-11 at 6.55.14 AM (2).mp4,12,Copper,test,870,14.5,463,142,150,142,313,0,613,300,300,300,84.04,9.78,TRACKED,RETAINED,data/phase2_roi_crops/retained/WhatsApp_Video_2026-08-11_at_6.55.14_AM_(2)/crop_000870.jpg
WhatsApp Video 2026-08-11 at 6.55.14 AM (2).mp4,12,Copper,test,885,14.75,464,143,150,143,314,0,614,300,300,300,83.37,4.85,TRACKED,RETAINED,data/phase2_roi_crops/retained/WhatsApp_Video_2026-08-11_at_6.55.14_AM_(2)/crop_000885.jpg
WhatsApp Video 2026-08-11 at 6.55.14 AM (2).mp4,12,Copper,test,900,15.0,461,141,150,141,311,0,611,300,300,300,113.23,10.82,TRACKED,RETAINED,data/phase2_roi_crops/retained/WhatsApp_Video_2026-08-11_at_6.55.14_AM_(2)/crop_000900.jpg
WhatsApp Video 2026-08-11 at 6.55.14 AM (2).mp4,12,Copper,test,915,15.25,459,141,150,141,309,0,609,300,300,300,82.56,3.9,TRACKED,RETAINED,data/phase2_roi_crops/retained/WhatsApp_Video_2026-08-11_at_6.55.14_AM_(2)/crop_000915.jpg
WhatsApp Video 2026-08-11 at 6.55.14 AM (2).mp4,12,Copper,test,930,15.5,457,140,150,140,307,0,607,300,300,300,80.93,4.22,TRACKED,RETAINED,data/phase2_roi_crops/retained/WhatsApp_Video_2026-08-11_at_6.55.14_AM_(2)/crop_000930.jpg
WhatsApp Video 2026-08-11 at 6.55.14 AM (2).mp4,12,Copper,test,945,15.75,457,140,150,140,307,0,607,300,300,300,86.91,15.2,TRACKED,RETAINED,data/phase2_roi_crops/retained/WhatsApp_Video_2026-08-11_at_6.55.14_AM_(2)/crop_000945.jpg
WhatsApp Video 2026-08-11 at 6.55.14 AM (2).mp4,12,Copper,test,960,16.0,455,141,150,141,305,0,605,300,300,300,84.16,18.18,TRACKED,RETAINED,data/phase2_roi_crops/retained/WhatsApp_Video_2026-08-11_at_6.55.14_AM_(2)/crop_000960.jpg
WhatsApp Video 2026-08-11 at 6.55.14 AM (2).mp4,12,Copper,test,975,16.25,454,142,150,142,304,0,604,300,300,300,88.28,6.69,TRACKED,RETAINED,data/phase2_roi_crops/retained/WhatsApp_Video_2026-08-11_at_6.55.14_AM_(2)/crop_000975.jpg
WhatsApp Video 2026-08-11 at 6.55.14 AM (2).mp4,12,Copper,test,990,16.5,451,144,150,144,301,0,601,300,300,300,75.14,7.46,TRACKED,RETAINED,data/phase2_roi_crops/retained/WhatsApp_Video_2026-08-11_at_6.55.14_AM_(2)/crop_000990.jpg
WhatsApp Video 2026-08-11 at 6.55.14 AM (2).mp4,12,Copper,test,1005,16.75,451,147,150,147,301,0,601,300,300,300,72.03,16.32,TRACKED,RETAINED,data/phase2_roi_crops/retained/WhatsApp_Video_2026-08-11_at_6.55.14_AM_(2)/crop_001005.jpg
WhatsApp Video 2026-08-11 at 6.55.14 AM (2).mp4,12,Copper,test,1020,17.0,453,144,150,144,303,0,603,300,300,300,71.16,16.78,TRACKED,RETAINED,data/phase2_roi_crops/retained/WhatsApp_Video_2026-08-11_at_6.55.14_AM_(2)/crop_001020.jpg
WhatsApp Video 2026-08-11 at 6.55.14 AM (2).mp4,12,Copper,test,1035,17.25,452,145,150,145,302,0,602,300,300,300,69.27,13.28,TRACKED,RETAINED,data/phase2_roi_crops/retained/WhatsApp_Video_2026-08-11_at_6.55.14_AM_(2)/crop_001035.jpg
WhatsApp Video 2026-08-11 at 6.55.14 AM (2).mp4,12,Copper,test,1050,17.5,454,148,150,148,304,0,604,300,300,300,74.07,8.5,TRACKED,RETAINED,data/phase2_roi_crops/retained/WhatsApp_Video_2026-08-11_at_6.55.14_AM_(2)/crop_001050.jpg
WhatsApp Video 2026-08-11 at 6.55.14 AM (2).mp4,12,Copper,test,1065,17.75,456,146,150,146,306,0,606,300,300,300,69.54,10.41,TRACKED,RETAINED,data/phase2_roi_crops/retained/WhatsApp_Video_2026-08-11_at_6.55.14_AM_(2)/crop_001065.jpg
WhatsApp Video 2026-08-11 at 6.55.14 AM (2).mp4,12,Copper,test,1080,18.0,454,147,150,147,304,0,604,300,300,300,66.05,9.82,TRACKED,RETAINED,data/phase2_roi_crops/retained/WhatsApp_Video_2026-08-11_at_6.55.14_AM_(2)/crop_001080.jpg
WhatsApp Video 2026-08-11 at 6.55.14 AM (2).mp4,12,Copper,test,1095,18.25,453,149,150,149,303,0,603,300,300,300,70.41,7.03,TRACKED,RETAINED,data/phase2_roi_crops/retained/WhatsApp_Video_2026-08-11_at_6.55.14_AM_(2)/crop_001095.jpg
WhatsApp Video 2026-08-11 at 6.55.14 AM (2).mp4,12,Copper,test,1110,18.5,450,149,150,149,300,0,600,300,300,300,71.05,6.23,TRACKED,RETAINED,data/phase2_roi_crops/retained/WhatsApp_Video_2026-08-11_at_6.55.14_AM_(2)/crop_001110.jpg
WhatsApp Video 2026-08-11 at 6.55.14 AM (2).mp4,12,Copper,test,1125,18.75,453,149,150,149,303,0,603,300,300,300,67.19,4.33,TRACKED,RETAINED,data/phase2_roi_crops/retained/WhatsApp_Video_2026-08-11_at_6.55.14_AM_(2)/crop_001125.jpg
WhatsApp Video 2026-08-11 at 6.55.14 AM (2).mp4,12,Copper,test,1140,19.0,455,150,150,150,305,0,605,300,300,300,71.12,11.5,TRACKED,RETAINED,data/phase2_roi_crops/retained/WhatsApp_Video_2026-08-11_at_6.55.14_AM_(2)/crop_001140.jpg
WhatsApp Video 2026-08-11 at 6.55.14 AM (2).mp4,12,Copper,test,1155,19.25,454,151,150,150,304,1,604,301,300,300,69.1,12.59,TRACKED,RETAINED,data/phase2_roi_crops/retained/WhatsApp_Video_2026-08-11_at_6.55.14_AM_(2)/crop_001155.jpg
WhatsApp Video 2026-08-11 at 6.55.14 AM (2).mp4,12,Copper,test,1170,19.5,452,151,150,150,302,1,602,301,300,300,70.75,6.23,TRACKED,RETAINED,data/phase2_roi_crops/retained/WhatsApp_Video_2026-08-11_at_6.55.14_AM_(2)/crop_001170.jpg
WhatsApp Video 2026-08-11 at 6.55.14 AM (2).mp4,12,Copper,test,1185,19.75,454,150,150,150,304,0,604,300,300,300,73.55,6.33,TRACKED,RETAINED,data/phase2_roi_crops/retained/WhatsApp_Video_2026-08-11_at_6.55.14_AM_(2)/crop_001185.jpg
WhatsApp Video 2026-08-11 at 6.55.14 AM (2).mp4,12,Copper,test,1200,20.0,446,151,150,150,296,1,596,301,300,300,102.44,8.66,TRACKED,RETAINED,data/phase2_roi_crops/retained/WhatsApp_Video_2026-08-11_at_6.55.14_AM_(2)/crop_001200.jpg
WhatsApp Video 2026-08-11 at 6.55.14 AM (2).mp4,12,Copper,test,1215,20.25,453,156,150,150,303,6,603,306,300,300,79.25,9.42,TRACKED,RETAINED,data/phase2_roi_crops/retained/WhatsApp_Video_2026-08-11_at_6.55.14_AM_(2)/crop_001215.jpg
WhatsApp Video 2026-08-11 at 6.55.14 AM (2).mp4,12,Copper,test,1230,20.5,449,154,150,150,299,4,599,304,300,300,74.33,21.53,TRACKED,RETAINED,data/phase2_roi_crops/retained/WhatsApp_Video_2026-08-11_at_6.55.14_AM_(2)/crop_001230.jpg
WhatsApp Video 2026-08-11 at 6.55.14 AM (2).mp4,12,Copper,test,1245,20.75,450,157,150,150,300,7,600,307,300,300,86.29,4.86,TRACKED,RETAINED,data/phase2_roi_crops/retained/WhatsApp_Video_2026-08-11_at_6.55.14_AM_(2)/crop_001245.jpg
WhatsApp Video 2026-08-11 at 6.55.14 AM (2).mp4,12,Copper,test,1260,21.0,450,155,150,150,300,5,600,305,300,300,49.69,7.16,TRACKED,RETAINED,data/phase2_roi_crops/retained/WhatsApp_Video_2026-08-11_at_6.55.14_AM_(2)/crop_001260.jpg
WhatsApp Video 2026-08-11 at 6.55.14 AM (2).mp4,12,Copper,test,1275,21.25,452,155,150,150,302,5,602,305,300,300,54.39,3.05,TRACKED,RETAINED,data/phase2_roi_crops/retained/WhatsApp_Video_2026-08-11_at_6.55.14_AM_(2)/crop_001275.jpg
WhatsApp Video 2026-08-11 at 6.55.14 AM (2).mp4,12,Copper,test,1290,21.5,451,157,150,150,301,7,601,307,300,300,74.93,14.02,TRACKED,RETAINED,data/phase2_roi_crops/retained/WhatsApp_Video_2026-08-11_at_6.55.14_AM_(2)/crop_001290.jpg
WhatsApp Video 2026-08-11 at 6.55.14 AM (2).mp4,12,Copper,test,1305,21.75,449,155,150,150,299,5,599,305,300,300,84.72,4.19,TRACKED,RETAINED,data/phase2_roi_crops/retained/WhatsApp_Video_2026-08-11_at_6.55.14_AM_(2)/crop_001305.jpg
WhatsApp Video 2026-08-11 at 6.55.14 AM (2).mp4,12,Copper,test,1320,22.0,446,153,150,150,296,3,596,303,300,300,87.44,7.01,TRACKED,RETAINED,data/phase2_roi_crops/retained/WhatsApp_Video_2026-08-11_at_6.55.14_AM_(2)/crop_001320.jpg
WhatsApp Video 2026-08-11 at 6.55.14 AM (2).mp4,12,Copper,test,1335,22.25,448,158,150,150,298,8,598,308,300,300,84.8,16.77,TRACKED,RETAINED,data/phase2_roi_crops/retained/WhatsApp_Video_2026-08-11_at_6.55.14_AM_(2)/crop_001335.jpg
WhatsApp Video 2026-08-11 at 6.55.14 AM (2).mp4,12,Copper,test,1350,22.5,446,157,150,150,296,7,596,307,300,300,85.6,4.08,TRACKED,RETAINED,data/phase2_roi_crops/retained/WhatsApp_Video_2026-08-11_at_6.55.14_AM_(2)/crop_001350.jpg
WhatsApp Video 2026-08-11 at 6.55.14 AM (2).mp4,12,Copper,test,1365,22.75,448,155,150,150,298,5,598,305,300,300,84.95,3.05,TRACKED,RETAINED,data/phase2_roi_crops/retained/WhatsApp_Video_2026-08-11_at_6.55.14_AM_(2)/crop_001365.jpg
WhatsApp Video 2026-08-11 at 6.55.14 AM (2).mp4,12,Copper,test,1380,23.0,448,160,150,150,298,10,598,310,300,300,89.01,17.56,TRACKED,RETAINED,data/phase2_roi_crops/retained/WhatsApp_Video_2026-08-11_at_6.55.14_AM_(2)/crop_001380.jpg
WhatsApp Video 2026-08-11 at 6.55.14 AM (2).mp4,12,Copper,test,1395,23.25,447,160,150,150,297,10,597,310,300,300,81.9,2.73,TRACKED,RETAINED,data/phase2_roi_crops/retained/WhatsApp_Video_2026-08-11_at_6.55.14_AM_(2)/crop_001395.jpg
WhatsApp Video 2026-08-11 at 6.55.14 AM (2).mp4,12,Copper,test,1410,23.5,448,158,150,150,298,8,598,308,300,300,81.33,5.11,TRACKED,RETAINED,data/phase2_roi_crops/retained/WhatsApp_Video_2026-08-11_at_6.55.14_AM_(2)/crop_001410.jpg
WhatsApp Video 2026-08-11 at 6.55.14 AM (2).mp4,12,Copper,test,1425,23.75,446,162,150,150,296,12,596,312,300,300,90.56,14.56,TRACKED,RETAINED,data/phase2_roi_crops/retained/WhatsApp_Video_2026-08-11_at_6.55.14_AM_(2)/crop_001425.jpg
WhatsApp Video 2026-08-11 at 6.55.14 AM (2).mp4,12,Copper,test,1440,24.0,444,161,150,150,294,11,594,311,300,300,91.1,8.31,TRACKED,RETAINED,data/phase2_roi_crops/retained/WhatsApp_Video_2026-08-11_at_6.55.14_AM_(2)/crop_001440.jpg
WhatsApp Video 2026-08-11 at 6.55.14 AM (2).mp4,12,Copper,test,1455,24.25,446,162,150,150,296,12,596,312,300,300,82.92,4.71,TRACKED,RETAINED,data/phase2_roi_crops/retained/WhatsApp_Video_2026-08-11_at_6.55.14_AM_(2)/crop_001455.jpg
WhatsApp Video 2026-08-11 at 6.55.14 AM (2).mp4,12,Copper,test,1470,24.5,445,163,150,150,295,13,595,313,300,300,85.27,4.16,TRACKED,RETAINED,data/phase2_roi_crops/retained/WhatsApp_Video_2026-08-11_at_6.55.14_AM_(2)/crop_001470.jpg
WhatsApp Video 2026-08-11 at 6.55.14 AM (2).mp4,12,Copper,test,1485,24.75,444,164,150,150,294,14,594,314,300,300,85.47,5.5,TRACKED,RETAINED,data/phase2_roi_crops/retained/WhatsApp_Video_2026-08-11_at_6.55.14_AM_(2)/crop_001485.jpg
WhatsApp Video 2026-08-11 at 6.55.14 AM (2).mp4,12,Copper,test,1500,25.0,447,164,150,150,297,14,597,314,300,300,129.3,6.17,TRACKED,RETAINED,data/phase2_roi_crops/retained/WhatsApp_Video_2026-08-11_at_6.55.14_AM_(2)/crop_001500.jpg
WhatsApp Video 2026-08-11 at 6.55.14 AM (2).mp4,12,Copper,test,1515,25.25,442,166,150,150,292,16,592,316,300,300,85.29,20.45,TRACKED,RETAINED,data/phase2_roi_crops/retained/WhatsApp_Video_2026-08-11_at_6.55.14_AM_(2)/crop_001515.jpg
WhatsApp Video 2026-08-11 at 6.55.14 AM (2).mp4,12,Copper,test,1530,25.5,441,170,150,150,291,20,591,320,300,300,87.94,8.04,TRACKED,RETAINED,data/phase2_roi_crops/retained/WhatsApp_Video_2026-08-11_at_6.55.14_AM_(2)/crop_001530.jpg
WhatsApp Video 2026-08-11 at 6.55.14 AM (2).mp4,12,Copper,test,1545,25.75,443,170,150,150,293,20,593,320,300,300,88.29,10.53,TRACKED,RETAINED,data/phase2_roi_crops/retained/WhatsApp_Video_2026-08-11_at_6.55.14_AM_(2)/crop_001545.jpg
WhatsApp Video 2026-08-11 at 6.55.14 AM (2).mp4,12,Copper,test,1560,26.0,441,174,150,150,291,24,591,324,300,300,99.22,5.56,TRACKED,RETAINED,data/phase2_roi_crops/retained/WhatsApp_Video_2026-08-11_at_6.55.14_AM_(2)/crop_001560.jpg
WhatsApp Video 2026-08-11 at 6.55.14 AM (2).mp4,12,Copper,test,1575,26.25,436,170,150,150,286,20,586,320,300,300,86.79,14.49,TRACKED,RETAINED,data/phase2_roi_crops/retained/WhatsApp_Video_2026-08-11_at_6.55.14_AM_(2)/crop_001575.jpg
WhatsApp Video 2026-08-11 at 6.55.14 AM (2).mp4,12,Copper,test,1590,26.5,435,169,150,150,285,19,585,319,300,300,48.09,3.68,TRACKED,RETAINED,data/phase2_roi_crops/retained/WhatsApp_Video_2026-08-11_at_6.55.14_AM_(2)/crop_001590.jpg
WhatsApp Video 2026-08-11 at 6.55.14 AM (2).mp4,12,Copper,test,1605,26.75,440,171,150,150,290,21,590,321,300,300,43.97,10.76,TRACKED,RETAINED,data/phase2_roi_crops/retained/WhatsApp_Video_2026-08-11_at_6.55.14_AM_(2)/crop_001605.jpg
WhatsApp Video 2026-08-11 at 6.55.14 AM (2).mp4,12,Copper,test,1620,27.0,437,173,150,150,287,23,587,323,300,300,48.05,2.7,TRACKED,RETAINED,data/phase2_roi_crops/retained/WhatsApp_Video_2026-08-11_at_6.55.14_AM_(2)/crop_001620.jpg
WhatsApp Video 2026-08-11 at 6.55.14 AM (2).mp4,12,Copper,test,1635,27.25,438,177,150,150,288,27,588,327,300,300,74.94,6.48,TRACKED,RETAINED,data/phase2_roi_crops/retained/WhatsApp_Video_2026-08-11_at_6.55.14_AM_(2)/crop_001635.jpg
WhatsApp Video 2026-08-11 at 6.55.14 AM (2).mp4,12,Copper,test,1650,27.5,438,173,150,150,288,23,588,323,300,300,83.17,13.44,TRACKED,RETAINED,data/phase2_roi_crops/retained/WhatsApp_Video_2026-08-11_at_6.55.14_AM_(2)/crop_001650.jpg
WhatsApp Video 2026-08-11 at 6.55.14 AM (2).mp4,12,Copper,test,1665,27.75,437,174,150,150,287,24,587,324,300,300,82.56,5.07,TRACKED,RETAINED,data/phase2_roi_crops/retained/WhatsApp_Video_2026-08-11_at_6.55.14_AM_(2)/crop_001665.jpg
WhatsApp Video 2026-08-11 at 6.55.14 AM (2).mp4,12,Copper,test,1680,28.0,437,175,150,150,287,25,587,325,300,300,83.01,11.36,TRACKED,RETAINED,data/phase2_roi_crops/retained/WhatsApp_Video_2026-08-11_at_6.55.14_AM_(2)/crop_001680.jpg
WhatsApp Video 2026-08-11 at 6.55.14 AM (2).mp4,12,Copper,test,1695,28.25,437,176,150,150,287,26,587,326,300,300,84.83,12.19,TRACKED,RETAINED,data/phase2_roi_crops/retained/WhatsApp_Video_2026-08-11_at_6.55.14_AM_(2)/crop_001695.jpg
WhatsApp Video 2026-08-11 at 6.55.14 AM (2).mp4,12,Copper,test,1710,28.5,435,176,150,150,285,26,585,326,300,300,96.63,14.61,TRACKED,RETAINED,data/phase2_roi_crops/retained/WhatsApp_Video_2026-08-11_at_6.55.14_AM_(2)/crop_001710.jpg
WhatsApp Video 2026-08-11 at 6.55.14 AM (2).mp4,12,Copper,test,1725,28.75,436,177,150,150,286,27,586,327,300,300,79.46,8.39,TRACKED,RETAINED,data/phase2_roi_crops/retained/WhatsApp_Video_2026-08-11_at_6.55.14_AM_(2)/crop_001725.jpg
WhatsApp Video 2026-08-11 at 6.55.14 AM (2).mp4,12,Copper,test,1740,29.0,435,177,150,150,285,27,585,327,300,300,79.09,9.86,TRACKED,RETAINED,data/phase2_roi_crops/retained/WhatsApp_Video_2026-08-11_at_6.55.14_AM_(2)/crop_001740.jpg
WhatsApp Video 2026-08-11 at 6.55.14 AM (2).mp4,12,Copper,test,1755,29.25,435,179,150,150,285,29,585,329,300,300,79.95,7.14,TRACKED,RETAINED,data/phase2_roi_crops/retained/WhatsApp_Video_2026-08-11_at_6.55.14_AM_(2)/crop_001755.jpg
WhatsApp Video 2026-08-11 at 6.55.14 AM (2).mp4,12,Copper,test,1770,29.5,436,177,150,150,286,27,586,327,300,300,82.57,3.14,TRACKED,RETAINED,data/phase2_roi_crops/retained/WhatsApp_Video_2026-08-11_at_6.55.14_AM_(2)/crop_001770.jpg
WhatsApp Video 2026-08-11 at 6.55.14 AM (2).mp4,12,Copper,test,1785,29.75,433,180,150,150,283,30,583,330,300,300,77.86,13.34,TRACKED,RETAINED,data/phase2_roi_crops/retained/WhatsApp_Video_2026-08-11_at_6.55.14_AM_(2)/crop_001785.jpg
WhatsApp Video 2026-08-11 at 6.55.14 AM (2).mp4,12,Copper,test,1800,30.0,433,180,150,150,283,30,583,330,300,300,121.81,3.41,TRACKED,RETAINED,data/phase2_roi_crops/retained/WhatsApp_Video_2026-08-11_at_6.55.14_AM_(2)/crop_001800.jpg
WhatsApp Video 2026-08-11 at 6.55.14 AM (2).mp4,12,Copper,test,1815,30.25,430,180,150,150,280,30,580,330,300,300,95.51,3.1,TRACKED,RETAINED,data/phase2_roi_crops/retained/WhatsApp_Video_2026-08-11_at_6.55.14_AM_(2)/crop_001815.jpg
WhatsApp Video 2026-08-11 at 6.55.14 AM (2).mp4,12,Copper,test,1830,30.5,429,181,150,150,279,31,579,331,300,300,97.5,3.69,TRACKED,RETAINED,data/phase2_roi_crops/retained/WhatsApp_Video_2026-08-11_at_6.55.14_AM_(2)/crop_001830.jpg
WhatsApp Video 2026-08-11 at 6.55.14 AM (2).mp4,12,Copper,test,1845,30.75,431,179,150,150,281,29,581,329,300,300,94.53,4.41,TRACKED,RETAINED,data/phase2_roi_crops/retained/WhatsApp_Video_2026-08-11_at_6.55.14_AM_(2)/crop_001845.jpg
WhatsApp Video 2026-08-11 at 6.55.14 AM (2).mp4,12,Copper,test,1860,31.0,429,184,150,150,279,34,579,334,300,300,85.58,24.53,TRACKED,RETAINED,data/phase2_roi_crops/retained/WhatsApp_Video_2026-08-11_at_6.55.14_AM_(2)/crop_001860.jpg
WhatsApp Video 2026-08-11 at 6.55.14 AM (2).mp4,12,Copper,test,1875,31.25,432,181,150,150,282,31,582,331,300,300,101.25,11.55,TRACKED,RETAINED,data/phase2_roi_crops/retained/WhatsApp_Video_2026-08-11_at_6.55.14_AM_(2)/crop_001875.jpg
WhatsApp Video 2026-08-11 at 6.55.14 AM (2).mp4,12,Copper,test,1890,31.5,431,185,150,150,281,35,581,335,300,300,114.42,15.3,TRACKED,RETAINED,data/phase2_roi_crops/retained/WhatsApp_Video_2026-08-11_at_6.55.14_AM_(2)/crop_001890.jpg
WhatsApp Video 2026-08-11 at 6.55.14 AM (2).mp4,12,Copper,test,1905,31.75,429,187,150,150,279,37,579,337,300,300,108.41,4.27,TRACKED,RETAINED,data/phase2_roi_crops/retained/WhatsApp_Video_2026-08-11_at_6.55.14_AM_(2)/crop_001905.jpg
WhatsApp Video 2026-08-11 at 6.55.15 AM (1).mp4,14,Mild Steel,val,0,0.0,505,201,150,150,355,51,655,351,300,300,179.88,0.0,TRACKED,RETAINED,data/phase2_roi_crops/retained/WhatsApp_Video_2026-08-11_at_6.55.15_AM_(1)/crop_000000.jpg
WhatsApp Video 2026-08-11 at 6.55.15 AM (1).mp4,14,Mild Steel,val,15,0.25,507,197,150,150,357,47,657,347,300,300,130.0,11.92,TRACKED,RETAINED,data/phase2_roi_crops/retained/WhatsApp_Video_2026-08-11_at_6.55.15_AM_(1)/crop_000015.jpg
WhatsApp Video 2026-08-11 at 6.55.15 AM (1).mp4,14,Mild Steel,val,30,0.5,505,197,150,150,355,47,655,347,300,300,101.8,17.21,TRACKED,RETAINED,data/phase2_roi_crops/retained/WhatsApp_Video_2026-08-11_at_6.55.15_AM_(1)/crop_000030.jpg
WhatsApp Video 2026-08-11 at 6.55.15 AM (1).mp4,14,Mild Steel,val,45,0.75,504,201,150,150,354,51,654,351,300,300,88.95,14.6,TRACKED,RETAINED,data/phase2_roi_crops/retained/WhatsApp_Video_2026-08-11_at_6.55.15_AM_(1)/crop_000045.jpg
WhatsApp Video 2026-08-11 at 6.55.15 AM (1).mp4,14,Mild Steel,val,60,1.0,504,202,150,150,354,52,654,352,300,300,104.12,4.18,TRACKED,RETAINED,data/phase2_roi_crops/retained/WhatsApp_Video_2026-08-11_at_6.55.15_AM_(1)/crop_000060.jpg
WhatsApp Video 2026-08-11 at 6.55.15 AM (1).mp4,14,Mild Steel,val,75,1.25,503,202,150,150,353,52,653,352,300,300,99.89,5.46,TRACKED,RETAINED,data/phase2_roi_crops/retained/WhatsApp_Video_2026-08-11_at_6.55.15_AM_(1)/crop_000075.jpg
WhatsApp Video 2026-08-11 at 6.55.15 AM (1).mp4,14,Mild Steel,val,90,1.5,502,204,150,150,352,54,652,354,300,300,103.89,2.93,TRACKED,RETAINED,data/phase2_roi_crops/retained/WhatsApp_Video_2026-08-11_at_6.55.15_AM_(1)/crop_000090.jpg
WhatsApp Video 2026-08-11 at 6.55.15 AM (1).mp4,14,Mild Steel,val,105,1.75,500,199,150,150,350,49,650,349,300,300,97.86,13.47,TRACKED,RETAINED,data/phase2_roi_crops/retained/WhatsApp_Video_2026-08-11_at_6.55.15_AM_(1)/crop_000105.jpg
WhatsApp Video 2026-08-11 at 6.55.15 AM (1).mp4,14,Mild Steel,val,120,2.0,501,199,150,150,351,49,651,349,300,300,89.72,8.27,TRACKED,RETAINED,data/phase2_roi_crops/retained/WhatsApp_Video_2026-08-11_at_6.55.15_AM_(1)/crop_000120.jpg
WhatsApp Video 2026-08-11 at 6.55.15 AM (1).mp4,14,Mild Steel,val,135,2.25,500,202,150,150,350,52,650,352,300,300,99.65,9.16,TRACKED,RETAINED,data/phase2_roi_crops/retained/WhatsApp_Video_2026-08-11_at_6.55.15_AM_(1)/crop_000135.jpg
WhatsApp Video 2026-08-11 at 6.55.15 AM (1).mp4,14,Mild Steel,val,150,2.5,497,201,150,150,347,51,647,351,300,300,89.42,9.03,TRACKED,RETAINED,data/phase2_roi_crops/retained/WhatsApp_Video_2026-08-11_at_6.55.15_AM_(1)/crop_000150.jpg
WhatsApp Video 2026-08-11 at 6.55.15 AM (1).mp4,14,Mild Steel,val,165,2.75,498,202,150,150,348,52,648,352,300,300,95.27,3.57,TRACKED,RETAINED,data/phase2_roi_crops/retained/WhatsApp_Video_2026-08-11_at_6.55.15_AM_(1)/crop_000165.jpg
WhatsApp Video 2026-08-11 at 6.55.15 AM (1).mp4,14,Mild Steel,val,180,3.0,500,202,150,150,350,52,650,352,300,300,101.05,4.42,TRACKED,RETAINED,data/phase2_roi_crops/retained/WhatsApp_Video_2026-08-11_at_6.55.15_AM_(1)/crop_000180.jpg
WhatsApp Video 2026-08-11 at 6.55.15 AM (1).mp4,14,Mild Steel,val,195,3.25,497,204,150,150,347,54,647,354,300,300,86.93,2.44,TRACKED,RETAINED,data/phase2_roi_crops/retained/WhatsApp_Video_2026-08-11_at_6.55.15_AM_(1)/crop_000195.jpg
WhatsApp Video 2026-08-11 at 6.55.15 AM (1).mp4,14,Mild Steel,val,210,3.5,495,204,150,150,345,54,645,354,300,300,94.69,5.67,TRACKED,RETAINED,data/phase2_roi_crops/retained/WhatsApp_Video_2026-08-11_at_6.55.15_AM_(1)/crop_000210.jpg
WhatsApp Video 2026-08-11 at 6.55.15 AM (1).mp4,14,Mild Steel,val,225,3.75,496,197,150,150,346,47,646,347,300,300,90.03,13.49,TRACKED,RETAINED,data/phase2_roi_crops/retained/WhatsApp_Video_2026-08-11_at_6.55.15_AM_(1)/crop_000225.jpg
WhatsApp Video 2026-08-11 at 6.55.15 AM (1).mp4,14,Mild Steel,val,240,4.0,496,199,150,150,346,49,646,349,300,300,87.71,12.43,TRACKED,RETAINED,data/phase2_roi_crops/retained/WhatsApp_Video_2026-08-11_at_6.55.15_AM_(1)/crop_000240.jpg
WhatsApp Video 2026-08-11 at 6.55.15 AM (1).mp4,14,Mild Steel,val,255,4.25,493,197,150,150,343,47,643,347,300,300,84.52,3.03,TRACKED,RETAINED,data/phase2_roi_crops/retained/WhatsApp_Video_2026-08-11_at_6.55.15_AM_(1)/crop_000255.jpg
WhatsApp Video 2026-08-11 at 6.55.15 AM (1).mp4,14,Mild Steel,val,270,4.5,494,197,150,150,344,47,644,347,300,300,101.68,8.21,TRACKED,RETAINED,data/phase2_roi_crops/retained/WhatsApp_Video_2026-08-11_at_6.55.15_AM_(1)/crop_000270.jpg
WhatsApp Video 2026-08-11 at 6.55.15 AM (1).mp4,14,Mild Steel,val,285,4.75,494,203,150,150,344,53,644,353,300,300,100.54,6.1,TRACKED,RETAINED,data/phase2_roi_crops/retained/WhatsApp_Video_2026-08-11_at_6.55.15_AM_(1)/crop_000285.jpg
WhatsApp Video 2026-08-11 at 6.55.15 AM (1).mp4,14,Mild Steel,val,300,5.0,496,203,150,150,346,53,646,353,300,300,194.07,5.97,TRACKED,RETAINED,data/phase2_roi_crops/retained/WhatsApp_Video_2026-08-11_at_6.55.15_AM_(1)/crop_000300.jpg
WhatsApp Video 2026-08-11 at 6.55.15 AM (1).mp4,14,Mild Steel,val,315,5.25,494,197,150,150,344,47,644,347,300,300,115.85,13.86,TRACKED,RETAINED,data/phase2_roi_crops/retained/WhatsApp_Video_2026-08-11_at_6.55.15_AM_(1)/crop_000315.jpg
WhatsApp Video 2026-08-11 at 6.55.15 AM (1).mp4,14,Mild Steel,val,330,5.5,499,199,150,150,349,49,649,349,300,300,116.06,6.13,TRACKED,RETAINED,data/phase2_roi_crops/retained/WhatsApp_Video_2026-08-11_at_6.55.15_AM_(1)/crop_000330.jpg
WhatsApp Video 2026-08-11 at 6.55.15 AM (1).mp4,14,Mild Steel,val,345,5.75,493,197,150,150,343,47,643,347,300,300,99.99,12.73,TRACKED,RETAINED,data/phase2_roi_crops/retained/WhatsApp_Video_2026-08-11_at_6.55.15_AM_(1)/crop_000345.jpg
WhatsApp Video 2026-08-11 at 6.55.15 AM (1).mp4,14,Mild Steel,val,360,6.0,492,199,150,150,342,49,642,349,300,300,102.59,4.16,TRACKED,RETAINED,data/phase2_roi_crops/retained/WhatsApp_Video_2026-08-11_at_6.55.15_AM_(1)/crop_000360.jpg
WhatsApp Video 2026-08-11 at 6.55.15 AM (1).mp4,14,Mild Steel,val,375,6.25,487,199,150,150,337,49,637,349,300,300,118.87,5.99,TRACKED,RETAINED,data/phase2_roi_crops/retained/WhatsApp_Video_2026-08-11_at_6.55.15_AM_(1)/crop_000375.jpg
WhatsApp Video 2026-08-11 at 6.55.15 AM (1).mp4,14,Mild Steel,val,390,6.5,491,196,150,150,341,46,641,346,300,300,113.39,15.4,TRACKED,RETAINED,data/phase2_roi_crops/retained/WhatsApp_Video_2026-08-11_at_6.55.15_AM_(1)/crop_000390.jpg
WhatsApp Video 2026-08-11 at 6.55.15 AM (1).mp4,14,Mild Steel,val,405,6.75,494,197,150,150,344,47,644,347,300,300,109.46,4.87,TRACKED,RETAINED,data/phase2_roi_crops/retained/WhatsApp_Video_2026-08-11_at_6.55.15_AM_(1)/crop_000405.jpg
WhatsApp Video 2026-08-11 at 6.55.15 AM (1).mp4,14,Mild Steel,val,420,7.0,492,197,150,150,342,47,642,347,300,300,122.06,20.94,TRACKED,RETAINED,data/phase2_roi_crops/retained/WhatsApp_Video_2026-08-11_at_6.55.15_AM_(1)/crop_000420.jpg
WhatsApp Video 2026-08-11 at 6.55.15 AM (1).mp4,14,Mild Steel,val,435,7.25,491,197,150,150,341,47,641,347,300,300,91.57,16.39,TRACKED,RETAINED,data/phase2_roi_crops/retained/WhatsApp_Video_2026-08-11_at_6.55.15_AM_(1)/crop_000435.jpg
WhatsApp Video 2026-08-11 at 6.55.15 AM (1).mp4,14,Mild Steel,val,450,7.5,492,199,150,150,342,49,642,349,300,300,95.29,5.1,TRACKED,RETAINED,data/phase2_roi_crops/retained/WhatsApp_Video_2026-08-11_at_6.55.15_AM_(1)/crop_000450.jpg
WhatsApp Video 2026-08-11 at 6.55.15 AM (1).mp4,14,Mild Steel,val,465,7.75,489,198,150,150,339,48,639,348,300,300,106.27,3.68,TRACKED,RETAINED,data/phase2_roi_crops/retained/WhatsApp_Video_2026-08-11_at_6.55.15_AM_(1)/crop_000465.jpg
WhatsApp Video 2026-08-11 at 6.55.15 AM (1).mp4,14,Mild Steel,val,480,8.0,490,198,150,150,340,48,640,348,300,300,121.94,8.44,TRACKED,RETAINED,data/phase2_roi_crops/retained/WhatsApp_Video_2026-08-11_at_6.55.15_AM_(1)/crop_000480.jpg
WhatsApp Video 2026-08-11 at 6.55.15 AM (1).mp4,14,Mild Steel,val,495,8.25,489,199,150,150,339,49,639,349,300,300,116.48,14.45,TRACKED,RETAINED,data/phase2_roi_crops/retained/WhatsApp_Video_2026-08-11_at_6.55.15_AM_(1)/crop_000495.jpg
WhatsApp Video 2026-08-11 at 6.55.15 AM (1).mp4,14,Mild Steel,val,510,8.5,487,195,150,150,337,45,637,345,300,300,123.69,10.1,TRACKED,RETAINED,data/phase2_roi_crops/retained/WhatsApp_Video_2026-08-11_at_6.55.15_AM_(1)/crop_000510.jpg
WhatsApp Video 2026-08-11 at 6.55.15 AM (1).mp4,14,Mild Steel,val,525,8.75,487,194,150,150,337,44,637,344,300,300,115.94,12.85,TRACKED,RETAINED,data/phase2_roi_crops/retained/WhatsApp_Video_2026-08-11_at_6.55.15_AM_(1)/crop_000525.jpg
WhatsApp Video 2026-08-11 at 6.55.15 AM (1).mp4,14,Mild Steel,val,540,9.0,486,195,150,150,336,45,636,345,300,300,107.48,11.62,TRACKED,RETAINED,data/phase2_roi_crops/retained/WhatsApp_Video_2026-08-11_at_6.55.15_AM_(1)/crop_000540.jpg
WhatsApp Video 2026-08-11 at 6.55.15 AM (1).mp4,14,Mild Steel,val,555,9.25,486,198,150,150,336,48,636,348,300,300,112.78,4.31,TRACKED,RETAINED,data/phase2_roi_crops/retained/WhatsApp_Video_2026-08-11_at_6.55.15_AM_(1)/crop_000555.jpg
WhatsApp Video 2026-08-11 at 6.55.15 AM (1).mp4,14,Mild Steel,val,570,9.5,484,200,150,150,334,50,634,350,300,300,111.95,7.52,TRACKED,RETAINED,data/phase2_roi_crops/retained/WhatsApp_Video_2026-08-11_at_6.55.15_AM_(1)/crop_000570.jpg
WhatsApp Video 2026-08-11 at 6.55.15 AM (1).mp4,14,Mild Steel,val,585,9.75,485,203,150,150,335,53,635,353,300,300,99.39,6.69,TRACKED,RETAINED,data/phase2_roi_crops/retained/WhatsApp_Video_2026-08-11_at_6.55.15_AM_(1)/crop_000585.jpg
WhatsApp Video 2026-08-11 at 6.55.15 AM (1).mp4,14,Mild Steel,val,600,10.0,484,203,150,150,334,53,634,353,300,300,198.18,6.0,TRACKED,RETAINED,data/phase2_roi_crops/retained/WhatsApp_Video_2026-08-11_at_6.55.15_AM_(1)/crop_000600.jpg
WhatsApp Video 2026-08-11 at 6.55.15 AM (1).mp4,14,Mild Steel,val,615,10.25,485,203,150,150,335,53,635,353,300,300,126.43,4.73,TRACKED,RETAINED,data/phase2_roi_crops/retained/WhatsApp_Video_2026-08-11_at_6.55.15_AM_(1)/crop_000615.jpg
WhatsApp Video 2026-08-11 at 6.55.15 AM (1).mp4,14,Mild Steel,val,630,10.5,484,196,150,150,334,46,634,346,300,300,103.43,20.35,TRACKED,RETAINED,data/phase2_roi_crops/retained/WhatsApp_Video_2026-08-11_at_6.55.15_AM_(1)/crop_000630.jpg
WhatsApp Video 2026-08-11 at 6.55.15 AM (1).mp4,14,Mild Steel,val,645,10.75,485,200,150,150,335,50,635,350,300,300,100.6,11.11,TRACKED,RETAINED,data/phase2_roi_crops/retained/WhatsApp_Video_2026-08-11_at_6.55.15_AM_(1)/crop_000645.jpg
WhatsApp Video 2026-08-11 at 6.55.15 AM (1).mp4,14,Mild Steel,val,660,11.0,485,198,150,150,335,48,635,348,300,300,89.99,6.14,TRACKED,RETAINED,data/phase2_roi_crops/retained/WhatsApp_Video_2026-08-11_at_6.55.15_AM_(1)/crop_000660.jpg
WhatsApp Video 2026-08-11 at 6.55.15 AM (1).mp4,14,Mild Steel,val,675,11.25,485,198,150,150,335,48,635,348,300,300,90.09,2.85,TRACKED,RETAINED,data/phase2_roi_crops/retained/WhatsApp_Video_2026-08-11_at_6.55.15_AM_(1)/crop_000675.jpg
WhatsApp Video 2026-08-11 at 6.55.15 AM (1).mp4,14,Mild Steel,val,690,11.5,486,198,150,150,336,48,636,348,300,300,88.72,2.41,TRACKED,RETAINED,data/phase2_roi_crops/retained/WhatsApp_Video_2026-08-11_at_6.55.15_AM_(1)/crop_000690.jpg
WhatsApp Video 2026-08-11 at 6.55.15 AM (1).mp4,14,Mild Steel,val,705,11.75,484,204,150,150,334,54,634,354,300,300,84.85,13.46,TRACKED,RETAINED,data/phase2_roi_crops/retained/WhatsApp_Video_2026-08-11_at_6.55.15_AM_(1)/crop_000705.jpg
WhatsApp Video 2026-08-11 at 6.55.15 AM (1).mp4,14,Mild Steel,val,720,12.0,486,203,150,150,336,53,636,353,300,300,79.79,4.93,TRACKED,RETAINED,data/phase2_roi_crops/retained/WhatsApp_Video_2026-08-11_at_6.55.15_AM_(1)/crop_000720.jpg
WhatsApp Video 2026-08-11 at 6.55.15 AM (1).mp4,14,Mild Steel,val,735,12.25,480,205,150,150,330,55,630,355,300,300,86.12,13.21,TRACKED,RETAINED,data/phase2_roi_crops/retained/WhatsApp_Video_2026-08-11_at_6.55.15_AM_(1)/crop_000735.jpg
WhatsApp Video 2026-08-11 at 6.55.15 AM (1).mp4,14,Mild Steel,val,750,12.5,480,206,150,150,330,56,630,356,300,300,93.53,6.3,TRACKED,RETAINED,data/phase2_roi_crops/retained/WhatsApp_Video_2026-08-11_at_6.55.15_AM_(1)/crop_000750.jpg
WhatsApp Video 2026-08-11 at 6.55.15 AM (1).mp4,14,Mild Steel,val,765,12.75,478,207,150,150,328,57,628,357,300,300,89.38,9.77,TRACKED,RETAINED,data/phase2_roi_crops/retained/WhatsApp_Video_2026-08-11_at_6.55.15_AM_(1)/crop_000765.jpg
WhatsApp Video 2026-08-11 at 6.55.15 AM (1).mp4,14,Mild Steel,val,780,13.0,475,206,150,150,325,56,625,356,300,300,97.31,3.14,TRACKED,RETAINED,data/phase2_roi_crops/retained/WhatsApp_Video_2026-08-11_at_6.55.15_AM_(1)/crop_000780.jpg
WhatsApp Video 2026-08-11 at 6.55.15 AM (1).mp4,14,Mild Steel,val,795,13.25,476,205,150,150,326,55,626,355,300,300,102.52,3.12,TRACKED,RETAINED,data/phase2_roi_crops/retained/WhatsApp_Video_2026-08-11_at_6.55.15_AM_(1)/crop_000795.jpg
WhatsApp Video 2026-08-11 at 6.55.15 AM (1).mp4,14,Mild Steel,val,810,13.5,476,204,150,150,326,54,626,354,300,300,86.04,4.86,TRACKED,RETAINED,data/phase2_roi_crops/retained/WhatsApp_Video_2026-08-11_at_6.55.15_AM_(1)/crop_000810.jpg
WhatsApp Video 2026-08-11 at 6.55.15 AM (1).mp4,14,Mild Steel,val,825,13.75,477,210,150,150,327,60,627,360,300,300,92.09,15.69,TRACKED,RETAINED,data/phase2_roi_crops/retained/WhatsApp_Video_2026-08-11_at_6.55.15_AM_(1)/crop_000825.jpg
WhatsApp Video 2026-08-11 at 6.55.15 AM (1).mp4,14,Mild Steel,val,840,14.0,475,210,150,150,325,60,625,360,300,300,108.14,6.73,TRACKED,RETAINED,data/phase2_roi_crops/retained/WhatsApp_Video_2026-08-11_at_6.55.15_AM_(1)/crop_000840.jpg
WhatsApp Video 2026-08-11 at 6.55.15 AM (1).mp4,14,Mild Steel,val,855,14.25,476,213,150,150,326,63,626,363,300,300,92.7,11.13,TRACKED,RETAINED,data/phase2_roi_crops/retained/WhatsApp_Video_2026-08-11_at_6.55.15_AM_(1)/crop_000855.jpg
WhatsApp Video 2026-08-11 at 6.55.15 AM (1).mp4,14,Mild Steel,val,870,14.5,474,213,150,150,324,63,624,363,300,300,102.7,4.98,TRACKED,RETAINED,data/phase2_roi_crops/retained/WhatsApp_Video_2026-08-11_at_6.55.15_AM_(1)/crop_000870.jpg
WhatsApp Video 2026-08-11 at 6.55.15 AM (1).mp4,14,Mild Steel,val,885,14.75,476,215,150,150,326,65,626,365,300,300,99.58,8.28,TRACKED,RETAINED,data/phase2_roi_crops/retained/WhatsApp_Video_2026-08-11_at_6.55.15_AM_(1)/crop_000885.jpg
WhatsApp Video 2026-08-11 at 6.55.15 AM (1).mp4,14,Mild Steel,val,900,15.0,475,216,150,150,325,66,625,366,300,300,209.14,5.03,TRACKED,RETAINED,data/phase2_roi_crops/retained/WhatsApp_Video_2026-08-11_at_6.55.15_AM_(1)/crop_000900.jpg
WhatsApp Video 2026-08-11 at 6.55.15 AM (1).mp4,14,Mild Steel,val,915,15.25,475,218,150,150,325,68,625,368,300,300,101.77,7.77,TRACKED,RETAINED,data/phase2_roi_crops/retained/WhatsApp_Video_2026-08-11_at_6.55.15_AM_(1)/crop_000915.jpg
WhatsApp Video 2026-08-11 at 6.55.15 AM (1).mp4,14,Mild Steel,val,930,15.5,473,217,150,150,323,67,623,367,300,300,98.89,7.09,TRACKED,RETAINED,data/phase2_roi_crops/retained/WhatsApp_Video_2026-08-11_at_6.55.15_AM_(1)/crop_000930.jpg
WhatsApp Video 2026-08-11 at 6.55.15 AM (1).mp4,14,Mild Steel,val,945,15.75,470,217,150,150,320,67,620,367,300,300,104.31,12.26,TRACKED,RETAINED,data/phase2_roi_crops/retained/WhatsApp_Video_2026-08-11_at_6.55.15_AM_(1)/crop_000945.jpg
WhatsApp Video 2026-08-11 at 6.55.15 AM (1).mp4,14,Mild Steel,val,960,16.0,472,215,150,150,322,65,622,365,300,300,99.65,3.98,TRACKED,RETAINED,data/phase2_roi_crops/retained/WhatsApp_Video_2026-08-11_at_6.55.15_AM_(1)/crop_000960.jpg
WhatsApp Video 2026-08-11 at 6.55.15 AM (1).mp4,14,Mild Steel,val,975,16.25,471,220,150,150,321,70,621,370,300,300,83.8,15.96,TRACKED,RETAINED,data/phase2_roi_crops/retained/WhatsApp_Video_2026-08-11_at_6.55.15_AM_(1)/crop_000975.jpg
WhatsApp Video 2026-08-11 at 6.55.15 AM (1).mp4,14,Mild Steel,val,990,16.5,472,223,150,150,322,73,622,373,300,300,91.28,6.79,TRACKED,RETAINED,data/phase2_roi_crops/retained/WhatsApp_Video_2026-08-11_at_6.55.15_AM_(1)/crop_000990.jpg
WhatsApp Video 2026-08-11 at 6.55.15 AM (1).mp4,14,Mild Steel,val,1005,16.75,471,223,150,150,321,73,621,373,300,300,105.35,12.16,TRACKED,RETAINED,data/phase2_roi_crops/retained/WhatsApp_Video_2026-08-11_at_6.55.15_AM_(1)/crop_001005.jpg
WhatsApp Video 2026-08-11 at 6.55.15 AM (1).mp4,14,Mild Steel,val,1020,17.0,469,223,150,150,319,73,619,373,300,300,108.61,14.09,TRACKED,RETAINED,data/phase2_roi_crops/retained/WhatsApp_Video_2026-08-11_at_6.55.15_AM_(1)/crop_001020.jpg
WhatsApp Video 2026-08-11 at 6.55.15 AM (1).mp4,14,Mild Steel,val,1035,17.25,470,224,150,150,320,74,620,374,300,300,114.96,4.89,TRACKED,RETAINED,data/phase2_roi_crops/retained/WhatsApp_Video_2026-08-11_at_6.55.15_AM_(1)/crop_001035.jpg
WhatsApp Video 2026-08-11 at 6.55.15 AM (1).mp4,14,Mild Steel,val,1050,17.5,467,225,150,150,317,75,617,375,300,300,116.24,5.19,TRACKED,RETAINED,data/phase2_roi_crops/retained/WhatsApp_Video_2026-08-11_at_6.55.15_AM_(1)/crop_001050.jpg
WhatsApp Video 2026-08-11 at 6.55.15 AM (1).mp4,14,Mild Steel,val,1065,17.75,467,226,150,150,317,76,617,376,300,300,116.76,15.17,TRACKED,RETAINED,data/phase2_roi_crops/retained/WhatsApp_Video_2026-08-11_at_6.55.15_AM_(1)/crop_001065.jpg
WhatsApp Video 2026-08-11 at 6.55.15 AM (1).mp4,14,Mild Steel,val,1080,18.0,462,227,150,150,312,77,612,377,300,300,112.74,3.1,TRACKED,RETAINED,data/phase2_roi_crops/retained/WhatsApp_Video_2026-08-11_at_6.55.15_AM_(1)/crop_001080.jpg
WhatsApp Video 2026-08-11 at 6.55.15 AM (1).mp4,14,Mild Steel,val,1095,18.25,463,227,150,150,313,77,613,377,300,300,118.6,14.05,TRACKED,RETAINED,data/phase2_roi_crops/retained/WhatsApp_Video_2026-08-11_at_6.55.15_AM_(1)/crop_001095.jpg
WhatsApp Video 2026-08-11 at 6.55.15 AM (1).mp4,14,Mild Steel,val,1110,18.5,465,229,150,150,315,79,615,379,300,300,114.37,13.65,TRACKED,RETAINED,data/phase2_roi_crops/retained/WhatsApp_Video_2026-08-11_at_6.55.15_AM_(1)/crop_001110.jpg
WhatsApp Video 2026-08-11 at 6.55.15 AM (1).mp4,14,Mild Steel,val,1125,18.75,465,229,150,150,315,79,615,379,300,300,116.76,4.11,TRACKED,RETAINED,data/phase2_roi_crops/retained/WhatsApp_Video_2026-08-11_at_6.55.15_AM_(1)/crop_001125.jpg
WhatsApp Video 2026-08-11 at 6.55.15 AM (1).mp4,14,Mild Steel,val,1140,19.0,464,229,150,150,314,79,614,379,300,300,119.34,4.1,TRACKED,RETAINED,data/phase2_roi_crops/retained/WhatsApp_Video_2026-08-11_at_6.55.15_AM_(1)/crop_001140.jpg
WhatsApp Video 2026-08-11 at 6.55.15 AM (1).mp4,14,Mild Steel,val,1155,19.25,463,230,150,150,313,80,613,380,300,300,113.86,5.85,TRACKED,RETAINED,data/phase2_roi_crops/retained/WhatsApp_Video_2026-08-11_at_6.55.15_AM_(1)/crop_001155.jpg
WhatsApp Video 2026-08-11 at 6.55.15 AM (1).mp4,14,Mild Steel,val,1170,19.5,462,230,150,150,312,80,612,380,300,300,107.88,3.47,TRACKED,RETAINED,data/phase2_roi_crops/retained/WhatsApp_Video_2026-08-11_at_6.55.15_AM_(1)/crop_001170.jpg
WhatsApp Video 2026-08-11 at 6.55.15 AM (1).mp4,14,Mild Steel,val,1185,19.75,465,232,150,150,315,82,615,382,300,300,123.26,5.28,TRACKED,RETAINED,data/phase2_roi_crops/retained/WhatsApp_Video_2026-08-11_at_6.55.15_AM_(1)/crop_001185.jpg
WhatsApp Video 2026-08-11 at 6.55.15 AM (1).mp4,14,Mild Steel,val,1200,20.0,463,235,150,150,313,85,613,385,300,300,198.9,22.96,TRACKED,RETAINED,data/phase2_roi_crops/retained/WhatsApp_Video_2026-08-11_at_6.55.15_AM_(1)/crop_001200.jpg
WhatsApp Video 2026-08-11 at 6.55.15 AM (1).mp4,14,Mild Steel,val,1215,20.25,463,238,150,150,313,88,613,388,300,300,95.24,17.1,TRACKED,RETAINED,data/phase2_roi_crops/retained/WhatsApp_Video_2026-08-11_at_6.55.15_AM_(1)/crop_001215.jpg
WhatsApp Video 2026-08-11 at 6.55.15 AM (1).mp4,14,Mild Steel,val,1230,20.5,462,240,150,150,312,90,612,390,300,300,95.95,23.71,TRACKED,RETAINED,data/phase2_roi_crops/retained/WhatsApp_Video_2026-08-11_at_6.55.15_AM_(1)/crop_001230.jpg
WhatsApp Video 2026-08-11 at 6.55.15 AM (1).mp4,14,Mild Steel,val,1245,20.75,459,238,150,150,309,88,609,388,300,300,90.18,18.62,TRACKED,RETAINED,data/phase2_roi_crops/retained/WhatsApp_Video_2026-08-11_at_6.55.15_AM_(1)/crop_001245.jpg
WhatsApp Video 2026-08-11 at 6.55.15 AM (1).mp4,14,Mild Steel,val,1260,21.0,459,238,150,150,309,88,609,388,300,300,94.17,12.66,TRACKED,RETAINED,data/phase2_roi_crops/retained/WhatsApp_Video_2026-08-11_at_6.55.15_AM_(1)/crop_001260.jpg
WhatsApp Video 2026-08-11 at 6.55.15 AM (1).mp4,14,Mild Steel,val,1275,21.25,459,239,150,150,309,89,609,389,300,300,92.64,13.37,TRACKED,RETAINED,data/phase2_roi_crops/retained/WhatsApp_Video_2026-08-11_at_6.55.15_AM_(1)/crop_001275.jpg
WhatsApp Video 2026-08-11 at 6.55.15 AM (1).mp4,14,Mild Steel,val,1290,21.5,459,238,150,150,309,88,609,388,300,300,86.96,11.27,TRACKED,RETAINED,data/phase2_roi_crops/retained/WhatsApp_Video_2026-08-11_at_6.55.15_AM_(1)/crop_001290.jpg
WhatsApp Video 2026-08-11 at 6.55.15 AM (1).mp4,14,Mild Steel,val,1305,21.75,458,235,150,150,308,85,608,385,300,300,113.03,12.09,TRACKED,RETAINED,data/phase2_roi_crops/retained/WhatsApp_Video_2026-08-11_at_6.55.15_AM_(1)/crop_001305.jpg
WhatsApp Video 2026-08-11 at 6.55.15 AM (1).mp4,14,Mild Steel,val,1320,22.0,461,237,150,150,311,87,611,387,300,300,98.41,18.82,TRACKED,RETAINED,data/phase2_roi_crops/retained/WhatsApp_Video_2026-08-11_at_6.55.15_AM_(1)/crop_001320.jpg
WhatsApp Video 2026-08-11 at 6.55.15 AM (1).mp4,14,Mild Steel,val,1335,22.25,461,235,150,150,311,85,611,385,300,300,87.97,8.15,TRACKED,RETAINED,data/phase2_roi_crops/retained/WhatsApp_Video_2026-08-11_at_6.55.15_AM_(1)/crop_001335.jpg
WhatsApp Video 2026-08-11 at 6.55.15 AM (1).mp4,14,Mild Steel,val,1350,22.5,461,236,150,150,311,86,611,386,300,300,86.49,8.67,TRACKED,RETAINED,data/phase2_roi_crops/retained/WhatsApp_Video_2026-08-11_at_6.55.15_AM_(1)/crop_001350.jpg
WhatsApp Video 2026-08-11 at 6.55.15 AM (1).mp4,14,Mild Steel,val,1365,22.75,454,238,150,150,304,88,604,388,300,300,98.79,7.43,TRACKED,RETAINED,data/phase2_roi_crops/retained/WhatsApp_Video_2026-08-11_at_6.55.15_AM_(1)/crop_001365.jpg
WhatsApp Video 2026-08-11 at 6.55.15 AM (1).mp4,14,Mild Steel,val,1380,23.0,458,237,150,150,308,87,608,387,300,300,101.0,18.38,TRACKED,RETAINED,data/phase2_roi_crops/retained/WhatsApp_Video_2026-08-11_at_6.55.15_AM_(1)/crop_001380.jpg
WhatsApp Video 2026-08-11 at 6.55.15 AM (1).mp4,14,Mild Steel,val,1395,23.25,457,236,150,150,307,86,607,386,300,300,108.22,11.13,TRACKED,RETAINED,data/phase2_roi_crops/retained/WhatsApp_Video_2026-08-11_at_6.55.15_AM_(1)/crop_001395.jpg
WhatsApp Video 2026-08-11 at 6.55.15 AM (1).mp4,14,Mild Steel,val,1410,23.5,457,236,150,150,307,86,607,386,300,300,114.38,6.4,TRACKED,RETAINED,data/phase2_roi_crops/retained/WhatsApp_Video_2026-08-11_at_6.55.15_AM_(1)/crop_001410.jpg
WhatsApp Video 2026-08-11 at 6.55.15 AM (1).mp4,14,Mild Steel,val,1425,23.75,455,235,150,150,305,85,605,385,300,300,106.85,5.45,TRACKED,RETAINED,data/phase2_roi_crops/retained/WhatsApp_Video_2026-08-11_at_6.55.15_AM_(1)/crop_001425.jpg
WhatsApp Video 2026-08-11 at 6.55.15 AM (1).mp4,14,Mild Steel,val,1440,24.0,455,235,150,150,305,85,605,385,300,300,98.23,3.96,TRACKED,RETAINED,data/phase2_roi_crops/retained/WhatsApp_Video_2026-08-11_at_6.55.15_AM_(1)/crop_001440.jpg
WhatsApp Video 2026-08-11 at 6.55.15 AM (1).mp4,14,Mild Steel,val,1455,24.25,456,236,150,150,306,86,606,386,300,300,99.28,6.47,TRACKED,RETAINED,data/phase2_roi_crops/retained/WhatsApp_Video_2026-08-11_at_6.55.15_AM_(1)/crop_001455.jpg
WhatsApp Video 2026-08-11 at 6.55.15 AM (1).mp4,14,Mild Steel,val,1470,24.5,453,236,150,150,303,86,603,386,300,300,91.79,5.57,TRACKED,RETAINED,data/phase2_roi_crops/retained/WhatsApp_Video_2026-08-11_at_6.55.15_AM_(1)/crop_001470.jpg
WhatsApp Video 2026-08-11 at 6.55.15 AM (1).mp4,14,Mild Steel,val,1485,24.75,453,232,150,150,303,82,603,382,300,300,96.26,8.04,TRACKED,RETAINED,data/phase2_roi_crops/retained/WhatsApp_Video_2026-08-11_at_6.55.15_AM_(1)/crop_001485.jpg
WhatsApp Video 2026-08-11 at 6.55.15 AM (1).mp4,14,Mild Steel,val,1500,25.0,452,229,150,150,302,79,602,379,300,300,174.78,20.09,TRACKED,RETAINED,data/phase2_roi_crops/retained/WhatsApp_Video_2026-08-11_at_6.55.15_AM_(1)/crop_001500.jpg
WhatsApp Video 2026-08-11 at 6.55.15 AM (1).mp4,14,Mild Steel,val,1515,25.25,449,229,150,150,299,79,599,379,300,300,102.08,13.95,TRACKED,RETAINED,data/phase2_roi_crops/retained/WhatsApp_Video_2026-08-11_at_6.55.15_AM_(1)/crop_001515.jpg
WhatsApp Video 2026-08-11 at 6.55.15 AM (1).mp4,14,Mild Steel,val,1530,25.5,455,231,150,150,305,81,605,381,300,300,103.78,13.56,TRACKED,RETAINED,data/phase2_roi_crops/retained/WhatsApp_Video_2026-08-11_at_6.55.15_AM_(1)/crop_001530.jpg
WhatsApp Video 2026-08-11 at 6.55.15 AM (1).mp4,14,Mild Steel,val,1545,25.75,457,231,150,150,307,81,607,381,300,300,102.13,4.26,TRACKED,RETAINED,data/phase2_roi_crops/retained/WhatsApp_Video_2026-08-11_at_6.55.15_AM_(1)/crop_001545.jpg
WhatsApp Video 2026-08-11 at 6.55.15 AM (1).mp4,14,Mild Steel,val,1560,26.0,454,229,150,150,304,79,604,379,300,300,88.42,12.55,TRACKED,RETAINED,data/phase2_roi_crops/retained/WhatsApp_Video_2026-08-11_at_6.55.15_AM_(1)/crop_001560.jpg
WhatsApp Video 2026-08-11 at 6.55.15 AM (1).mp4,14,Mild Steel,val,1575,26.25,457,231,150,150,307,81,607,381,300,300,83.98,4.07,TRACKED,RETAINED,data/phase2_roi_crops/retained/WhatsApp_Video_2026-08-11_at_6.55.15_AM_(1)/crop_001575.jpg
WhatsApp Video 2026-08-11 at 6.55.15 AM (1).mp4,14,Mild Steel,val,1590,26.5,453,232,150,150,303,82,603,382,300,300,87.3,15.16,TRACKED,RETAINED,data/phase2_roi_crops/retained/WhatsApp_Video_2026-08-11_at_6.55.15_AM_(1)/crop_001590.jpg
WhatsApp Video 2026-08-11 at 6.55.15 AM (1).mp4,14,Mild Steel,val,1605,26.75,454,229,150,150,304,79,604,379,300,300,89.4,19.59,TRACKED,RETAINED,data/phase2_roi_crops/retained/WhatsApp_Video_2026-08-11_at_6.55.15_AM_(1)/crop_001605.jpg
WhatsApp Video 2026-08-11 at 6.55.15 AM (1).mp4,14,Mild Steel,val,1620,27.0,450,229,150,150,300,79,600,379,300,300,122.15,14.63,TRACKED,RETAINED,data/phase2_roi_crops/retained/WhatsApp_Video_2026-08-11_at_6.55.15_AM_(1)/crop_001620.jpg
WhatsApp Video 2026-08-11 at 6.55.15 AM (1).mp4,14,Mild Steel,val,1635,27.25,451,228,150,150,301,78,601,378,300,300,85.74,11.0,TRACKED,RETAINED,data/phase2_roi_crops/retained/WhatsApp_Video_2026-08-11_at_6.55.15_AM_(1)/crop_001635.jpg
WhatsApp Video 2026-08-11 at 6.55.15 AM (1).mp4,14,Mild Steel,val,1650,27.5,454,230,150,150,304,80,604,380,300,300,83.86,17.79,TRACKED,RETAINED,data/phase2_roi_crops/retained/WhatsApp_Video_2026-08-11_at_6.55.15_AM_(1)/crop_001650.jpg
WhatsApp Video 2026-08-11 at 6.55.15 AM (1).mp4,14,Mild Steel,val,1665,27.75,450,227,150,150,300,77,600,377,300,300,81.6,3.16,TRACKED,RETAINED,data/phase2_roi_crops/retained/WhatsApp_Video_2026-08-11_at_6.55.15_AM_(1)/crop_001665.jpg
WhatsApp Video 2026-08-11 at 6.55.15 AM (1).mp4,14,Mild Steel,val,1680,28.0,454,225,150,150,304,75,604,375,300,300,85.79,11.9,TRACKED,RETAINED,data/phase2_roi_crops/retained/WhatsApp_Video_2026-08-11_at_6.55.15_AM_(1)/crop_001680.jpg
WhatsApp Video 2026-08-11 at 6.55.15 AM (1).mp4,14,Mild Steel,val,1695,28.25,448,226,150,150,298,76,598,376,300,300,79.43,10.72,TRACKED,RETAINED,data/phase2_roi_crops/retained/WhatsApp_Video_2026-08-11_at_6.55.15_AM_(1)/crop_001695.jpg
WhatsApp Video 2026-08-11 at 6.55.15 AM (1).mp4,14,Mild Steel,val,1710,28.5,448,226,150,150,298,76,598,376,300,300,85.5,3.24,TRACKED,RETAINED,data/phase2_roi_crops/retained/WhatsApp_Video_2026-08-11_at_6.55.15_AM_(1)/crop_001710.jpg
WhatsApp Video 2026-08-11 at 6.55.15 AM (1).mp4,14,Mild Steel,val,1725,28.75,448,227,150,150,298,77,598,377,300,300,74.92,8.81,TRACKED,RETAINED,data/phase2_roi_crops/retained/WhatsApp_Video_2026-08-11_at_6.55.15_AM_(1)/crop_001725.jpg
WhatsApp Video 2026-08-11 at 6.55.15 AM (1).mp4,14,Mild Steel,val,1740,29.0,449,225,150,150,299,75,599,375,300,300,72.92,9.41,TRACKED,RETAINED,data/phase2_roi_crops/retained/WhatsApp_Video_2026-08-11_at_6.55.15_AM_(1)/crop_001740.jpg
WhatsApp Video 2026-08-11 at 6.55.15 AM (1).mp4,14,Mild Steel,val,1755,29.25,446,226,150,150,296,76,596,376,300,300,76.5,5.52,TRACKED,RETAINED,data/phase2_roi_crops/retained/WhatsApp_Video_2026-08-11_at_6.55.15_AM_(1)/crop_001755.jpg
WhatsApp Video 2026-08-11 at 6.55.15 AM (1).mp4,14,Mild Steel,val,1770,29.5,447,224,150,150,297,74,597,374,300,300,76.33,15.03,TRACKED,RETAINED,data/phase2_roi_crops/retained/WhatsApp_Video_2026-08-11_at_6.55.15_AM_(1)/crop_001770.jpg
WhatsApp Video 2026-08-11 at 6.55.15 AM (1).mp4,14,Mild Steel,val,1785,29.75,442,225,150,150,292,75,592,375,300,300,83.49,6.92,TRACKED,RETAINED,data/phase2_roi_crops/retained/WhatsApp_Video_2026-08-11_at_6.55.15_AM_(1)/crop_001785.jpg
WhatsApp Video 2026-08-11 at 6.55.15 AM (1).mp4,14,Mild Steel,val,1800,30.0,446,224,150,150,296,74,596,374,300,300,155.52,11.84,TRACKED,RETAINED,data/phase2_roi_crops/retained/WhatsApp_Video_2026-08-11_at_6.55.15_AM_(1)/crop_001800.jpg
WhatsApp Video 2026-08-11 at 6.55.15 AM (1).mp4,14,Mild Steel,val,1815,30.25,445,226,150,150,295,76,595,376,300,300,84.35,2.96,TRACKED,RETAINED,data/phase2_roi_crops/retained/WhatsApp_Video_2026-08-11_at_6.55.15_AM_(1)/crop_001815.jpg
WhatsApp Video 2026-08-11 at 6.55.15 AM (1).mp4,14,Mild Steel,val,1830,30.5,443,224,150,150,293,74,593,374,300,300,92.06,3.0,TRACKED,RETAINED,data/phase2_roi_crops/retained/WhatsApp_Video_2026-08-11_at_6.55.15_AM_(1)/crop_001830.jpg
WhatsApp Video 2026-08-11 at 6.55.15 AM (1).mp4,14,Mild Steel,val,1845,30.75,445,224,150,150,295,74,595,374,300,300,106.2,4.8,TRACKED,RETAINED,data/phase2_roi_crops/retained/WhatsApp_Video_2026-08-11_at_6.55.15_AM_(1)/crop_001845.jpg
WhatsApp Video 2026-08-11 at 6.55.15 AM (1).mp4,14,Mild Steel,val,1860,31.0,447,224,150,150,297,74,597,374,300,300,112.74,5.3,TRACKED,RETAINED,data/phase2_roi_crops/retained/WhatsApp_Video_2026-08-11_at_6.55.15_AM_(1)/crop_001860.jpg
WhatsApp Video 2026-08-11 at 6.55.15 AM (1).mp4,14,Mild Steel,val,1875,31.25,447,221,150,150,297,71,597,371,300,300,108.56,3.08,TRACKED,RETAINED,data/phase2_roi_crops/retained/WhatsApp_Video_2026-08-11_at_6.55.15_AM_(1)/crop_001875.jpg
WhatsApp Video 2026-08-11 at 6.55.15 AM (1).mp4,14,Mild Steel,val,1890,31.5,444,219,150,150,294,69,594,369,300,300,104.29,10.05,TRACKED,RETAINED,data/phase2_roi_crops/retained/WhatsApp_Video_2026-08-11_at_6.55.15_AM_(1)/crop_001890.jpg
WhatsApp Video 2026-08-11 at 6.55.15 AM (1).mp4,14,Mild Steel,val,1905,31.75,445,217,150,150,295,67,595,367,300,300,108.85,4.87,TRACKED,RETAINED,data/phase2_roi_crops/retained/WhatsApp_Video_2026-08-11_at_6.55.15_AM_(1)/crop_001905.jpg
WhatsApp Video 2026-08-11 at 6.55.15 AM (1).mp4,14,Mild Steel,val,1920,32.0,442,217,150,150,292,67,592,367,300,300,101.42,8.45,TRACKED,RETAINED,data/phase2_roi_crops/retained/WhatsApp_Video_2026-08-11_at_6.55.15_AM_(1)/crop_001920.jpg
WhatsApp Video 2026-08-11 at 6.55.15 AM (1).mp4,14,Mild Steel,val,1935,32.25,440,220,150,150,290,70,590,370,300,300,104.17,11.62,TRACKED,RETAINED,data/phase2_roi_crops/retained/WhatsApp_Video_2026-08-11_at_6.55.15_AM_(1)/crop_001935.jpg
WhatsApp Video 2026-08-11 at 6.55.15 AM (1).mp4,14,Mild Steel,val,1950,32.5,439,223,150,150,289,73,589,373,300,300,97.96,6.25,TRACKED,RETAINED,data/phase2_roi_crops/retained/WhatsApp_Video_2026-08-11_at_6.55.15_AM_(1)/crop_001950.jpg
WhatsApp Video 2026-08-11 at 6.55.15 AM (1).mp4,14,Mild Steel,val,1965,32.75,442,217,150,150,292,67,592,367,300,300,100.95,15.38,TRACKED,RETAINED,data/phase2_roi_crops/retained/WhatsApp_Video_2026-08-11_at_6.55.15_AM_(1)/crop_001965.jpg
WhatsApp Video 2026-08-11 at 6.55.15 AM (1).mp4,14,Mild Steel,val,1980,33.0,441,218,150,150,291,68,591,368,300,300,102.32,3.25,TRACKED,RETAINED,data/phase2_roi_crops/retained/WhatsApp_Video_2026-08-11_at_6.55.15_AM_(1)/crop_001980.jpg
WhatsApp Video 2026-08-11 at 6.55.15 AM (1).mp4,14,Mild Steel,val,1995,33.25,437,218,150,150,287,68,587,368,300,300,104.48,3.59,TRACKED,RETAINED,data/phase2_roi_crops/retained/WhatsApp_Video_2026-08-11_at_6.55.15_AM_(1)/crop_001995.jpg
WhatsApp Video 2026-08-11 at 6.55.15 AM (1).mp4,14,Mild Steel,val,2010,33.5,440,216,150,150,290,66,590,366,300,300,106.03,10.61,TRACKED,RETAINED,data/phase2_roi_crops/retained/WhatsApp_Video_2026-08-11_at_6.55.15_AM_(1)/crop_002010.jpg
WhatsApp Video 2026-08-11 at 6.55.15 AM (1).mp4,14,Mild Steel,val,2025,33.75,439,213,150,150,289,63,589,363,300,300,126.49,4.43,TRACKED,RETAINED,data/phase2_roi_crops/retained/WhatsApp_Video_2026-08-11_at_6.55.15_AM_(1)/crop_002025.jpg
WhatsApp Video 2026-08-11 at 6.55.15 AM (1).mp4,14,Mild Steel,val,2040,34.0,441,214,150,150,291,64,591,364,300,300,121.66,18.28,TRACKED,RETAINED,data/phase2_roi_crops/retained/WhatsApp_Video_2026-08-11_at_6.55.15_AM_(1)/crop_002040.jpg
WhatsApp Video 2026-08-11 at 6.55.15 AM (1).mp4,14,Mild Steel,val,2055,34.25,444,212,150,150,294,62,594,362,300,300,95.67,6.28,TRACKED,RETAINED,data/phase2_roi_crops/retained/WhatsApp_Video_2026-08-11_at_6.55.15_AM_(1)/crop_002055.jpg
WhatsApp Video 2026-08-11 at 6.55.15 AM (1).mp4,14,Mild Steel,val,2070,34.5,443,213,150,150,293,63,593,363,300,300,99.51,10.42,TRACKED,RETAINED,data/phase2_roi_crops/retained/WhatsApp_Video_2026-08-11_at_6.55.15_AM_(1)/crop_002070.jpg
WhatsApp Video 2026-08-11 at 6.55.15 AM (1).mp4,14,Mild Steel,val,2085,34.75,441,208,150,150,291,58,591,358,300,300,108.65,3.43,TRACKED,RETAINED,data/phase2_roi_crops/retained/WhatsApp_Video_2026-08-11_at_6.55.15_AM_(1)/crop_002085.jpg
WhatsApp Video 2026-08-11 at 6.55.15 AM (1).mp4,14,Mild Steel,val,2100,35.0,439,209,150,150,289,59,589,359,300,300,185.75,3.7,TRACKED,RETAINED,data/phase2_roi_crops/retained/WhatsApp_Video_2026-08-11_at_6.55.15_AM_(1)/crop_002100.jpg
WhatsApp Video 2026-08-11 at 6.55.15 AM (1).mp4,14,Mild Steel,val,2115,35.25,441,212,150,150,291,62,591,362,300,300,117.03,4.52,TRACKED,RETAINED,data/phase2_roi_crops/retained/WhatsApp_Video_2026-08-11_at_6.55.15_AM_(1)/crop_002115.jpg
WhatsApp Video 2026-08-11 at 6.55.15 AM (1).mp4,14,Mild Steel,val,2130,35.5,438,211,150,150,288,61,588,361,300,300,92.15,2.66,TRACKED,RETAINED,data/phase2_roi_crops/retained/WhatsApp_Video_2026-08-11_at_6.55.15_AM_(1)/crop_002130.jpg
WhatsApp Video 2026-08-11 at 6.55.15 AM (1).mp4,14,Mild Steel,val,2145,35.75,435,208,150,150,285,58,585,358,300,300,100.32,5.81,TRACKED,RETAINED,data/phase2_roi_crops/retained/WhatsApp_Video_2026-08-11_at_6.55.15_AM_(1)/crop_002145.jpg
WhatsApp Video 2026-08-11 at 6.55.15 AM (1).mp4,14,Mild Steel,val,2160,36.0,439,207,150,150,289,57,589,357,300,300,94.28,11.67,TRACKED,RETAINED,data/phase2_roi_crops/retained/WhatsApp_Video_2026-08-11_at_6.55.15_AM_(1)/crop_002160.jpg
WhatsApp Video 2026-08-11 at 6.55.15 AM (1).mp4,14,Mild Steel,val,2175,36.25,438,205,150,150,288,55,588,355,300,300,98.66,10.11,TRACKED,RETAINED,data/phase2_roi_crops/retained/WhatsApp_Video_2026-08-11_at_6.55.15_AM_(1)/crop_002175.jpg
WhatsApp Video 2026-08-11 at 6.55.15 AM (1).mp4,14,Mild Steel,val,2190,36.5,436,206,150,150,286,56,586,356,300,300,109.47,3.79,TRACKED,RETAINED,data/phase2_roi_crops/retained/WhatsApp_Video_2026-08-11_at_6.55.15_AM_(1)/crop_002190.jpg
WhatsApp Video 2026-08-11 at 6.55.15 AM (1).mp4,14,Mild Steel,val,2205,36.75,435,203,150,150,285,53,585,353,300,300,103.64,4.98,TRACKED,RETAINED,data/phase2_roi_crops/retained/WhatsApp_Video_2026-08-11_at_6.55.15_AM_(1)/crop_002205.jpg
WhatsApp Video 2026-08-11 at 6.55.15 AM (1).mp4,14,Mild Steel,val,2220,37.0,437,204,150,150,287,54,587,354,300,300,108.1,15.94,TRACKED,RETAINED,data/phase2_roi_crops/retained/WhatsApp_Video_2026-08-11_at_6.55.15_AM_(1)/crop_002220.jpg
WhatsApp Video 2026-08-11 at 6.55.15 AM (1).mp4,14,Mild Steel,val,2235,37.25,440,203,150,150,290,53,590,353,300,300,91.27,7.33,TRACKED,RETAINED,data/phase2_roi_crops/retained/WhatsApp_Video_2026-08-11_at_6.55.15_AM_(1)/crop_002235.jpg
WhatsApp Video 2026-08-11 at 6.55.15 AM (1).mp4,14,Mild Steel,val,2250,37.5,437,206,150,150,287,56,587,356,300,300,82.14,13.56,TRACKED,RETAINED,data/phase2_roi_crops/retained/WhatsApp_Video_2026-08-11_at_6.55.15_AM_(1)/crop_002250.jpg
WhatsApp Video 2026-08-11 at 6.55.15 AM (1).mp4,14,Mild Steel,val,2265,37.75,433,200,150,150,283,50,583,350,300,300,80.84,6.34,TRACKED,RETAINED,data/phase2_roi_crops/retained/WhatsApp_Video_2026-08-11_at_6.55.15_AM_(1)/crop_002265.jpg
WhatsApp Video 2026-08-11 at 6.55.15 AM (1).mp4,14,Mild Steel,val,2280,38.0,441,203,150,150,291,53,591,353,300,300,91.23,6.07,TRACKED,RETAINED,data/phase2_roi_crops/retained/WhatsApp_Video_2026-08-11_at_6.55.15_AM_(1)/crop_002280.jpg
WhatsApp Video 2026-08-11 at 6.55.15 AM (1).mp4,14,Mild Steel,val,2295,38.25,436,199,150,150,286,49,586,349,300,300,96.71,19.91,TRACKED,RETAINED,data/phase2_roi_crops/retained/WhatsApp_Video_2026-08-11_at_6.55.15_AM_(1)/crop_002295.jpg
WhatsApp Video 2026-08-11 at 6.55.15 AM (1).mp4,14,Mild Steel,val,2310,38.5,440,197,150,150,290,47,590,347,300,300,106.7,3.81,TRACKED,RETAINED,data/phase2_roi_crops/retained/WhatsApp_Video_2026-08-11_at_6.55.15_AM_(1)/crop_002310.jpg
WhatsApp Video 2026-08-11 at 6.55.15 AM (1).mp4,14,Mild Steel,val,2325,38.75,438,202,150,150,288,52,588,352,300,300,103.95,11.36,TRACKED,RETAINED,data/phase2_roi_crops/retained/WhatsApp_Video_2026-08-11_at_6.55.15_AM_(1)/crop_002325.jpg
WhatsApp Video 2026-08-11 at 6.55.15 AM (1).mp4,14,Mild Steel,val,2340,39.0,432,197,150,150,282,47,582,347,300,300,107.63,14.21,TRACKED,RETAINED,data/phase2_roi_crops/retained/WhatsApp_Video_2026-08-11_at_6.55.15_AM_(1)/crop_002340.jpg
WhatsApp Video 2026-08-11 at 6.55.15 AM (1).mp4,14,Mild Steel,val,2355,39.25,433,196,150,150,283,46,583,346,300,300,116.51,5.5,TRACKED,RETAINED,data/phase2_roi_crops/retained/WhatsApp_Video_2026-08-11_at_6.55.15_AM_(1)/crop_002355.jpg
WhatsApp Video 2026-08-11 at 6.55.15 AM (1).mp4,14,Mild Steel,val,2370,39.5,432,197,150,150,282,47,582,347,300,300,104.03,4.28,TRACKED,RETAINED,data/phase2_roi_crops/retained/WhatsApp_Video_2026-08-11_at_6.55.15_AM_(1)/crop_002370.jpg
WhatsApp Video 2026-08-11 at 6.55.15 AM (1).mp4,14,Mild Steel,val,2385,39.75,435,194,150,150,285,44,585,344,300,300,108.91,10.64,TRACKED,RETAINED,data/phase2_roi_crops/retained/WhatsApp_Video_2026-08-11_at_6.55.15_AM_(1)/crop_002385.jpg
WhatsApp Video 2026-08-11 at 6.55.15 AM (1).mp4,14,Mild Steel,val,2400,40.0,433,195,150,150,283,45,583,345,300,300,203.56,3.46,TRACKED,RETAINED,data/phase2_roi_crops/retained/WhatsApp_Video_2026-08-11_at_6.55.15_AM_(1)/crop_002400.jpg
WhatsApp Video 2026-08-11 at 6.55.15 AM (1).mp4,14,Mild Steel,val,2415,40.25,432,194,150,150,282,44,582,344,300,300,111.82,5.69,TRACKED,RETAINED,data/phase2_roi_crops/retained/WhatsApp_Video_2026-08-11_at_6.55.15_AM_(1)/crop_002415.jpg
WhatsApp Video 2026-08-11 at 6.55.15 AM (1).mp4,14,Mild Steel,val,2430,40.5,434,192,150,150,284,42,584,342,300,300,104.24,11.9,TRACKED,RETAINED,data/phase2_roi_crops/retained/WhatsApp_Video_2026-08-11_at_6.55.15_AM_(1)/crop_002430.jpg
WhatsApp Video 2026-08-11 at 6.55.15 AM (1).mp4,14,Mild Steel,val,2445,40.75,434,191,150,150,284,41,584,341,300,300,110.32,11.25,TRACKED,RETAINED,data/phase2_roi_crops/retained/WhatsApp_Video_2026-08-11_at_6.55.15_AM_(1)/crop_002445.jpg
WhatsApp Video 2026-08-11 at 6.55.15 AM (1).mp4,14,Mild Steel,val,2460,41.0,433,192,150,150,283,42,583,342,300,300,88.43,5.62,TRACKED,RETAINED,data/phase2_roi_crops/retained/WhatsApp_Video_2026-08-11_at_6.55.15_AM_(1)/crop_002460.jpg
WhatsApp Video 2026-08-11 at 6.55.15 AM (1).mp4,14,Mild Steel,val,2475,41.25,438,196,150,150,288,46,588,346,300,300,107.29,5.89,TRACKED,RETAINED,data/phase2_roi_crops/retained/WhatsApp_Video_2026-08-11_at_6.55.15_AM_(1)/crop_002475.jpg
WhatsApp Video 2026-08-11 at 6.55.15 AM (1).mp4,14,Mild Steel,val,2490,41.5,432,190,150,150,282,40,582,340,300,300,98.81,19.54,TRACKED,RETAINED,data/phase2_roi_crops/retained/WhatsApp_Video_2026-08-11_at_6.55.15_AM_(1)/crop_002490.jpg
WhatsApp Video 2026-08-11 at 6.55.15 AM (1).mp4,14,Mild Steel,val,2505,41.75,434,193,150,150,284,43,584,343,300,300,92.14,5.87,TRACKED,RETAINED,data/phase2_roi_crops/retained/WhatsApp_Video_2026-08-11_at_6.55.15_AM_(1)/crop_002505.jpg
WhatsApp Video 2026-08-11 at 6.55.15 AM (1).mp4,14,Mild Steel,val,2520,42.0,438,189,150,150,288,39,588,339,300,300,105.17,5.67,TRACKED,RETAINED,data/phase2_roi_crops/retained/WhatsApp_Video_2026-08-11_at_6.55.15_AM_(1)/crop_002520.jpg
WhatsApp Video 2026-08-11 at 6.55.15 AM (1).mp4,14,Mild Steel,val,2535,42.25,432,186,150,150,282,36,582,336,300,300,134.22,19.56,TRACKED,RETAINED,data/phase2_roi_crops/retained/WhatsApp_Video_2026-08-11_at_6.55.15_AM_(1)/crop_002535.jpg
WhatsApp Video 2026-08-11 at 6.55.15 AM (1).mp4,14,Mild Steel,val,2550,42.5,430,187,150,150,280,37,580,337,300,300,134.46,11.03,TRACKED,RETAINED,data/phase2_roi_crops/retained/WhatsApp_Video_2026-08-11_at_6.55.15_AM_(1)/crop_002550.jpg
WhatsApp Video 2026-08-11 at 6.55.15 AM (1).mp4,14,Mild Steel,val,2565,42.75,432,187,150,150,282,37,582,337,300,300,122.81,28.43,TRACKED,RETAINED,data/phase2_roi_crops/retained/WhatsApp_Video_2026-08-11_at_6.55.15_AM_(1)/crop_002565.jpg
WhatsApp Video 2026-08-11 at 6.55.16 AM.mp4,17,Mild Steel,train,0,0.0,523,208,150,150,373,58,673,358,300,300,148.44,0.0,TRACKED,RETAINED,data/phase2_roi_crops/retained/WhatsApp_Video_2026-08-11_at_6.55.16_AM/crop_000000.jpg
WhatsApp Video 2026-08-11 at 6.55.16 AM.mp4,17,Mild Steel,train,15,0.25,525,209,150,150,375,59,675,359,300,300,98.51,14.25,TRACKED,RETAINED,data/phase2_roi_crops/retained/WhatsApp_Video_2026-08-11_at_6.55.16_AM/crop_000015.jpg
WhatsApp Video 2026-08-11 at 6.55.16 AM.mp4,17,Mild Steel,train,30,0.5,526,210,150,150,376,60,676,360,300,300,108.3,15.89,TRACKED,RETAINED,data/phase2_roi_crops/retained/WhatsApp_Video_2026-08-11_at_6.55.16_AM/crop_000030.jpg
WhatsApp Video 2026-08-11 at 6.55.16 AM.mp4,17,Mild Steel,train,45,0.75,528,211,150,150,378,61,678,361,300,300,113.79,7.75,TRACKED,RETAINED,data/phase2_roi_crops/retained/WhatsApp_Video_2026-08-11_at_6.55.16_AM/crop_000045.jpg
WhatsApp Video 2026-08-11 at 6.55.16 AM.mp4,17,Mild Steel,train,60,1.0,530,210,150,150,380,60,680,360,300,300,105.69,4.04,TRACKED,RETAINED,data/phase2_roi_crops/retained/WhatsApp_Video_2026-08-11_at_6.55.16_AM/crop_000060.jpg
WhatsApp Video 2026-08-11 at 6.55.16 AM.mp4,17,Mild Steel,train,75,1.25,530,212,150,150,380,62,680,362,300,300,112.63,5.04,TRACKED,RETAINED,data/phase2_roi_crops/retained/WhatsApp_Video_2026-08-11_at_6.55.16_AM/crop_000075.jpg
WhatsApp Video 2026-08-11 at 6.55.16 AM.mp4,17,Mild Steel,train,90,1.5,532,212,150,150,382,62,682,362,300,300,109.18,10.68,TRACKED,RETAINED,data/phase2_roi_crops/retained/WhatsApp_Video_2026-08-11_at_6.55.16_AM/crop_000090.jpg
WhatsApp Video 2026-08-11 at 6.55.16 AM.mp4,17,Mild Steel,train,105,1.75,534,214,150,150,384,64,684,364,300,300,102.8,5.48,TRACKED,RETAINED,data/phase2_roi_crops/retained/WhatsApp_Video_2026-08-11_at_6.55.16_AM/crop_000105.jpg
WhatsApp Video 2026-08-11 at 6.55.16 AM.mp4,17,Mild Steel,train,120,2.0,537,214,150,150,387,64,687,364,300,300,203.92,4.36,TRACKED,RETAINED,data/phase2_roi_crops/retained/WhatsApp_Video_2026-08-11_at_6.55.16_AM/crop_000120.jpg
WhatsApp Video 2026-08-11 at 6.55.16 AM.mp4,17,Mild Steel,train,135,2.25,541,213,150,150,391,63,691,363,300,300,241.67,5.78,TRACKED,RETAINED,data/phase2_roi_crops/retained/WhatsApp_Video_2026-08-11_at_6.55.16_AM/crop_000135.jpg
WhatsApp Video 2026-08-11 at 6.55.16 AM.mp4,17,Mild Steel,train,150,2.5,540,215,150,150,390,65,690,365,300,300,244.51,10.76,TRACKED,RETAINED,data/phase2_roi_crops/retained/WhatsApp_Video_2026-08-11_at_6.55.16_AM/crop_000150.jpg
WhatsApp Video 2026-08-11 at 6.55.16 AM.mp4,17,Mild Steel,train,165,2.75,543,215,150,150,393,65,693,365,300,300,218.95,7.63,TRACKED,RETAINED,data/phase2_roi_crops/retained/WhatsApp_Video_2026-08-11_at_6.55.16_AM/crop_000165.jpg
WhatsApp Video 2026-08-11 at 6.55.16 AM.mp4,17,Mild Steel,train,180,3.0,542,215,150,150,392,65,692,365,300,300,207.42,12.88,TRACKED,RETAINED,data/phase2_roi_crops/retained/WhatsApp_Video_2026-08-11_at_6.55.16_AM/crop_000180.jpg
WhatsApp Video 2026-08-11 at 6.55.16 AM.mp4,17,Mild Steel,train,195,3.25,547,217,150,150,397,67,697,367,300,300,183.02,8.41,TRACKED,RETAINED,data/phase2_roi_crops/retained/WhatsApp_Video_2026-08-11_at_6.55.16_AM/crop_000195.jpg
WhatsApp Video 2026-08-11 at 6.55.16 AM.mp4,17,Mild Steel,train,210,3.5,549,221,150,150,399,71,699,371,300,300,196.05,11.55,TRACKED,RETAINED,data/phase2_roi_crops/retained/WhatsApp_Video_2026-08-11_at_6.55.16_AM/crop_000210.jpg
WhatsApp Video 2026-08-11 at 6.55.16 AM.mp4,17,Mild Steel,train,225,3.75,548,220,150,150,398,70,698,370,300,300,182.73,17.4,TRACKED,RETAINED,data/phase2_roi_crops/retained/WhatsApp_Video_2026-08-11_at_6.55.16_AM/crop_000225.jpg
WhatsApp Video 2026-08-11 at 6.55.16 AM.mp4,17,Mild Steel,train,240,4.0,552,221,150,150,402,71,702,371,300,300,174.63,4.67,TRACKED,RETAINED,data/phase2_roi_crops/retained/WhatsApp_Video_2026-08-11_at_6.55.16_AM/crop_000240.jpg
WhatsApp Video 2026-08-11 at 6.55.16 AM.mp4,17,Mild Steel,train,255,4.25,554,220,150,150,404,70,704,370,300,300,183.25,6.14,TRACKED,RETAINED,data/phase2_roi_crops/retained/WhatsApp_Video_2026-08-11_at_6.55.16_AM/crop_000255.jpg
WhatsApp Video 2026-08-11 at 6.55.16 AM.mp4,17,Mild Steel,train,270,4.5,551,221,150,150,401,71,701,371,300,300,168.9,9.14,TRACKED,RETAINED,data/phase2_roi_crops/retained/WhatsApp_Video_2026-08-11_at_6.55.16_AM/crop_000270.jpg
WhatsApp Video 2026-08-11 at 6.55.16 AM.mp4,17,Mild Steel,train,285,4.75,550,221,150,150,400,71,700,371,300,300,163.86,15.47,TRACKED,RETAINED,data/phase2_roi_crops/retained/WhatsApp_Video_2026-08-11_at_6.55.16_AM/crop_000285.jpg
WhatsApp Video 2026-08-11 at 6.55.16 AM.mp4,17,Mild Steel,train,300,5.0,551,226,150,150,401,76,701,376,300,300,215.89,16.22,TRACKED,RETAINED,data/phase2_roi_crops/retained/WhatsApp_Video_2026-08-11_at_6.55.16_AM/crop_000300.jpg
WhatsApp Video 2026-08-11 at 6.55.16 AM.mp4,17,Mild Steel,train,315,5.25,554,230,150,150,404,80,704,380,300,300,102.67,21.53,TRACKED,RETAINED,data/phase2_roi_crops/retained/WhatsApp_Video_2026-08-11_at_6.55.16_AM/crop_000315.jpg
WhatsApp Video 2026-08-11 at 6.55.16 AM.mp4,17,Mild Steel,train,330,5.5,555,230,150,150,405,80,705,380,300,300,114.37,5.24,TRACKED,RETAINED,data/phase2_roi_crops/retained/WhatsApp_Video_2026-08-11_at_6.55.16_AM/crop_000330.jpg
WhatsApp Video 2026-08-11 at 6.55.16 AM.mp4,17,Mild Steel,train,345,5.75,560,227,150,150,410,77,710,377,300,300,111.05,6.58,TRACKED,RETAINED,data/phase2_roi_crops/retained/WhatsApp_Video_2026-08-11_at_6.55.16_AM/crop_000345.jpg
WhatsApp Video 2026-08-11 at 6.55.16 AM.mp4,17,Mild Steel,train,360,6.0,558,224,150,150,408,74,708,374,300,300,92.77,21.15,TRACKED,RETAINED,data/phase2_roi_crops/retained/WhatsApp_Video_2026-08-11_at_6.55.16_AM/crop_000360.jpg
WhatsApp Video 2026-08-11 at 6.55.16 AM.mp4,17,Mild Steel,train,375,6.25,560,225,150,150,410,75,710,375,300,300,93.05,16.66,TRACKED,RETAINED,data/phase2_roi_crops/retained/WhatsApp_Video_2026-08-11_at_6.55.16_AM/crop_000375.jpg
WhatsApp Video 2026-08-11 at 6.55.16 AM.mp4,17,Mild Steel,train,390,6.5,562,230,150,150,412,80,712,380,300,300,80.87,12.63,TRACKED,RETAINED,data/phase2_roi_crops/retained/WhatsApp_Video_2026-08-11_at_6.55.16_AM/crop_000390.jpg
WhatsApp Video 2026-08-11 at 6.55.16 AM.mp4,17,Mild Steel,train,405,6.75,560,229,150,150,410,79,710,379,300,300,78.08,16.17,TRACKED,RETAINED,data/phase2_roi_crops/retained/WhatsApp_Video_2026-08-11_at_6.55.16_AM/crop_000405.jpg
WhatsApp Video 2026-08-11 at 6.55.16 AM.mp4,17,Mild Steel,train,420,7.0,558,229,150,150,408,79,708,379,300,300,78.68,18.13,TRACKED,RETAINED,data/phase2_roi_crops/retained/WhatsApp_Video_2026-08-11_at_6.55.16_AM/crop_000420.jpg
WhatsApp Video 2026-08-11 at 6.55.16 AM.mp4,17,Mild Steel,train,435,7.25,559,230,150,150,409,80,709,380,300,300,86.21,5.14,TRACKED,RETAINED,data/phase2_roi_crops/retained/WhatsApp_Video_2026-08-11_at_6.55.16_AM/crop_000435.jpg
WhatsApp Video 2026-08-11 at 6.55.16 AM.mp4,17,Mild Steel,train,450,7.5,559,233,150,150,409,83,709,383,300,300,85.21,6.06,TRACKED,RETAINED,data/phase2_roi_crops/retained/WhatsApp_Video_2026-08-11_at_6.55.16_AM/crop_000450.jpg
WhatsApp Video 2026-08-11 at 6.55.16 AM.mp4,17,Mild Steel,train,465,7.75,555,233,150,150,405,83,705,383,300,300,85.47,14.98,TRACKED,RETAINED,data/phase2_roi_crops/retained/WhatsApp_Video_2026-08-11_at_6.55.16_AM/crop_000465.jpg
WhatsApp Video 2026-08-11 at 6.55.16 AM.mp4,17,Mild Steel,train,480,8.0,555,232,150,150,405,82,705,382,300,300,85.17,7.85,TRACKED,RETAINED,data/phase2_roi_crops/retained/WhatsApp_Video_2026-08-11_at_6.55.16_AM/crop_000480.jpg
WhatsApp Video 2026-08-11 at 6.55.16 AM.mp4,17,Mild Steel,train,495,8.25,551,230,150,150,401,80,701,380,300,300,80.74,7.75,TRACKED,RETAINED,data/phase2_roi_crops/retained/WhatsApp_Video_2026-08-11_at_6.55.16_AM/crop_000495.jpg
WhatsApp Video 2026-08-11 at 6.55.16 AM.mp4,17,Mild Steel,train,510,8.5,550,231,150,150,400,81,700,381,300,300,79.19,4.48,TRACKED,RETAINED,data/phase2_roi_crops/retained/WhatsApp_Video_2026-08-11_at_6.55.16_AM/crop_000510.jpg
WhatsApp Video 2026-08-11 at 6.55.16 AM.mp4,17,Mild Steel,train,525,8.75,547,234,150,150,397,84,697,384,300,300,78.41,15.55,TRACKED,RETAINED,data/phase2_roi_crops/retained/WhatsApp_Video_2026-08-11_at_6.55.16_AM/crop_000525.jpg
WhatsApp Video 2026-08-11 at 6.55.16 AM.mp4,17,Mild Steel,train,540,9.0,546,235,150,150,396,85,696,385,300,300,79.59,7.19,TRACKED,RETAINED,data/phase2_roi_crops/retained/WhatsApp_Video_2026-08-11_at_6.55.16_AM/crop_000540.jpg
WhatsApp Video 2026-08-11 at 6.55.16 AM.mp4,17,Mild Steel,train,555,9.25,542,234,150,150,392,84,692,384,300,300,79.17,9.17,TRACKED,RETAINED,data/phase2_roi_crops/retained/WhatsApp_Video_2026-08-11_at_6.55.16_AM/crop_000555.jpg
WhatsApp Video 2026-08-11 at 6.55.16 AM.mp4,17,Mild Steel,train,570,9.5,541,237,150,150,391,87,691,387,300,300,74.6,15.75,TRACKED,RETAINED,data/phase2_roi_crops/retained/WhatsApp_Video_2026-08-11_at_6.55.16_AM/crop_000570.jpg
WhatsApp Video 2026-08-11 at 6.55.16 AM.mp4,17,Mild Steel,train,585,9.75,539,235,150,150,389,85,689,385,300,300,71.93,5.7,TRACKED,RETAINED,data/phase2_roi_crops/retained/WhatsApp_Video_2026-08-11_at_6.55.16_AM/crop_000585.jpg
WhatsApp Video 2026-08-11 at 6.55.16 AM.mp4,17,Mild Steel,train,600,10.0,539,233,150,150,389,83,689,383,300,300,124.81,3.47,TRACKED,RETAINED,data/phase2_roi_crops/retained/WhatsApp_Video_2026-08-11_at_6.55.16_AM/crop_000600.jpg
WhatsApp Video 2026-08-11 at 6.55.16 AM.mp4,17,Mild Steel,train,615,10.25,535,237,150,150,385,87,685,387,300,300,83.59,5.11,TRACKED,RETAINED,data/phase2_roi_crops/retained/WhatsApp_Video_2026-08-11_at_6.55.16_AM/crop_000615.jpg
WhatsApp Video 2026-08-11 at 6.55.16 AM.mp4,17,Mild Steel,train,630,10.5,534,237,150,150,384,87,684,387,300,300,74.48,10.03,TRACKED,RETAINED,data/phase2_roi_crops/retained/WhatsApp_Video_2026-08-11_at_6.55.16_AM/crop_000630.jpg
WhatsApp Video 2026-08-11 at 6.55.16 AM.mp4,17,Mild Steel,train,645,10.75,531,242,150,150,381,92,681,392,300,300,82.52,3.98,TRACKED,RETAINED,data/phase2_roi_crops/retained/WhatsApp_Video_2026-08-11_at_6.55.16_AM/crop_000645.jpg
WhatsApp Video 2026-08-11 at 6.55.16 AM.mp4,17,Mild Steel,train,660,11.0,527,239,150,150,377,89,677,389,300,300,73.64,18.74,TRACKED,RETAINED,data/phase2_roi_crops/retained/WhatsApp_Video_2026-08-11_at_6.55.16_AM/crop_000660.jpg
WhatsApp Video 2026-08-11 at 6.55.16 AM.mp4,17,Mild Steel,train,675,11.25,524,240,150,150,374,90,674,390,300,300,76.86,13.99,TRACKED,RETAINED,data/phase2_roi_crops/retained/WhatsApp_Video_2026-08-11_at_6.55.16_AM/crop_000675.jpg
WhatsApp Video 2026-08-11 at 6.55.16 AM.mp4,17,Mild Steel,train,690,11.5,525,240,150,150,375,90,675,390,300,300,76.69,3.64,TRACKED,RETAINED,data/phase2_roi_crops/retained/WhatsApp_Video_2026-08-11_at_6.55.16_AM/crop_000690.jpg
WhatsApp Video 2026-08-11 at 6.55.16 AM.mp4,17,Mild Steel,train,705,11.75,523,241,150,150,373,91,673,391,300,300,79.13,4.06,TRACKED,RETAINED,data/phase2_roi_crops/retained/WhatsApp_Video_2026-08-11_at_6.55.16_AM/crop_000705.jpg
WhatsApp Video 2026-08-11 at 6.55.16 AM.mp4,17,Mild Steel,train,720,12.0,521,243,150,150,371,93,671,393,300,300,73.67,3.89,TRACKED,RETAINED,data/phase2_roi_crops/retained/WhatsApp_Video_2026-08-11_at_6.55.16_AM/crop_000720.jpg
WhatsApp Video 2026-08-11 at 6.55.16 AM.mp4,17,Mild Steel,train,735,12.25,517,244,150,150,367,94,667,394,300,300,79.55,3.16,TRACKED,RETAINED,data/phase2_roi_crops/retained/WhatsApp_Video_2026-08-11_at_6.55.16_AM/crop_000735.jpg
WhatsApp Video 2026-08-11 at 6.55.16 AM.mp4,17,Mild Steel,train,750,12.5,514,243,150,150,364,93,664,393,300,300,81.86,7.78,TRACKED,RETAINED,data/phase2_roi_crops/retained/WhatsApp_Video_2026-08-11_at_6.55.16_AM/crop_000750.jpg
WhatsApp Video 2026-08-11 at 6.55.16 AM.mp4,17,Mild Steel,train,765,12.75,517,243,150,150,367,93,667,393,300,300,80.03,3.31,TRACKED,RETAINED,data/phase2_roi_crops/retained/WhatsApp_Video_2026-08-11_at_6.55.16_AM/crop_000765.jpg
WhatsApp Video 2026-08-11 at 6.55.16 AM.mp4,17,Mild Steel,train,780,13.0,513,240,150,150,363,90,663,390,300,300,84.57,11.77,TRACKED,RETAINED,data/phase2_roi_crops/retained/WhatsApp_Video_2026-08-11_at_6.55.16_AM/crop_000780.jpg
WhatsApp Video 2026-08-11 at 6.55.16 AM.mp4,17,Mild Steel,train,795,13.25,509,240,150,150,359,90,659,390,300,300,79.49,4.01,TRACKED,RETAINED,data/phase2_roi_crops/retained/WhatsApp_Video_2026-08-11_at_6.55.16_AM/crop_000795.jpg
WhatsApp Video 2026-08-11 at 6.55.16 AM.mp4,17,Mild Steel,train,810,13.5,509,239,150,150,359,89,659,389,300,300,79.6,6.38,TRACKED,RETAINED,data/phase2_roi_crops/retained/WhatsApp_Video_2026-08-11_at_6.55.16_AM/crop_000810.jpg
WhatsApp Video 2026-08-11 at 6.55.16 AM.mp4,17,Mild Steel,train,825,13.75,508,236,150,150,358,86,658,386,300,300,74.03,4.86,TRACKED,RETAINED,data/phase2_roi_crops/retained/WhatsApp_Video_2026-08-11_at_6.55.16_AM/crop_000825.jpg
WhatsApp Video 2026-08-11 at 6.55.16 AM.mp4,17,Mild Steel,train,840,14.0,502,239,150,150,352,89,652,389,300,300,71.64,16.29,TRACKED,RETAINED,data/phase2_roi_crops/retained/WhatsApp_Video_2026-08-11_at_6.55.16_AM/crop_000840.jpg
WhatsApp Video 2026-08-11 at 6.55.16 AM.mp4,17,Mild Steel,train,855,14.25,500,243,150,150,350,93,650,393,300,300,80.77,4.93,TRACKED,RETAINED,data/phase2_roi_crops/retained/WhatsApp_Video_2026-08-11_at_6.55.16_AM/crop_000855.jpg
WhatsApp Video 2026-08-11 at 6.55.16 AM.mp4,17,Mild Steel,train,870,14.5,499,244,150,150,349,94,649,394,300,300,75.5,7.12,TRACKED,RETAINED,data/phase2_roi_crops/retained/WhatsApp_Video_2026-08-11_at_6.55.16_AM/crop_000870.jpg
WhatsApp Video 2026-08-11 at 6.55.16 AM.mp4,17,Mild Steel,train,885,14.75,499,239,150,150,349,89,649,389,300,300,77.16,15.7,TRACKED,RETAINED,data/phase2_roi_crops/retained/WhatsApp_Video_2026-08-11_at_6.55.16_AM/crop_000885.jpg
WhatsApp Video 2026-08-11 at 6.55.16 AM.mp4,17,Mild Steel,train,900,15.0,495,238,150,150,345,88,645,388,300,300,120.32,4.09,TRACKED,RETAINED,data/phase2_roi_crops/retained/WhatsApp_Video_2026-08-11_at_6.55.16_AM/crop_000900.jpg
WhatsApp Video 2026-08-11 at 6.55.16 AM.mp4,17,Mild Steel,train,915,15.25,495,238,150,150,345,88,645,388,300,300,81.4,4.18,TRACKED,RETAINED,data/phase2_roi_crops/retained/WhatsApp_Video_2026-08-11_at_6.55.16_AM/crop_000915.jpg
WhatsApp Video 2026-08-11 at 6.55.16 AM.mp4,17,Mild Steel,train,930,15.5,492,237,150,150,342,87,642,387,300,300,82.27,13.17,TRACKED,RETAINED,data/phase2_roi_crops/retained/WhatsApp_Video_2026-08-11_at_6.55.16_AM/crop_000930.jpg
WhatsApp Video 2026-08-11 at 6.55.16 AM.mp4,17,Mild Steel,train,945,15.75,490,236,150,150,340,86,640,386,300,300,82.95,4.93,TRACKED,RETAINED,data/phase2_roi_crops/retained/WhatsApp_Video_2026-08-11_at_6.55.16_AM/crop_000945.jpg
WhatsApp Video 2026-08-11 at 6.55.16 AM.mp4,17,Mild Steel,train,960,16.0,485,237,150,150,335,87,635,387,300,300,75.07,5.55,TRACKED,RETAINED,data/phase2_roi_crops/retained/WhatsApp_Video_2026-08-11_at_6.55.16_AM/crop_000960.jpg
WhatsApp Video 2026-08-11 at 6.55.16 AM.mp4,17,Mild Steel,train,975,16.25,485,239,150,150,335,89,635,389,300,300,70.23,7.59,TRACKED,RETAINED,data/phase2_roi_crops/retained/WhatsApp_Video_2026-08-11_at_6.55.16_AM/crop_000975.jpg
WhatsApp Video 2026-08-11 at 6.55.16 AM.mp4,17,Mild Steel,train,990,16.5,487,238,150,150,337,88,637,388,300,300,68.09,14.59,TRACKED,RETAINED,data/phase2_roi_crops/retained/WhatsApp_Video_2026-08-11_at_6.55.16_AM/crop_000990.jpg
WhatsApp Video 2026-08-11 at 6.55.16 AM.mp4,17,Mild Steel,train,1005,16.75,484,235,150,150,334,85,634,385,300,300,65.88,17.99,TRACKED,RETAINED,data/phase2_roi_crops/retained/WhatsApp_Video_2026-08-11_at_6.55.16_AM/crop_001005.jpg
WhatsApp Video 2026-08-11 at 6.55.16 AM.mp4,17,Mild Steel,train,1020,17.0,483,235,150,150,333,85,633,385,300,300,105.49,4.32,TRACKED,RETAINED,data/phase2_roi_crops/retained/WhatsApp_Video_2026-08-11_at_6.55.16_AM/crop_001020.jpg
WhatsApp Video 2026-08-11 at 6.55.16 AM.mp4,17,Mild Steel,train,1035,17.25,479,233,150,150,329,83,629,383,300,300,188.52,6.6,TRACKED,RETAINED,data/phase2_roi_crops/retained/WhatsApp_Video_2026-08-11_at_6.55.16_AM/crop_001035.jpg
WhatsApp Video 2026-08-11 at 6.55.16 AM.mp4,17,Mild Steel,train,1050,17.5,474,230,150,150,324,80,624,380,300,300,201.87,5.71,TRACKED,RETAINED,data/phase2_roi_crops/retained/WhatsApp_Video_2026-08-11_at_6.55.16_AM/crop_001050.jpg
WhatsApp Video 2026-08-11 at 6.55.16 AM.mp4,17,Mild Steel,train,1065,17.75,475,232,150,150,325,82,625,382,300,300,218.76,16.19,TRACKED,RETAINED,data/phase2_roi_crops/retained/WhatsApp_Video_2026-08-11_at_6.55.16_AM/crop_001065.jpg
WhatsApp Video 2026-08-11 at 6.55.16 AM.mp4,17,Mild Steel,train,1080,18.0,474,231,150,150,324,81,624,381,300,300,215.67,3.23,TRACKED,RETAINED,data/phase2_roi_crops/retained/WhatsApp_Video_2026-08-11_at_6.55.16_AM/crop_001080.jpg
WhatsApp Video 2026-08-11 at 6.55.16 AM.mp4,17,Mild Steel,train,1095,18.25,470,230,150,150,320,80,620,380,300,300,220.95,7.22,TRACKED,RETAINED,data/phase2_roi_crops/retained/WhatsApp_Video_2026-08-11_at_6.55.16_AM/crop_001095.jpg
WhatsApp Video 2026-08-11 at 6.55.16 AM.mp4,17,Mild Steel,train,1110,18.5,468,231,150,150,318,81,618,381,300,300,226.14,13.82,TRACKED,RETAINED,data/phase2_roi_crops/retained/WhatsApp_Video_2026-08-11_at_6.55.16_AM/crop_001110.jpg
WhatsApp Video 2026-08-11 at 6.55.16 AM.mp4,17,Mild Steel,train,1125,18.75,465,231,150,150,315,81,615,381,300,300,219.0,18.36,TRACKED,RETAINED,data/phase2_roi_crops/retained/WhatsApp_Video_2026-08-11_at_6.55.16_AM/crop_001125.jpg
WhatsApp Video 2026-08-11 at 6.55.16 AM.mp4,17,Mild Steel,train,1140,19.0,461,232,150,150,311,82,611,382,300,300,228.4,4.71,TRACKED,RETAINED,data/phase2_roi_crops/retained/WhatsApp_Video_2026-08-11_at_6.55.16_AM/crop_001140.jpg
WhatsApp Video 2026-08-11 at 6.55.16 AM.mp4,17,Mild Steel,train,1155,19.25,463,231,150,150,313,81,613,381,300,300,220.69,12.29,TRACKED,RETAINED,data/phase2_roi_crops/retained/WhatsApp_Video_2026-08-11_at_6.55.16_AM/crop_001155.jpg
WhatsApp Video 2026-08-11 at 6.55.16 AM.mp4,17,Mild Steel,train,1170,19.5,460,231,150,150,310,81,610,381,300,300,222.71,3.49,TRACKED,RETAINED,data/phase2_roi_crops/retained/WhatsApp_Video_2026-08-11_at_6.55.16_AM/crop_001170.jpg
WhatsApp Video 2026-08-11 at 6.55.16 AM.mp4,17,Mild Steel,train,1185,19.75,457,230,150,150,307,80,607,380,300,300,221.61,7.54,TRACKED,RETAINED,data/phase2_roi_crops/retained/WhatsApp_Video_2026-08-11_at_6.55.16_AM/crop_001185.jpg
WhatsApp Video 2026-08-11 at 6.55.16 AM.mp4,17,Mild Steel,train,1200,20.0,456,230,150,150,306,80,606,380,300,300,351.19,8.59,TRACKED,RETAINED,data/phase2_roi_crops/retained/WhatsApp_Video_2026-08-11_at_6.55.16_AM/crop_001200.jpg
WhatsApp Video 2026-08-11 at 6.55.16 AM.mp4,17,Mild Steel,train,1215,20.25,456,233,150,150,306,83,606,383,300,300,245.11,18.83,TRACKED,RETAINED,data/phase2_roi_crops/retained/WhatsApp_Video_2026-08-11_at_6.55.16_AM/crop_001215.jpg
WhatsApp Video 2026-08-11 at 6.55.16 AM.mp4,17,Mild Steel,train,1230,20.5,454,233,150,150,304,83,604,383,300,300,237.53,9.19,TRACKED,RETAINED,data/phase2_roi_crops/retained/WhatsApp_Video_2026-08-11_at_6.55.16_AM/crop_001230.jpg
WhatsApp Video 2026-08-11 at 6.55.16 AM.mp4,17,Mild Steel,train,1245,20.75,456,235,150,150,306,85,606,385,300,300,226.36,6.88,TRACKED,RETAINED,data/phase2_roi_crops/retained/WhatsApp_Video_2026-08-11_at_6.55.16_AM/crop_001245.jpg
WhatsApp Video 2026-08-11 at 6.55.16 AM.mp4,17,Mild Steel,train,1260,21.0,455,233,150,150,305,83,605,383,300,300,218.41,18.5,TRACKED,RETAINED,data/phase2_roi_crops/retained/WhatsApp_Video_2026-08-11_at_6.55.16_AM/crop_001260.jpg
WhatsApp Video 2026-08-11 at 6.55.16 AM.mp4,17,Mild Steel,train,1275,21.25,452,233,150,150,302,83,602,383,300,300,229.43,4.91,TRACKED,RETAINED,data/phase2_roi_crops/retained/WhatsApp_Video_2026-08-11_at_6.55.16_AM/crop_001275.jpg
WhatsApp Video 2026-08-11 at 6.55.16 AM.mp4,17,Mild Steel,train,1290,21.5,450,235,150,150,300,85,600,385,300,300,228.67,8.52,TRACKED,RETAINED,data/phase2_roi_crops/retained/WhatsApp_Video_2026-08-11_at_6.55.16_AM/crop_001290.jpg
WhatsApp Video 2026-08-11 at 6.55.16 AM.mp4,17,Mild Steel,train,1305,21.75,447,236,150,150,297,86,597,386,300,300,225.82,3.57,TRACKED,RETAINED,data/phase2_roi_crops/retained/WhatsApp_Video_2026-08-11_at_6.55.16_AM/crop_001305.jpg
WhatsApp Video 2026-08-11 at 6.55.16 AM.mp4,17,Mild Steel,train,1320,22.0,451,234,150,150,301,84,601,384,300,300,215.4,15.38,TRACKED,RETAINED,data/phase2_roi_crops/retained/WhatsApp_Video_2026-08-11_at_6.55.16_AM/crop_001320.jpg
WhatsApp Video 2026-08-11 at 6.55.16 AM.mp4,17,Mild Steel,train,1335,22.25,447,230,150,150,297,80,597,380,300,300,199.3,6.47,TRACKED,RETAINED,data/phase2_roi_crops/retained/WhatsApp_Video_2026-08-11_at_6.55.16_AM/crop_001335.jpg
WhatsApp Video 2026-08-11 at 6.55.16 AM.mp4,17,Mild Steel,train,1350,22.5,447,233,150,150,297,83,597,383,300,300,206.57,16.32,TRACKED,RETAINED,data/phase2_roi_crops/retained/WhatsApp_Video_2026-08-11_at_6.55.16_AM/crop_001350.jpg
WhatsApp Video 2026-08-11 at 6.55.16 AM.mp4,17,Mild Steel,train,1365,22.75,447,232,150,150,297,82,597,382,300,300,242.43,4.49,TRACKED,RETAINED,data/phase2_roi_crops/retained/WhatsApp_Video_2026-08-11_at_6.55.16_AM/crop_001365.jpg
WhatsApp Video 2026-08-11 at 6.55.16 AM.mp4,17,Mild Steel,train,1380,23.0,446,230,150,150,296,80,596,380,300,300,228.92,7.73,TRACKED,RETAINED,data/phase2_roi_crops/retained/WhatsApp_Video_2026-08-11_at_6.55.16_AM/crop_001380.jpg
WhatsApp Video 2026-08-11 at 6.55.16 AM.mp4,17,Mild Steel,train,1395,23.25,447,236,150,150,297,86,597,386,300,300,217.22,18.24,TRACKED,RETAINED,data/phase2_roi_crops/retained/WhatsApp_Video_2026-08-11_at_6.55.16_AM/crop_001395.jpg
WhatsApp Video 2026-08-11 at 6.55.16 AM.mp4,17,Mild Steel,train,1410,23.5,443,235,150,150,293,85,593,385,300,300,222.56,15.84,TRACKED,RETAINED,data/phase2_roi_crops/retained/WhatsApp_Video_2026-08-11_at_6.55.16_AM/crop_001410.jpg
WhatsApp Video 2026-08-11 at 6.55.16 AM.mp4,17,Mild Steel,train,1425,23.75,443,236,150,150,293,86,593,386,300,300,212.97,9.42,TRACKED,RETAINED,data/phase2_roi_crops/retained/WhatsApp_Video_2026-08-11_at_6.55.16_AM/crop_001425.jpg
WhatsApp Video 2026-08-11 at 6.55.16 AM.mp4,17,Mild Steel,train,1440,24.0,439,238,150,150,289,88,589,388,300,300,204.89,8.56,TRACKED,RETAINED,data/phase2_roi_crops/retained/WhatsApp_Video_2026-08-11_at_6.55.16_AM/crop_001440.jpg
WhatsApp Video 2026-08-11 at 6.55.16 AM.mp4,17,Mild Steel,train,1455,24.25,440,238,150,150,290,88,590,388,300,300,219.18,3.99,TRACKED,RETAINED,data/phase2_roi_crops/retained/WhatsApp_Video_2026-08-11_at_6.55.16_AM/crop_001455.jpg
WhatsApp Video 2026-08-11 at 6.55.16 AM.mp4,17,Mild Steel,train,1470,24.5,439,239,150,150,289,89,589,389,300,300,218.56,5.46,TRACKED,RETAINED,data/phase2_roi_crops/retained/WhatsApp_Video_2026-08-11_at_6.55.16_AM/crop_001470.jpg
WhatsApp Video 2026-08-11 at 6.55.16 AM.mp4,17,Mild Steel,train,1485,24.75,434,238,150,150,284,88,584,388,300,300,208.02,4.33,TRACKED,RETAINED,data/phase2_roi_crops/retained/WhatsApp_Video_2026-08-11_at_6.55.16_AM/crop_001485.jpg
WhatsApp Video 2026-08-11 at 6.55.16 AM.mp4,17,Mild Steel,train,1500,25.0,435,237,150,150,285,87,585,387,300,300,318.97,5.09,TRACKED,RETAINED,data/phase2_roi_crops/retained/WhatsApp_Video_2026-08-11_at_6.55.16_AM/crop_001500.jpg
WhatsApp Video 2026-08-11 at 6.55.16 AM.mp4,17,Mild Steel,train,1515,25.25,440,238,150,150,290,88,590,388,300,300,229.93,9.45,TRACKED,RETAINED,data/phase2_roi_crops/retained/WhatsApp_Video_2026-08-11_at_6.55.16_AM/crop_001515.jpg
WhatsApp Video 2026-08-11 at 6.55.16 AM.mp4,17,Mild Steel,train,1530,25.5,437,237,150,150,287,87,587,387,300,300,216.44,27.34,TRACKED,RETAINED,data/phase2_roi_crops/retained/WhatsApp_Video_2026-08-11_at_6.55.16_AM/crop_001530.jpg
WhatsApp Video 2026-08-11 at 6.55.14 AM.mp4,13,Copper,train,0,0.0,453,199,150,150,303,49,603,349,300,300,174.67,0.0,TRACKED,RETAINED,data/phase2_roi_crops/retained/WhatsApp_Video_2026-08-11_at_6.55.14_AM/crop_000000.jpg
WhatsApp Video 2026-08-11 at 6.55.14 AM.mp4,13,Copper,train,15,0.25,451,199,150,150,301,49,601,349,300,300,120.38,20.94,TRACKED,RETAINED,data/phase2_roi_crops/retained/WhatsApp_Video_2026-08-11_at_6.55.14_AM/crop_000015.jpg
WhatsApp Video 2026-08-11 at 6.55.14 AM.mp4,13,Copper,train,30,0.5,452,202,150,150,302,52,602,352,300,300,108.24,20.8,TRACKED,RETAINED,data/phase2_roi_crops/retained/WhatsApp_Video_2026-08-11_at_6.55.14_AM/crop_000030.jpg
WhatsApp Video 2026-08-11 at 6.55.14 AM.mp4,13,Copper,train,45,0.75,452,198,150,150,302,48,602,348,300,300,111.19,28.89,TRACKED,RETAINED,data/phase2_roi_crops/retained/WhatsApp_Video_2026-08-11_at_6.55.14_AM/crop_000045.jpg
WhatsApp Video 2026-08-11 at 6.55.14 AM.mp4,13,Copper,train,60,1.0,450,200,150,150,300,50,600,350,300,300,129.76,9.62,TRACKED,RETAINED,data/phase2_roi_crops/retained/WhatsApp_Video_2026-08-11_at_6.55.14_AM/crop_000060.jpg
WhatsApp Video 2026-08-11 at 6.55.14 AM.mp4,13,Copper,train,75,1.25,455,199,150,150,305,49,605,349,300,300,113.15,9.65,TRACKED,RETAINED,data/phase2_roi_crops/retained/WhatsApp_Video_2026-08-11_at_6.55.14_AM/crop_000075.jpg
WhatsApp Video 2026-08-11 at 6.55.14 AM.mp4,13,Copper,train,90,1.5,453,195,150,150,303,45,603,345,300,300,131.37,14.61,TRACKED,RETAINED,data/phase2_roi_crops/retained/WhatsApp_Video_2026-08-11_at_6.55.14_AM/crop_000090.jpg
WhatsApp Video 2026-08-11 at 6.55.14 AM.mp4,13,Copper,train,105,1.75,455,191,150,150,305,41,605,341,300,300,111.11,27.51,TRACKED,RETAINED,data/phase2_roi_crops/retained/WhatsApp_Video_2026-08-11_at_6.55.14_AM/crop_000105.jpg
WhatsApp Video 2026-08-11 at 6.55.14 AM.mp4,13,Copper,train,120,2.0,455,192,150,150,305,42,605,342,300,300,92.08,39.27,TRACKED,RETAINED,data/phase2_roi_crops/retained/WhatsApp_Video_2026-08-11_at_6.55.14_AM/crop_000120.jpg
WhatsApp Video 2026-08-11 at 6.55.14 AM.mp4,13,Copper,train,135,2.25,455,197,150,150,305,47,605,347,300,300,97.86,38.07,TRACKED,RETAINED,data/phase2_roi_crops/retained/WhatsApp_Video_2026-08-11_at_6.55.14_AM/crop_000135.jpg
WhatsApp Video 2026-08-11 at 6.55.14 AM.mp4,13,Copper,train,150,2.5,457,193,150,150,307,43,607,343,300,300,102.18,24.08,TRACKED,RETAINED,data/phase2_roi_crops/retained/WhatsApp_Video_2026-08-11_at_6.55.14_AM/crop_000150.jpg
WhatsApp Video 2026-08-11 at 6.55.14 AM.mp4,13,Copper,train,165,2.75,449,189,150,150,299,39,599,339,300,300,97.61,24.52,TRACKED,RETAINED,data/phase2_roi_crops/retained/WhatsApp_Video_2026-08-11_at_6.55.14_AM/crop_000165.jpg
WhatsApp Video 2026-08-11 at 6.55.14 AM.mp4,13,Copper,train,180,3.0,457,195,150,150,307,45,607,345,300,300,102.64,12.77,TRACKED,RETAINED,data/phase2_roi_crops/retained/WhatsApp_Video_2026-08-11_at_6.55.14_AM/crop_000180.jpg
WhatsApp Video 2026-08-11 at 6.55.14 AM.mp4,13,Copper,train,195,3.25,454,191,150,150,304,41,604,341,300,300,103.64,25.5,TRACKED,RETAINED,data/phase2_roi_crops/retained/WhatsApp_Video_2026-08-11_at_6.55.14_AM/crop_000195.jpg
WhatsApp Video 2026-08-11 at 6.55.14 AM.mp4,13,Copper,train,210,3.5,454,189,150,150,304,39,604,339,300,300,111.93,19.51,TRACKED,RETAINED,data/phase2_roi_crops/retained/WhatsApp_Video_2026-08-11_at_6.55.14_AM/crop_000210.jpg
WhatsApp Video 2026-08-11 at 6.55.14 AM.mp4,13,Copper,train,225,3.75,454,188,150,150,304,38,604,338,300,300,99.84,17.08,TRACKED,RETAINED,data/phase2_roi_crops/retained/WhatsApp_Video_2026-08-11_at_6.55.14_AM/crop_000225.jpg
WhatsApp Video 2026-08-11 at 6.55.14 AM.mp4,13,Copper,train,240,4.0,458,189,150,150,308,39,608,339,300,300,120.46,20.42,TRACKED,RETAINED,data/phase2_roi_crops/retained/WhatsApp_Video_2026-08-11_at_6.55.14_AM/crop_000240.jpg
WhatsApp Video 2026-08-11 at 6.55.14 AM.mp4,13,Copper,train,255,4.25,454,187,150,150,304,37,604,337,300,300,122.88,19.11,TRACKED,RETAINED,data/phase2_roi_crops/retained/WhatsApp_Video_2026-08-11_at_6.55.14_AM/crop_000255.jpg
WhatsApp Video 2026-08-11 at 6.55.14 AM.mp4,13,Copper,train,270,4.5,457,187,150,150,307,37,607,337,300,300,112.05,16.42,TRACKED,RETAINED,data/phase2_roi_crops/retained/WhatsApp_Video_2026-08-11_at_6.55.14_AM/crop_000270.jpg
WhatsApp Video 2026-08-11 at 6.55.14 AM.mp4,13,Copper,train,285,4.75,454,183,150,150,304,33,604,333,300,300,123.89,22.65,TRACKED,RETAINED,data/phase2_roi_crops/retained/WhatsApp_Video_2026-08-11_at_6.55.14_AM/crop_000285.jpg
WhatsApp Video 2026-08-11 at 6.55.14 AM.mp4,13,Copper,train,300,5.0,452,188,150,150,302,38,602,338,300,300,191.12,13.92,TRACKED,RETAINED,data/phase2_roi_crops/retained/WhatsApp_Video_2026-08-11_at_6.55.14_AM/crop_000300.jpg
WhatsApp Video 2026-08-11 at 6.55.14 AM.mp4,13,Copper,train,315,5.25,455,185,150,150,305,35,605,335,300,300,168.77,19.75,TRACKED,RETAINED,data/phase2_roi_crops/retained/WhatsApp_Video_2026-08-11_at_6.55.14_AM/crop_000315.jpg
WhatsApp Video 2026-08-11 at 6.55.14 AM.mp4,13,Copper,train,330,5.5,454,183,150,150,304,33,604,333,300,300,170.53,29.39,TRACKED,RETAINED,data/phase2_roi_crops/retained/WhatsApp_Video_2026-08-11_at_6.55.14_AM/crop_000330.jpg
WhatsApp Video 2026-08-11 at 6.55.14 AM.mp4,13,Copper,train,345,5.75,454,183,150,150,304,33,604,333,300,300,147.31,17.51,TRACKED,RETAINED,data/phase2_roi_crops/retained/WhatsApp_Video_2026-08-11_at_6.55.14_AM/crop_000345.jpg
WhatsApp Video 2026-08-11 at 6.55.14 AM.mp4,13,Copper,train,360,6.0,454,186,150,150,304,36,604,336,300,300,118.63,22.79,TRACKED,RETAINED,data/phase2_roi_crops/retained/WhatsApp_Video_2026-08-11_at_6.55.14_AM/crop_000360.jpg
WhatsApp Video 2026-08-11 at 6.55.14 AM.mp4,13,Copper,train,375,6.25,455,181,150,150,305,31,605,331,300,300,125.9,25.36,TRACKED,RETAINED,data/phase2_roi_crops/retained/WhatsApp_Video_2026-08-11_at_6.55.14_AM/crop_000375.jpg
WhatsApp Video 2026-08-11 at 6.55.14 AM.mp4,13,Copper,train,390,6.5,452,177,150,150,302,27,602,327,300,300,157.99,17.94,TRACKED,RETAINED,data/phase2_roi_crops/retained/WhatsApp_Video_2026-08-11_at_6.55.14_AM/crop_000390.jpg
WhatsApp Video 2026-08-11 at 6.55.14 AM.mp4,13,Copper,train,405,6.75,454,182,150,150,304,32,604,332,300,300,126.82,21.1,TRACKED,RETAINED,data/phase2_roi_crops/retained/WhatsApp_Video_2026-08-11_at_6.55.14_AM/crop_000405.jpg
WhatsApp Video 2026-08-11 at 6.55.14 AM.mp4,13,Copper,train,420,7.0,454,182,150,150,304,32,604,332,300,300,139.36,9.35,TRACKED,RETAINED,data/phase2_roi_crops/retained/WhatsApp_Video_2026-08-11_at_6.55.14_AM/crop_000420.jpg
WhatsApp Video 2026-08-11 at 6.55.14 AM.mp4,13,Copper,train,435,7.25,454,179,150,150,304,29,604,329,300,300,115.44,15.1,TRACKED,RETAINED,data/phase2_roi_crops/retained/WhatsApp_Video_2026-08-11_at_6.55.14_AM/crop_000435.jpg
WhatsApp Video 2026-08-11 at 6.55.14 AM.mp4,13,Copper,train,450,7.5,456,180,150,150,306,30,606,330,300,300,139.13,16.09,TRACKED,RETAINED,data/phase2_roi_crops/retained/WhatsApp_Video_2026-08-11_at_6.55.14_AM/crop_000450.jpg
WhatsApp Video 2026-08-11 at 6.55.14 AM.mp4,13,Copper,train,465,7.75,452,175,150,150,302,25,602,325,300,300,144.66,17.85,TRACKED,RETAINED,data/phase2_roi_crops/retained/WhatsApp_Video_2026-08-11_at_6.55.14_AM/crop_000465.jpg
WhatsApp Video 2026-08-11 at 6.55.14 AM.mp4,13,Copper,train,480,8.0,454,177,150,150,304,27,604,327,300,300,110.46,24.95,TRACKED,RETAINED,data/phase2_roi_crops/retained/WhatsApp_Video_2026-08-11_at_6.55.14_AM/crop_000480.jpg
WhatsApp Video 2026-08-11 at 6.55.14 AM.mp4,13,Copper,train,495,8.25,454,174,150,150,304,24,604,324,300,300,119.52,12.04,TRACKED,RETAINED,data/phase2_roi_crops/retained/WhatsApp_Video_2026-08-11_at_6.55.14_AM/crop_000495.jpg
WhatsApp Video 2026-08-11 at 6.55.14 AM.mp4,13,Copper,train,510,8.5,450,174,150,150,300,24,600,324,300,300,118.76,14.2,TRACKED,RETAINED,data/phase2_roi_crops/retained/WhatsApp_Video_2026-08-11_at_6.55.14_AM/crop_000510.jpg
WhatsApp Video 2026-08-11 at 6.55.14 AM.mp4,13,Copper,train,525,8.75,455,174,150,150,305,24,605,324,300,300,104.94,24.98,TRACKED,RETAINED,data/phase2_roi_crops/retained/WhatsApp_Video_2026-08-11_at_6.55.14_AM/crop_000525.jpg
WhatsApp Video 2026-08-11 at 6.55.14 AM.mp4,13,Copper,train,540,9.0,456,175,150,150,306,25,606,325,300,300,98.82,13.6,TRACKED,RETAINED,data/phase2_roi_crops/retained/WhatsApp_Video_2026-08-11_at_6.55.14_AM/crop_000540.jpg
WhatsApp Video 2026-08-11 at 6.55.14 AM.mp4,13,Copper,train,555,9.25,454,173,150,150,304,23,604,323,300,300,139.52,29.47,TRACKED,RETAINED,data/phase2_roi_crops/retained/WhatsApp_Video_2026-08-11_at_6.55.14_AM/crop_000555.jpg
WhatsApp Video 2026-08-11 at 6.55.14 AM.mp4,13,Copper,train,570,9.5,452,171,150,150,302,21,602,321,300,300,129.22,31.62,TRACKED,RETAINED,data/phase2_roi_crops/retained/WhatsApp_Video_2026-08-11_at_6.55.14_AM/crop_000570.jpg
WhatsApp Video 2026-08-11 at 6.55.14 AM.mp4,13,Copper,train,585,9.75,452,171,150,150,302,21,602,321,300,300,140.22,24.4,TRACKED,RETAINED,data/phase2_roi_crops/retained/WhatsApp_Video_2026-08-11_at_6.55.14_AM/crop_000585.jpg
WhatsApp Video 2026-08-11 at 6.55.14 AM.mp4,13,Copper,train,600,10.0,454,170,150,150,304,20,604,320,300,300,256.11,6.8,TRACKED,RETAINED,data/phase2_roi_crops/retained/WhatsApp_Video_2026-08-11_at_6.55.14_AM/crop_000600.jpg
WhatsApp Video 2026-08-11 at 6.55.14 AM.mp4,13,Copper,train,615,10.25,452,170,150,150,302,20,602,320,300,300,159.43,10.85,TRACKED,RETAINED,data/phase2_roi_crops/retained/WhatsApp_Video_2026-08-11_at_6.55.14_AM/crop_000615.jpg
WhatsApp Video 2026-08-11 at 6.55.14 AM.mp4,13,Copper,train,630,10.5,452,168,150,150,302,18,602,318,300,300,156.31,16.89,TRACKED,RETAINED,data/phase2_roi_crops/retained/WhatsApp_Video_2026-08-11_at_6.55.14_AM/crop_000630.jpg
WhatsApp Video 2026-08-11 at 6.55.14 AM.mp4,13,Copper,train,645,10.75,457,168,150,150,307,18,607,318,300,300,171.18,13.23,TRACKED,RETAINED,data/phase2_roi_crops/retained/WhatsApp_Video_2026-08-11_at_6.55.14_AM/crop_000645.jpg
WhatsApp Video 2026-08-11 at 6.55.14 AM.mp4,13,Copper,train,660,11.0,455,168,150,150,305,18,605,318,300,300,155.32,17.07,TRACKED,RETAINED,data/phase2_roi_crops/retained/WhatsApp_Video_2026-08-11_at_6.55.14_AM/crop_000660.jpg
WhatsApp Video 2026-08-11 at 6.55.14 AM.mp4,13,Copper,train,675,11.25,455,164,150,150,305,14,605,314,300,300,145.34,19.35,TRACKED,RETAINED,data/phase2_roi_crops/retained/WhatsApp_Video_2026-08-11_at_6.55.14_AM/crop_000675.jpg
WhatsApp Video 2026-08-11 at 6.55.14 AM.mp4,13,Copper,train,690,11.5,457,168,150,150,307,18,607,318,300,300,118.57,22.74,TRACKED,RETAINED,data/phase2_roi_crops/retained/WhatsApp_Video_2026-08-11_at_6.55.14_AM/crop_000690.jpg
WhatsApp Video 2026-08-11 at 6.55.14 AM.mp4,13,Copper,train,705,11.75,453,163,150,150,303,13,603,313,300,300,123.85,10.64,TRACKED,RETAINED,data/phase2_roi_crops/retained/WhatsApp_Video_2026-08-11_at_6.55.14_AM/crop_000705.jpg
WhatsApp Video 2026-08-11 at 6.55.14 AM.mp4,13,Copper,train,720,12.0,453,166,150,150,303,16,603,316,300,300,116.76,24.54,TRACKED,RETAINED,data/phase2_roi_crops/retained/WhatsApp_Video_2026-08-11_at_6.55.14_AM/crop_000720.jpg
WhatsApp Video 2026-08-11 at 6.55.14 AM.mp4,13,Copper,train,735,12.25,451,165,150,150,301,15,601,315,300,300,141.12,12.39,TRACKED,RETAINED,data/phase2_roi_crops/retained/WhatsApp_Video_2026-08-11_at_6.55.14_AM/crop_000735.jpg
WhatsApp Video 2026-08-11 at 6.55.14 AM.mp4,13,Copper,train,750,12.5,451,166,150,150,301,16,601,316,300,300,138.54,7.36,TRACKED,RETAINED,data/phase2_roi_crops/retained/WhatsApp_Video_2026-08-11_at_6.55.14_AM/crop_000750.jpg
WhatsApp Video 2026-08-11 at 6.55.14 AM.mp4,13,Copper,train,765,12.75,453,161,150,150,303,11,603,311,300,300,131.23,11.73,TRACKED,RETAINED,data/phase2_roi_crops/retained/WhatsApp_Video_2026-08-11_at_6.55.14_AM/crop_000765.jpg
WhatsApp Video 2026-08-11 at 6.55.14 AM.mp4,13,Copper,train,780,13.0,452,161,150,150,302,11,602,311,300,300,122.86,6.52,TRACKED,RETAINED,data/phase2_roi_crops/retained/WhatsApp_Video_2026-08-11_at_6.55.14_AM/crop_000780.jpg
WhatsApp Video 2026-08-11 at 6.55.14 AM.mp4,13,Copper,train,795,13.25,450,161,150,150,300,11,600,311,300,300,111.55,4.78,TRACKED,RETAINED,data/phase2_roi_crops/retained/WhatsApp_Video_2026-08-11_at_6.55.14_AM/crop_000795.jpg
WhatsApp Video 2026-08-11 at 6.55.14 AM.mp4,13,Copper,train,810,13.5,450,163,150,150,300,13,600,313,300,300,116.99,3.83,TRACKED,RETAINED,data/phase2_roi_crops/retained/WhatsApp_Video_2026-08-11_at_6.55.14_AM/crop_000810.jpg
WhatsApp Video 2026-08-11 at 6.55.14 AM.mp4,13,Copper,train,825,13.75,452,163,150,150,302,13,602,313,300,300,120.45,7.07,TRACKED,RETAINED,data/phase2_roi_crops/retained/WhatsApp_Video_2026-08-11_at_6.55.14_AM/crop_000825.jpg
WhatsApp Video 2026-08-11 at 6.55.14 AM.mp4,13,Copper,train,840,14.0,450,164,150,150,300,14,600,314,300,300,130.84,5.76,TRACKED,RETAINED,data/phase2_roi_crops/retained/WhatsApp_Video_2026-08-11_at_6.55.14_AM/crop_000840.jpg
WhatsApp Video 2026-08-11 at 6.55.14 AM.mp4,13,Copper,train,855,14.25,449,164,150,150,299,14,599,314,300,300,116.16,3.64,TRACKED,RETAINED,data/phase2_roi_crops/retained/WhatsApp_Video_2026-08-11_at_6.55.14_AM/crop_000855.jpg
WhatsApp Video 2026-08-11 at 6.55.14 AM.mp4,13,Copper,train,870,14.5,447,163,150,150,297,13,597,313,300,300,135.87,3.69,TRACKED,RETAINED,data/phase2_roi_crops/retained/WhatsApp_Video_2026-08-11_at_6.55.14_AM/crop_000870.jpg
WhatsApp Video 2026-08-11 at 6.55.14 AM.mp4,13,Copper,train,885,14.75,446,163,150,150,296,13,596,313,300,300,124.94,5.24,TRACKED,RETAINED,data/phase2_roi_crops/retained/WhatsApp_Video_2026-08-11_at_6.55.14_AM/crop_000885.jpg
WhatsApp Video 2026-08-11 at 6.55.14 AM.mp4,13,Copper,train,900,15.0,444,162,150,150,294,12,594,312,300,300,234.67,4.2,TRACKED,RETAINED,data/phase2_roi_crops/retained/WhatsApp_Video_2026-08-11_at_6.55.14_AM/crop_000900.jpg
WhatsApp Video 2026-08-11 at 6.55.14 AM.mp4,13,Copper,train,915,15.25,442,161,150,150,292,11,592,311,300,300,154.34,3.42,TRACKED,RETAINED,data/phase2_roi_crops/retained/WhatsApp_Video_2026-08-11_at_6.55.14_AM/crop_000915.jpg
WhatsApp Video 2026-08-11 at 6.55.14 AM.mp4,13,Copper,train,930,15.5,442,161,150,150,292,11,592,311,300,300,161.48,7.95,TRACKED,RETAINED,data/phase2_roi_crops/retained/WhatsApp_Video_2026-08-11_at_6.55.14_AM/crop_000930.jpg
WhatsApp Video 2026-08-11 at 6.55.14 AM.mp4,13,Copper,train,945,15.75,441,160,150,150,291,10,591,310,300,300,149.65,7.54,TRACKED,RETAINED,data/phase2_roi_crops/retained/WhatsApp_Video_2026-08-11_at_6.55.14_AM/crop_000945.jpg
WhatsApp Video 2026-08-11 at 6.55.14 AM.mp4,13,Copper,train,960,16.0,443,160,150,150,293,10,593,310,300,300,161.75,2.89,TRACKED,RETAINED,data/phase2_roi_crops/retained/WhatsApp_Video_2026-08-11_at_6.55.14_AM/crop_000960.jpg
WhatsApp Video 2026-08-11 at 6.55.14 AM.mp4,13,Copper,train,975,16.25,442,159,150,150,292,9,592,309,300,300,148.38,3.39,TRACKED,RETAINED,data/phase2_roi_crops/retained/WhatsApp_Video_2026-08-11_at_6.55.14_AM/crop_000975.jpg
WhatsApp Video 2026-08-11 at 6.55.14 AM.mp4,13,Copper,train,990,16.5,443,164,150,150,293,14,593,314,300,300,131.64,7.68,TRACKED,RETAINED,data/phase2_roi_crops/retained/WhatsApp_Video_2026-08-11_at_6.55.14_AM/crop_000990.jpg
WhatsApp Video 2026-08-11 at 6.55.14 AM.mp4,13,Copper,train,1005,16.75,442,163,150,150,292,13,592,313,300,300,146.21,17.03,TRACKED,RETAINED,data/phase2_roi_crops/retained/WhatsApp_Video_2026-08-11_at_6.55.14_AM/crop_001005.jpg
WhatsApp Video 2026-08-11 at 6.55.14 AM.mp4,13,Copper,train,1020,17.0,442,161,150,150,292,11,592,311,300,300,142.72,13.79,TRACKED,RETAINED,data/phase2_roi_crops/retained/WhatsApp_Video_2026-08-11_at_6.55.14_AM/crop_001020.jpg
WhatsApp Video 2026-08-11 at 6.55.14 AM.mp4,13,Copper,train,1035,17.25,441,163,150,150,291,13,591,313,300,300,153.64,4.71,TRACKED,RETAINED,data/phase2_roi_crops/retained/WhatsApp_Video_2026-08-11_at_6.55.14_AM/crop_001035.jpg
WhatsApp Video 2026-08-11 at 6.55.14 AM.mp4,13,Copper,train,1050,17.5,438,165,150,150,288,15,588,315,300,300,154.44,5.39,TRACKED,RETAINED,data/phase2_roi_crops/retained/WhatsApp_Video_2026-08-11_at_6.55.14_AM/crop_001050.jpg
WhatsApp Video 2026-08-11 at 6.55.14 AM.mp4,13,Copper,train,1065,17.75,434,163,150,150,284,13,584,313,300,300,154.43,9.1,TRACKED,RETAINED,data/phase2_roi_crops/retained/WhatsApp_Video_2026-08-11_at_6.55.14_AM/crop_001065.jpg
WhatsApp Video 2026-08-11 at 6.55.14 AM.mp4,13,Copper,train,1080,18.0,438,161,150,150,288,11,588,311,300,300,167.14,17.15,TRACKED,RETAINED,data/phase2_roi_crops/retained/WhatsApp_Video_2026-08-11_at_6.55.14_AM/crop_001080.jpg
WhatsApp Video 2026-08-11 at 6.55.14 AM.mp4,13,Copper,train,1095,18.25,437,161,150,150,287,11,587,311,300,300,155.94,4.54,TRACKED,RETAINED,data/phase2_roi_crops/retained/WhatsApp_Video_2026-08-11_at_6.55.14_AM/crop_001095.jpg
WhatsApp Video 2026-08-11 at 6.55.14 AM.mp4,13,Copper,train,1110,18.5,437,158,150,150,287,8,587,308,300,300,157.21,3.69,TRACKED,RETAINED,data/phase2_roi_crops/retained/WhatsApp_Video_2026-08-11_at_6.55.14_AM/crop_001110.jpg
WhatsApp Video 2026-08-11 at 6.55.14 AM.mp4,13,Copper,train,1125,18.75,436,158,150,150,286,8,586,308,300,300,148.72,3.72,TRACKED,RETAINED,data/phase2_roi_crops/retained/WhatsApp_Video_2026-08-11_at_6.55.14_AM/crop_001125.jpg
WhatsApp Video 2026-08-11 at 6.55.14 AM.mp4,13,Copper,train,1140,19.0,434,158,150,150,284,8,584,308,300,300,158.51,5.02,TRACKED,RETAINED,data/phase2_roi_crops/retained/WhatsApp_Video_2026-08-11_at_6.55.14_AM/crop_001140.jpg
WhatsApp Video 2026-08-11 at 6.55.14 AM.mp4,13,Copper,train,1155,19.25,433,158,150,150,283,8,583,308,300,300,145.5,9.83,TRACKED,RETAINED,data/phase2_roi_crops/retained/WhatsApp_Video_2026-08-11_at_6.55.14_AM/crop_001155.jpg
WhatsApp Video 2026-08-11 at 6.55.14 AM.mp4,13,Copper,train,1170,19.5,433,156,150,150,283,6,583,306,300,300,153.62,7.44,TRACKED,RETAINED,data/phase2_roi_crops/retained/WhatsApp_Video_2026-08-11_at_6.55.14_AM/crop_001170.jpg
WhatsApp Video 2026-08-11 at 6.55.14 AM.mp4,13,Copper,train,1185,19.75,434,160,150,150,284,10,584,310,300,300,147.13,17.15,TRACKED,RETAINED,data/phase2_roi_crops/retained/WhatsApp_Video_2026-08-11_at_6.55.14_AM/crop_001185.jpg
WhatsApp Video 2026-08-11 at 6.55.14 AM.mp4,13,Copper,train,1200,20.0,435,158,150,150,285,8,585,308,300,300,263.93,9.15,TRACKED,RETAINED,data/phase2_roi_crops/retained/WhatsApp_Video_2026-08-11_at_6.55.14_AM/crop_001200.jpg
WhatsApp Video 2026-08-11 at 6.55.14 AM.mp4,13,Copper,train,1215,20.25,432,159,150,150,282,9,582,309,300,300,187.77,14.32,TRACKED,RETAINED,data/phase2_roi_crops/retained/WhatsApp_Video_2026-08-11_at_6.55.14_AM/crop_001215.jpg
WhatsApp Video 2026-08-11 at 6.55.14 AM.mp4,13,Copper,train,1230,20.5,434,157,150,150,284,7,584,307,300,300,152.25,7.03,TRACKED,RETAINED,data/phase2_roi_crops/retained/WhatsApp_Video_2026-08-11_at_6.55.14_AM/crop_001230.jpg
WhatsApp Video 2026-08-11 at 6.55.14 AM.mp4,13,Copper,train,1245,20.75,431,158,150,150,281,8,581,308,300,300,158.63,17.53,TRACKED,RETAINED,data/phase2_roi_crops/retained/WhatsApp_Video_2026-08-11_at_6.55.14_AM/crop_001245.jpg
WhatsApp Video 2026-08-11 at 6.55.14 AM.mp4,13,Copper,train,1260,21.0,428,159,150,150,278,9,578,309,300,300,154.42,16.1,TRACKED,RETAINED,data/phase2_roi_crops/retained/WhatsApp_Video_2026-08-11_at_6.55.14_AM/crop_001260.jpg
WhatsApp Video 2026-08-11 at 6.55.14 AM.mp4,13,Copper,train,1275,21.25,428,159,150,150,278,9,578,309,300,300,140.06,8.96,TRACKED,RETAINED,data/phase2_roi_crops/retained/WhatsApp_Video_2026-08-11_at_6.55.14_AM/crop_001275.jpg
WhatsApp Video 2026-08-11 at 6.55.14 AM.mp4,13,Copper,train,1290,21.5,426,157,150,150,276,7,576,307,300,300,134.86,6.65,TRACKED,RETAINED,data/phase2_roi_crops/retained/WhatsApp_Video_2026-08-11_at_6.55.14_AM/crop_001290.jpg
WhatsApp Video 2026-08-11 at 6.55.14 AM.mp4,13,Copper,train,1305,21.75,426,159,150,150,276,9,576,309,300,300,160.75,17.87,TRACKED,RETAINED,data/phase2_roi_crops/retained/WhatsApp_Video_2026-08-11_at_6.55.14_AM/crop_001305.jpg
WhatsApp Video 2026-08-11 at 6.55.14 AM.mp4,13,Copper,train,1320,22.0,425,161,150,150,275,11,575,311,300,300,142.12,7.16,TRACKED,RETAINED,data/phase2_roi_crops/retained/WhatsApp_Video_2026-08-11_at_6.55.14_AM/crop_001320.jpg
WhatsApp Video 2026-08-11 at 6.55.14 AM.mp4,13,Copper,train,1335,22.25,422,163,150,150,272,13,572,313,300,300,128.25,8.89,TRACKED,RETAINED,data/phase2_roi_crops/retained/WhatsApp_Video_2026-08-11_at_6.55.14_AM/crop_001335.jpg
WhatsApp Video 2026-08-11 at 6.55.14 AM.mp4,13,Copper,train,1350,22.5,422,158,150,150,272,8,572,308,300,300,163.28,21.44,TRACKED,RETAINED,data/phase2_roi_crops/retained/WhatsApp_Video_2026-08-11_at_6.55.14_AM/crop_001350.jpg
WhatsApp Video 2026-08-11 at 6.55.14 AM.mp4,13,Copper,train,1365,22.75,423,161,150,150,273,11,573,311,300,300,155.66,6.21,TRACKED,RETAINED,data/phase2_roi_crops/retained/WhatsApp_Video_2026-08-11_at_6.55.14_AM/crop_001365.jpg
WhatsApp Video 2026-08-11 at 6.55.14 AM.mp4,13,Copper,train,1380,23.0,422,160,150,150,272,10,572,310,300,300,137.19,5.34,TRACKED,RETAINED,data/phase2_roi_crops/retained/WhatsApp_Video_2026-08-11_at_6.55.14_AM/crop_001380.jpg
WhatsApp Video 2026-08-11 at 6.55.14 AM.mp4,13,Copper,train,1395,23.25,423,161,150,150,273,11,573,311,300,300,148.59,6.54,TRACKED,RETAINED,data/phase2_roi_crops/retained/WhatsApp_Video_2026-08-11_at_6.55.14_AM/crop_001395.jpg
WhatsApp Video 2026-08-11 at 6.55.14 AM.mp4,13,Copper,train,1410,23.5,423,161,150,150,273,11,573,311,300,300,137.13,8.03,TRACKED,RETAINED,data/phase2_roi_crops/retained/WhatsApp_Video_2026-08-11_at_6.55.14_AM/crop_001410.jpg
WhatsApp Video 2026-08-11 at 6.55.14 AM.mp4,13,Copper,train,1425,23.75,420,159,150,150,270,9,570,309,300,300,155.43,17.62,TRACKED,RETAINED,data/phase2_roi_crops/retained/WhatsApp_Video_2026-08-11_at_6.55.14_AM/crop_001425.jpg
WhatsApp Video 2026-08-11 at 6.55.14 AM.mp4,13,Copper,train,1440,24.0,419,160,150,150,269,10,569,310,300,300,150.82,7.47,TRACKED,RETAINED,data/phase2_roi_crops/retained/WhatsApp_Video_2026-08-11_at_6.55.14_AM/crop_001440.jpg
WhatsApp Video 2026-08-11 at 6.55.14 AM.mp4,13,Copper,train,1455,24.25,423,163,150,150,273,13,573,313,300,300,147.28,4.88,TRACKED,RETAINED,data/phase2_roi_crops/retained/WhatsApp_Video_2026-08-11_at_6.55.14_AM/crop_001455.jpg
WhatsApp Video 2026-08-11 at 6.55.14 AM.mp4,13,Copper,train,1470,24.5,419,162,150,150,269,12,569,312,300,300,140.78,11.67,TRACKED,RETAINED,data/phase2_roi_crops/retained/WhatsApp_Video_2026-08-11_at_6.55.14_AM/crop_001470.jpg
WhatsApp Video 2026-08-11 at 6.55.14 AM.mp4,13,Copper,train,1485,24.75,418,162,150,150,268,12,568,312,300,300,137.29,11.83,TRACKED,RETAINED,data/phase2_roi_crops/retained/WhatsApp_Video_2026-08-11_at_6.55.14_AM/crop_001485.jpg
WhatsApp Video 2026-08-11 at 6.55.14 AM.mp4,13,Copper,train,1500,25.0,415,163,150,150,265,13,565,313,300,300,241.67,11.0,TRACKED,RETAINED,data/phase2_roi_crops/retained/WhatsApp_Video_2026-08-11_at_6.55.14_AM/crop_001500.jpg
WhatsApp Video 2026-08-11 at 6.55.14 AM.mp4,13,Copper,train,1515,25.25,417,162,150,150,267,12,567,312,300,300,167.82,13.19,TRACKED,RETAINED,data/phase2_roi_crops/retained/WhatsApp_Video_2026-08-11_at_6.55.14_AM/crop_001515.jpg
WhatsApp Video 2026-08-11 at 6.55.14 AM.mp4,13,Copper,train,1530,25.5,415,163,150,150,265,13,565,313,300,300,166.99,4.82,TRACKED,RETAINED,data/phase2_roi_crops/retained/WhatsApp_Video_2026-08-11_at_6.55.14_AM/crop_001530.jpg
WhatsApp Video 2026-08-11 at 6.55.14 AM.mp4,13,Copper,train,1545,25.75,414,166,150,150,264,16,564,316,300,300,151.45,8.38,TRACKED,RETAINED,data/phase2_roi_crops/retained/WhatsApp_Video_2026-08-11_at_6.55.14_AM/crop_001545.jpg
WhatsApp Video 2026-08-11 at 6.55.14 AM.mp4,13,Copper,train,1560,26.0,415,164,150,150,265,14,565,314,300,300,161.41,5.79,TRACKED,RETAINED,data/phase2_roi_crops/retained/WhatsApp_Video_2026-08-11_at_6.55.14_AM/crop_001560.jpg
WhatsApp Video 2026-08-11 at 6.55.14 AM.mp4,13,Copper,train,1575,26.25,417,168,150,150,267,18,567,318,300,300,156.89,20.09,TRACKED,RETAINED,data/phase2_roi_crops/retained/WhatsApp_Video_2026-08-11_at_6.55.14_AM/crop_001575.jpg
WhatsApp Video 2026-08-11 at 6.55.14 AM.mp4,13,Copper,train,1590,26.5,418,170,150,150,268,20,568,320,300,300,129.83,18.12,TRACKED,RETAINED,data/phase2_roi_crops/retained/WhatsApp_Video_2026-08-11_at_6.55.14_AM/crop_001590.jpg
WhatsApp Video 2026-08-11 at 6.55.14 AM.mp4,13,Copper,train,1605,26.75,416,168,150,150,266,18,566,318,300,300,131.16,7.01,TRACKED,RETAINED,data/phase2_roi_crops/retained/WhatsApp_Video_2026-08-11_at_6.55.14_AM/crop_001605.jpg
WhatsApp Video 2026-08-11 at 6.55.14 AM.mp4,13,Copper,train,1620,27.0,415,170,150,150,265,20,565,320,300,300,137.86,5.95,TRACKED,RETAINED,data/phase2_roi_crops/retained/WhatsApp_Video_2026-08-11_at_6.55.14_AM/crop_001620.jpg
WhatsApp Video 2026-08-11 at 6.55.14 AM.mp4,13,Copper,train,1635,27.25,413,170,150,150,263,20,563,320,300,300,120.93,10.9,TRACKED,RETAINED,data/phase2_roi_crops/retained/WhatsApp_Video_2026-08-11_at_6.55.14_AM/crop_001635.jpg
WhatsApp Video 2026-08-11 at 6.55.14 AM.mp4,13,Copper,train,1650,27.5,410,175,150,150,260,25,560,325,300,300,117.28,5.19,TRACKED,RETAINED,data/phase2_roi_crops/retained/WhatsApp_Video_2026-08-11_at_6.55.14_AM/crop_001650.jpg
WhatsApp Video 2026-08-11 at 6.55.14 AM.mp4,13,Copper,train,1665,27.75,410,178,150,150,260,28,560,328,300,300,114.76,4.27,TRACKED,RETAINED,data/phase2_roi_crops/retained/WhatsApp_Video_2026-08-11_at_6.55.14_AM/crop_001665.jpg
WhatsApp Video 2026-08-11 at 6.55.14 AM.mp4,13,Copper,train,1680,28.0,410,179,150,150,260,29,560,329,300,300,102.4,4.7,TRACKED,RETAINED,data/phase2_roi_crops/retained/WhatsApp_Video_2026-08-11_at_6.55.14_AM/crop_001680.jpg
WhatsApp Video 2026-08-11 at 6.55.14 AM.mp4,13,Copper,train,1695,28.25,412,176,150,150,262,26,562,326,300,300,114.15,14.84,TRACKED,RETAINED,data/phase2_roi_crops/retained/WhatsApp_Video_2026-08-11_at_6.55.14_AM/crop_001695.jpg
WhatsApp Video 2026-08-11 at 6.55.14 AM.mp4,13,Copper,train,1710,28.5,411,178,150,150,261,28,561,328,300,300,141.21,6.75,TRACKED,RETAINED,data/phase2_roi_crops/retained/WhatsApp_Video_2026-08-11_at_6.55.14_AM/crop_001710.jpg
WhatsApp Video 2026-08-11 at 6.55.14 AM.mp4,13,Copper,train,1725,28.75,407,178,150,150,257,28,557,328,300,300,127.22,4.38,TRACKED,RETAINED,data/phase2_roi_crops/retained/WhatsApp_Video_2026-08-11_at_6.55.14_AM/crop_001725.jpg
WhatsApp Video 2026-08-11 at 6.55.14 AM.mp4,13,Copper,train,1740,29.0,411,178,150,150,261,28,561,328,300,300,134.41,16.31,TRACKED,RETAINED,data/phase2_roi_crops/retained/WhatsApp_Video_2026-08-11_at_6.55.14_AM/crop_001740.jpg
WhatsApp Video 2026-08-11 at 6.55.14 AM.mp4,13,Copper,train,1755,29.25,412,177,150,150,262,27,562,327,300,300,154.14,3.79,TRACKED,RETAINED,data/phase2_roi_crops/retained/WhatsApp_Video_2026-08-11_at_6.55.14_AM/crop_001755.jpg
WhatsApp Video 2026-08-11 at 6.55.14 AM.mp4,13,Copper,train,1770,29.5,411,182,150,150,261,32,561,332,300,300,125.55,20.74,TRACKED,RETAINED,data/phase2_roi_crops/retained/WhatsApp_Video_2026-08-11_at_6.55.14_AM/crop_001770.jpg
WhatsApp Video 2026-08-11 at 6.55.14 AM.mp4,13,Copper,train,1785,29.75,413,183,150,150,263,33,563,333,300,300,134.75,6.7,TRACKED,RETAINED,data/phase2_roi_crops/retained/WhatsApp_Video_2026-08-11_at_6.55.14_AM/crop_001785.jpg
WhatsApp Video 2026-08-11 at 6.55.14 AM.mp4,13,Copper,train,1800,30.0,410,185,150,150,260,35,560,335,300,300,244.82,15.87,TRACKED,RETAINED,data/phase2_roi_crops/retained/WhatsApp_Video_2026-08-11_at_6.55.14_AM/crop_001800.jpg
WhatsApp Video 2026-08-11 at 6.55.14 AM.mp4,13,Copper,train,1815,30.25,409,185,150,150,259,35,559,335,300,300,158.13,19.75,TRACKED,RETAINED,data/phase2_roi_crops/retained/WhatsApp_Video_2026-08-11_at_6.55.14_AM/crop_001815.jpg
WhatsApp Video 2026-08-11 at 6.55.14 AM.mp4,13,Copper,train,1830,30.5,409,188,150,150,259,38,559,338,300,300,147.85,4.32,TRACKED,RETAINED,data/phase2_roi_crops/retained/WhatsApp_Video_2026-08-11_at_6.55.14_AM/crop_001830.jpg
WhatsApp Video 2026-08-11 at 6.55.14 AM.mp4,13,Copper,train,1845,30.75,409,190,150,150,259,40,559,340,300,300,131.71,6.08,TRACKED,RETAINED,data/phase2_roi_crops/retained/WhatsApp_Video_2026-08-11_at_6.55.14_AM/crop_001845.jpg
WhatsApp Video 2026-08-11 at 6.55.14 AM.mp4,13,Copper,train,1860,31.0,406,192,150,150,256,42,556,342,300,300,143.25,4.93,TRACKED,RETAINED,data/phase2_roi_crops/retained/WhatsApp_Video_2026-08-11_at_6.55.14_AM/crop_001860.jpg
WhatsApp Video 2026-08-11 at 6.55.14 AM.mp4,13,Copper,train,1875,31.25,404,192,150,150,254,42,554,342,300,300,155.47,5.56,TRACKED,RETAINED,data/phase2_roi_crops/retained/WhatsApp_Video_2026-08-11_at_6.55.14_AM/crop_001875.jpg
WhatsApp Video 2026-08-11 at 6.55.14 AM.mp4,13,Copper,train,1890,31.5,408,188,150,150,258,38,558,338,300,300,147.01,14.92,TRACKED,RETAINED,data/phase2_roi_crops/retained/WhatsApp_Video_2026-08-11_at_6.55.14_AM/crop_001890.jpg
WhatsApp Video 2026-08-11 at 6.55.14 AM.mp4,13,Copper,train,1905,31.75,407,190,150,150,257,40,557,340,300,300,129.7,3.53,TRACKED,RETAINED,data/phase2_roi_crops/retained/WhatsApp_Video_2026-08-11_at_6.55.14_AM/crop_001905.jpg
WhatsApp Video 2026-08-11 at 6.55.14 AM.mp4,13,Copper,train,1920,32.0,408,191,150,150,258,41,558,341,300,300,136.19,5.22,TRACKED,RETAINED,data/phase2_roi_crops/retained/WhatsApp_Video_2026-08-11_at_6.55.14_AM/crop_001920.jpg
WhatsApp Video 2026-08-11 at 6.55.14 AM.mp4,13,Copper,train,1935,32.25,407,193,150,150,257,43,557,343,300,300,134.6,8.8,TRACKED,RETAINED,data/phase2_roi_crops/retained/WhatsApp_Video_2026-08-11_at_6.55.14_AM/crop_001935.jpg
WhatsApp Video 2026-08-11 at 6.55.14 AM.mp4,13,Copper,train,1950,32.5,407,195,150,150,257,45,557,345,300,300,131.14,3.75,TRACKED,RETAINED,data/phase2_roi_crops/retained/WhatsApp_Video_2026-08-11_at_6.55.14_AM/crop_001950.jpg
WhatsApp Video 2026-08-11 at 6.55.14 AM.mp4,13,Copper,train,1965,32.75,405,196,150,150,255,46,555,346,300,300,141.81,7.13,TRACKED,RETAINED,data/phase2_roi_crops/retained/WhatsApp_Video_2026-08-11_at_6.55.14_AM/crop_001965.jpg
WhatsApp Video 2026-08-11 at 6.55.14 AM.mp4,13,Copper,train,1980,33.0,399,198,150,150,249,48,549,348,300,300,129.85,4.93,TRACKED,RETAINED,data/phase2_roi_crops/retained/WhatsApp_Video_2026-08-11_at_6.55.14_AM/crop_001980.jpg
WhatsApp Video 2026-08-11 at 6.55.14 AM.mp4,13,Copper,train,1995,33.25,404,198,150,150,254,48,554,348,300,300,135.41,15.42,TRACKED,RETAINED,data/phase2_roi_crops/retained/WhatsApp_Video_2026-08-11_at_6.55.14_AM/crop_001995.jpg
WhatsApp Video 2026-08-11 at 6.55.14 AM.mp4,13,Copper,train,2010,33.5,406,198,150,150,256,48,556,348,300,300,146.81,12.3,TRACKED,RETAINED,data/phase2_roi_crops/retained/WhatsApp_Video_2026-08-11_at_6.55.14_AM/crop_002010.jpg
WhatsApp Video 2026-08-11 at 6.55.14 AM.mp4,13,Copper,train,2025,33.75,406,198,150,150,256,48,556,348,300,300,150.26,4.73,TRACKED,RETAINED,data/phase2_roi_crops/retained/WhatsApp_Video_2026-08-11_at_6.55.14_AM/crop_002025.jpg
WhatsApp Video 2026-08-11 at 6.55.14 AM.mp4,13,Copper,train,2040,34.0,402,199,150,150,252,49,552,349,300,300,147.97,9.19,TRACKED,RETAINED,data/phase2_roi_crops/retained/WhatsApp_Video_2026-08-11_at_6.55.14_AM/crop_002040.jpg
WhatsApp Video 2026-08-11 at 6.55.14 AM.mp4,13,Copper,train,2055,34.25,404,197,150,150,254,47,554,347,300,300,138.47,8.2,TRACKED,RETAINED,data/phase2_roi_crops/retained/WhatsApp_Video_2026-08-11_at_6.55.14_AM/crop_002055.jpg
WhatsApp Video 2026-08-11 at 6.55.14 AM.mp4,13,Copper,train,2070,34.5,401,201,150,150,251,51,551,351,300,300,152.48,23.82,TRACKED,RETAINED,data/phase2_roi_crops/retained/WhatsApp_Video_2026-08-11_at_6.55.14_AM/crop_002070.jpg
WhatsApp Video 2026-08-11 at 6.55.14 AM.mp4,13,Copper,train,2085,34.75,402,202,150,150,252,52,552,352,300,300,147.65,11.38,TRACKED,RETAINED,data/phase2_roi_crops/retained/WhatsApp_Video_2026-08-11_at_6.55.14_AM/crop_002085.jpg
WhatsApp Video 2026-08-11 at 6.55.14 AM.mp4,13,Copper,train,2100,35.0,404,202,150,150,254,52,554,352,300,300,273.13,6.83,TRACKED,RETAINED,data/phase2_roi_crops/retained/WhatsApp_Video_2026-08-11_at_6.55.14_AM/crop_002100.jpg
WhatsApp Video 2026-08-11 at 6.55.14 AM.mp4,13,Copper,train,2115,35.25,403,201,150,150,253,51,553,351,300,300,171.88,6.07,TRACKED,RETAINED,data/phase2_roi_crops/retained/WhatsApp_Video_2026-08-11_at_6.55.14_AM/crop_002115.jpg
WhatsApp Video 2026-08-11 at 6.55.14 AM.mp4,13,Copper,train,2130,35.5,402,203,150,150,252,53,552,353,300,300,159.21,5.49,TRACKED,RETAINED,data/phase2_roi_crops/retained/WhatsApp_Video_2026-08-11_at_6.55.14_AM/crop_002130.jpg
WhatsApp Video 2026-08-11 at 6.55.14 AM.mp4,13,Copper,train,2145,35.75,398,207,150,150,248,57,548,357,300,300,145.56,7.37,TRACKED,RETAINED,data/phase2_roi_crops/retained/WhatsApp_Video_2026-08-11_at_6.55.14_AM/crop_002145.jpg
WhatsApp Video 2026-08-11 at 6.55.14 AM.mp4,13,Copper,train,2160,36.0,397,209,150,150,247,59,547,359,300,300,131.64,5.13,TRACKED,RETAINED,data/phase2_roi_crops/retained/WhatsApp_Video_2026-08-11_at_6.55.14_AM/crop_002160.jpg
WhatsApp Video 2026-08-11 at 6.55.14 AM.mp4,13,Copper,train,2175,36.25,400,210,150,150,250,60,550,360,300,300,147.71,9.86,TRACKED,RETAINED,data/phase2_roi_crops/retained/WhatsApp_Video_2026-08-11_at_6.55.14_AM/crop_002175.jpg
WhatsApp Video 2026-08-11 at 6.55.14 AM.mp4,13,Copper,train,2190,36.5,400,209,150,150,250,59,550,359,300,300,119.38,9.62,TRACKED,RETAINED,data/phase2_roi_crops/retained/WhatsApp_Video_2026-08-11_at_6.55.14_AM/crop_002190.jpg
WhatsApp Video 2026-08-11 at 6.55.14 AM.mp4,13,Copper,train,2205,36.75,401,208,150,150,251,58,551,358,300,300,115.3,7.53,TRACKED,RETAINED,data/phase2_roi_crops/retained/WhatsApp_Video_2026-08-11_at_6.55.14_AM/crop_002205.jpg
WhatsApp Video 2026-08-11 at 6.55.14 AM.mp4,13,Copper,train,2220,37.0,394,209,150,150,244,59,544,359,300,300,121.33,14.5,TRACKED,RETAINED,data/phase2_roi_crops/retained/WhatsApp_Video_2026-08-11_at_6.55.14_AM/crop_002220.jpg
WhatsApp Video 2026-08-11 at 6.55.14 AM.mp4,13,Copper,train,2235,37.25,394,209,150,150,244,59,544,359,300,300,113.67,8.0,TRACKED,RETAINED,data/phase2_roi_crops/retained/WhatsApp_Video_2026-08-11_at_6.55.14_AM/crop_002235.jpg
WhatsApp Video 2026-08-11 at 6.55.14 AM.mp4,13,Copper,train,2250,37.5,396,210,150,150,246,60,546,360,300,300,126.61,13.53,TRACKED,RETAINED,data/phase2_roi_crops/retained/WhatsApp_Video_2026-08-11_at_6.55.14_AM/crop_002250.jpg
WhatsApp Video 2026-08-11 at 6.55.14 AM.mp4,13,Copper,train,2265,37.75,393,214,150,150,243,64,543,364,300,300,93.83,14.97,TRACKED,RETAINED,data/phase2_roi_crops/retained/WhatsApp_Video_2026-08-11_at_6.55.14_AM/crop_002265.jpg
WhatsApp Video 2026-08-11 at 6.55.14 AM.mp4,13,Copper,train,2280,38.0,394,214,150,150,244,64,544,364,300,300,80.59,9.8,TRACKED,RETAINED,data/phase2_roi_crops/retained/WhatsApp_Video_2026-08-11_at_6.55.14_AM/crop_002280.jpg
WhatsApp Video 2026-08-11 at 6.55.14 AM.mp4,13,Copper,train,2295,38.25,392,215,150,150,242,65,542,365,300,300,115.4,8.86,TRACKED,RETAINED,data/phase2_roi_crops/retained/WhatsApp_Video_2026-08-11_at_6.55.14_AM/crop_002295.jpg
WhatsApp Video 2026-08-11 at 6.55.14 AM.mp4,13,Copper,train,2310,38.5,389,216,150,150,239,66,539,366,300,300,91.96,8.08,TRACKED,RETAINED,data/phase2_roi_crops/retained/WhatsApp_Video_2026-08-11_at_6.55.14_AM/crop_002310.jpg
WhatsApp Video 2026-08-11 at 6.55.14 AM.mp4,13,Copper,train,2325,38.75,390,219,150,150,240,69,540,369,300,300,91.29,12.42,TRACKED,RETAINED,data/phase2_roi_crops/retained/WhatsApp_Video_2026-08-11_at_6.55.14_AM/crop_002325.jpg
WhatsApp Video 2026-08-11 at 6.55.14 AM.mp4,13,Copper,train,2340,39.0,388,218,150,150,238,68,538,368,300,300,93.7,9.12,TRACKED,RETAINED,data/phase2_roi_crops/retained/WhatsApp_Video_2026-08-11_at_6.55.14_AM/crop_002340.jpg
WhatsApp Video 2026-08-11 at 6.55.14 AM.mp4,13,Copper,train,2355,39.25,387,218,150,150,237,68,537,368,300,300,77.07,13.88,TRACKED,RETAINED,data/phase2_roi_crops/retained/WhatsApp_Video_2026-08-11_at_6.55.14_AM/crop_002355.jpg
WhatsApp Video 2026-08-11 at 6.55.14 AM.mp4,13,Copper,train,2370,39.5,389,218,150,150,239,68,539,368,300,300,69.54,17.11,TRACKED,RETAINED,data/phase2_roi_crops/retained/WhatsApp_Video_2026-08-11_at_6.55.14_AM/crop_002370.jpg
WhatsApp Video 2026-08-11 at 6.55.14 AM.mp4,13,Copper,train,2385,39.75,389,220,150,150,239,70,539,370,300,300,71.78,13.26,TRACKED,RETAINED,data/phase2_roi_crops/retained/WhatsApp_Video_2026-08-11_at_6.55.14_AM/crop_002385.jpg
WhatsApp Video 2026-08-11 at 6.55.14 AM.mp4,13,Copper,train,2400,40.0,386,222,150,150,236,72,536,372,300,300,137.82,10.91,TRACKED,RETAINED,data/phase2_roi_crops/retained/WhatsApp_Video_2026-08-11_at_6.55.14_AM/crop_002400.jpg
WhatsApp Video 2026-08-11 at 6.55.14 AM.mp4,13,Copper,train,2415,40.25,390,223,150,150,240,73,540,373,300,300,98.34,17.65,TRACKED,RETAINED,data/phase2_roi_crops/retained/WhatsApp_Video_2026-08-11_at_6.55.14_AM/crop_002415.jpg
WhatsApp Video 2026-08-11 at 6.55.14 AM.mp4,13,Copper,train,2430,40.5,389,223,150,150,239,73,539,373,300,300,80.67,8.22,TRACKED,RETAINED,data/phase2_roi_crops/retained/WhatsApp_Video_2026-08-11_at_6.55.14_AM/crop_002430.jpg
WhatsApp Video 2026-08-11 at 6.55.14 AM.mp4,13,Copper,train,2445,40.75,389,219,150,150,239,69,539,369,300,300,64.85,6.79,TRACKED,RETAINED,data/phase2_roi_crops/retained/WhatsApp_Video_2026-08-11_at_6.55.14_AM/crop_002445.jpg
WhatsApp Video 2026-08-11 at 6.55.14 AM.mp4,13,Copper,train,2460,41.0,384,221,150,150,234,71,534,371,300,300,75.93,22.04,TRACKED,RETAINED,data/phase2_roi_crops/retained/WhatsApp_Video_2026-08-11_at_6.55.14_AM/crop_002460.jpg
WhatsApp Video 2026-08-11 at 6.55.14 AM.mp4,13,Copper,train,2475,41.25,385,224,150,150,235,74,535,374,300,300,61.4,20.48,TRACKED,RETAINED,data/phase2_roi_crops/retained/WhatsApp_Video_2026-08-11_at_6.55.14_AM/crop_002475.jpg
WhatsApp Video 2026-08-11 at 6.55.14 AM.mp4,13,Copper,train,2490,41.5,386,227,150,150,236,77,536,377,300,300,64.51,14.19,TRACKED,RETAINED,data/phase2_roi_crops/retained/WhatsApp_Video_2026-08-11_at_6.55.14_AM/crop_002490.jpg
WhatsApp Video 2026-08-11 at 6.55.14 AM.mp4,13,Copper,train,2505,41.75,387,228,150,150,237,78,537,378,300,300,74.65,7.76,TRACKED,RETAINED,data/phase2_roi_crops/retained/WhatsApp_Video_2026-08-11_at_6.55.14_AM/crop_002505.jpg
WhatsApp Video 2026-08-11 at 6.55.14 AM.mp4,13,Copper,train,2520,42.0,389,228,150,150,239,78,539,378,300,300,58.39,15.96,TRACKED,RETAINED,data/phase2_roi_crops/retained/WhatsApp_Video_2026-08-11_at_6.55.14_AM/crop_002520.jpg
WhatsApp Video 2026-08-11 at 6.55.14 AM.mp4,13,Copper,train,2535,42.25,386,229,150,150,236,79,536,379,300,300,60.36,18.73,TRACKED,RETAINED,data/phase2_roi_crops/retained/WhatsApp_Video_2026-08-11_at_6.55.14_AM/crop_002535.jpg
WhatsApp Video 2026-08-11 at 6.55.14 AM.mp4,13,Copper,train,2550,42.5,388,227,150,150,238,77,538,377,300,300,53.14,8.35,TRACKED,RETAINED,data/phase2_roi_crops/retained/WhatsApp_Video_2026-08-11_at_6.55.14_AM/crop_002550.jpg
WhatsApp Video 2026-08-11 at 6.55.14 AM.mp4,13,Copper,train,2565,42.75,384,230,150,150,234,80,534,380,300,300,65.88,21.23,TRACKED,RETAINED,data/phase2_roi_crops/retained/WhatsApp_Video_2026-08-11_at_6.55.14_AM/crop_002565.jpg
WhatsApp Video 2026-08-11 at 6.55.14 AM.mp4,13,Copper,train,2580,43.0,387,230,150,150,237,80,537,380,300,300,56.78,14.8,TRACKED,RETAINED,data/phase2_roi_crops/retained/WhatsApp_Video_2026-08-11_at_6.55.14_AM/crop_002580.jpg
WhatsApp Video 2026-08-11 at 6.55.14 AM.mp4,13,Copper,train,2595,43.25,383,233,150,150,233,83,533,383,300,300,59.71,15.46,TRACKED,RETAINED,data/phase2_roi_crops/retained/WhatsApp_Video_2026-08-11_at_6.55.14_AM/crop_002595.jpg
WhatsApp Video 2026-08-11 at 6.55.14 AM.mp4,13,Copper,train,2610,43.5,383,234,150,150,233,84,533,384,300,300,65.42,14.32,TRACKED,RETAINED,data/phase2_roi_crops/retained/WhatsApp_Video_2026-08-11_at_6.55.14_AM/crop_002610.jpg
WhatsApp Video 2026-08-11 at 6.55.14 AM.mp4,13,Copper,train,2625,43.75,382,235,150,150,232,85,532,385,300,300,53.14,14.03,TRACKED,RETAINED,data/phase2_roi_crops/retained/WhatsApp_Video_2026-08-11_at_6.55.14_AM/crop_002625.jpg
WhatsApp Video 2026-08-11 at 6.55.14 AM.mp4,13,Copper,train,2640,44.0,383,237,150,150,233,87,533,387,300,300,65.24,18.93,TRACKED,RETAINED,data/phase2_roi_crops/retained/WhatsApp_Video_2026-08-11_at_6.55.14_AM/crop_002640.jpg
WhatsApp Video 2026-08-11 at 6.55.14 AM.mp4,13,Copper,train,2655,44.25,381,237,150,150,231,87,531,387,300,300,51.11,14.45,TRACKED,RETAINED,data/phase2_roi_crops/retained/WhatsApp_Video_2026-08-11_at_6.55.14_AM/crop_002655.jpg
WhatsApp Video 2026-08-11 at 6.55.14 AM.mp4,13,Copper,train,2670,44.5,382,237,150,150,232,87,532,387,300,300,65.86,9.8,TRACKED,RETAINED,data/phase2_roi_crops/retained/WhatsApp_Video_2026-08-11_at_6.55.14_AM/crop_002670.jpg
WhatsApp Video 2026-08-11 at 6.55.14 AM.mp4,13,Copper,train,2685,44.75,384,237,150,150,234,87,534,387,300,300,56.89,13.61,TRACKED,RETAINED,data/phase2_roi_crops/retained/WhatsApp_Video_2026-08-11_at_6.55.14_AM/crop_002685.jpg
WhatsApp Video 2026-08-11 at 6.55.14 AM.mp4,13,Copper,train,2700,45.0,381,243,150,150,231,93,531,393,300,300,121.39,21.31,TRACKED,RETAINED,data/phase2_roi_crops/retained/WhatsApp_Video_2026-08-11_at_6.55.14_AM/crop_002700.jpg
WhatsApp Video 2026-08-11 at 6.55.14 AM.mp4,13,Copper,train,2715,45.25,382,241,150,150,232,91,532,391,300,300,57.34,12.41,TRACKED,RETAINED,data/phase2_roi_crops/retained/WhatsApp_Video_2026-08-11_at_6.55.14_AM/crop_002715.jpg
WhatsApp Video 2026-08-11 at 6.55.14 AM.mp4,13,Copper,train,2730,45.5,380,242,150,150,230,92,530,392,300,300,53.29,20.35,TRACKED,RETAINED,data/phase2_roi_crops/retained/WhatsApp_Video_2026-08-11_at_6.55.14_AM/crop_002730.jpg
WhatsApp Video 2026-08-11 at 6.55.14 AM.mp4,13,Copper,train,2745,45.75,379,244,150,150,229,94,529,394,300,300,56.85,18.41,TRACKED,RETAINED,data/phase2_roi_crops/retained/WhatsApp_Video_2026-08-11_at_6.55.14_AM/crop_002745.jpg
WhatsApp Video 2026-08-11 at 6.55.14 AM.mp4,13,Copper,train,2760,46.0,379,243,150,150,229,93,529,393,300,300,69.82,18.44,TRACKED,RETAINED,data/phase2_roi_crops/retained/WhatsApp_Video_2026-08-11_at_6.55.14_AM/crop_002760.jpg
WhatsApp Video 2026-08-11 at 6.55.14 AM.mp4,13,Copper,train,2775,46.25,381,242,150,150,231,92,531,392,300,300,82.38,17.68,TRACKED,RETAINED,data/phase2_roi_crops/retained/WhatsApp_Video_2026-08-11_at_6.55.14_AM/crop_002775.jpg
WhatsApp Video 2026-08-11 at 6.55.14 AM.mp4,13,Copper,train,2790,46.5,377,246,150,150,227,96,527,396,300,300,136.09,42.12,TRACKED,RETAINED,data/phase2_roi_crops/retained/WhatsApp_Video_2026-08-11_at_6.55.14_AM/crop_002790.jpg
WhatsApp Video 2026-08-11 at 6.55.14 AM.mp4,13,Copper,train,2805,46.75,376,246,150,150,226,96,526,396,300,300,176.04,53.93,TRACKED,RETAINED,data/phase2_roi_crops/retained/WhatsApp_Video_2026-08-11_at_6.55.14_AM/crop_002805.jpg
WhatsApp Video 2026-08-11 at 6.55.14 AM.mp4,13,Copper,train,2820,47.0,377,244,150,150,227,94,527,394,300,300,304.19,39.47,TRACKED,RETAINED,data/phase2_roi_crops/retained/WhatsApp_Video_2026-08-11_at_6.55.14_AM/crop_002820.jpg
WhatsApp Video 2026-08-11 at 6.55.14 AM.mp4,13,Copper,train,2835,47.25,374,247,150,150,224,97,524,397,300,300,305.74,32.3,TRACKED,RETAINED,data/phase2_roi_crops/retained/WhatsApp_Video_2026-08-11_at_6.55.14_AM/crop_002835.jpg
WhatsApp Video 2026-08-11 at 6.55.13 AM.mp4,10,Copper,train,0,0.0,462,324,150,150,312,174,612,474,300,300,84.45,0.0,TRACKED,RETAINED,data/phase2_roi_crops/retained/WhatsApp_Video_2026-08-11_at_6.55.13_AM/crop_000000.jpg
WhatsApp Video 2026-08-11 at 6.55.13 AM.mp4,10,Copper,train,15,0.25,465,319,150,150,315,169,615,469,300,300,49.98,49.59,TRACKED,RETAINED,data/phase2_roi_crops/retained/WhatsApp_Video_2026-08-11_at_6.55.13_AM/crop_000015.jpg
WhatsApp Video 2026-08-11 at 6.55.13 AM.mp4,10,Copper,train,30,0.5,461,322,150,150,311,172,611,472,300,300,65.25,20.27,TRACKED,RETAINED,data/phase2_roi_crops/retained/WhatsApp_Video_2026-08-11_at_6.55.13_AM/crop_000030.jpg
WhatsApp Video 2026-08-11 at 6.55.13 AM.mp4,10,Copper,train,45,0.75,462,324,150,150,312,174,612,474,300,300,76.31,15.29,TRACKED,RETAINED,data/phase2_roi_crops/retained/WhatsApp_Video_2026-08-11_at_6.55.13_AM/crop_000045.jpg
WhatsApp Video 2026-08-11 at 6.55.13 AM.mp4,10,Copper,train,60,1.0,464,320,150,150,314,170,614,470,300,300,90.21,23.95,TRACKED,RETAINED,data/phase2_roi_crops/retained/WhatsApp_Video_2026-08-11_at_6.55.13_AM/crop_000060.jpg
WhatsApp Video 2026-08-11 at 6.55.13 AM.mp4,10,Copper,train,75,1.25,463,319,150,150,313,169,613,469,300,300,92.86,17.42,TRACKED,RETAINED,data/phase2_roi_crops/retained/WhatsApp_Video_2026-08-11_at_6.55.13_AM/crop_000075.jpg
WhatsApp Video 2026-08-11 at 6.55.13 AM.mp4,10,Copper,train,90,1.5,467,316,150,150,317,166,617,466,300,300,95.97,12.75,TRACKED,RETAINED,data/phase2_roi_crops/retained/WhatsApp_Video_2026-08-11_at_6.55.13_AM/crop_000090.jpg
WhatsApp Video 2026-08-11 at 6.55.13 AM.mp4,10,Copper,train,105,1.75,464,314,150,150,314,164,614,464,300,300,95.95,17.38,TRACKED,RETAINED,data/phase2_roi_crops/retained/WhatsApp_Video_2026-08-11_at_6.55.13_AM/crop_000105.jpg
WhatsApp Video 2026-08-11 at 6.55.13 AM.mp4,10,Copper,train,120,2.0,467,317,150,150,317,167,617,467,300,300,90.27,14.74,TRACKED,RETAINED,data/phase2_roi_crops/retained/WhatsApp_Video_2026-08-11_at_6.55.13_AM/crop_000120.jpg
WhatsApp Video 2026-08-11 at 6.55.13 AM.mp4,10,Copper,train,135,2.25,466,316,150,150,316,166,616,466,300,300,87.46,20.84,TRACKED,RETAINED,data/phase2_roi_crops/retained/WhatsApp_Video_2026-08-11_at_6.55.13_AM/crop_000135.jpg
WhatsApp Video 2026-08-11 at 6.55.13 AM.mp4,10,Copper,train,150,2.5,464,313,150,150,314,163,614,463,300,300,75.23,25.58,TRACKED,RETAINED,data/phase2_roi_crops/retained/WhatsApp_Video_2026-08-11_at_6.55.13_AM/crop_000150.jpg
WhatsApp Video 2026-08-11 at 6.55.13 AM.mp4,10,Copper,train,165,2.75,466,311,150,150,316,161,616,461,300,300,76.05,12.76,TRACKED,RETAINED,data/phase2_roi_crops/retained/WhatsApp_Video_2026-08-11_at_6.55.13_AM/crop_000165.jpg
WhatsApp Video 2026-08-11 at 6.55.13 AM.mp4,10,Copper,train,180,3.0,462,308,150,150,312,158,612,458,300,300,78.84,6.12,TRACKED,RETAINED,data/phase2_roi_crops/retained/WhatsApp_Video_2026-08-11_at_6.55.13_AM/crop_000180.jpg
WhatsApp Video 2026-08-11 at 6.55.13 AM.mp4,10,Copper,train,195,3.25,464,312,150,150,314,162,614,462,300,300,74.46,14.06,TRACKED,RETAINED,data/phase2_roi_crops/retained/WhatsApp_Video_2026-08-11_at_6.55.13_AM/crop_000195.jpg
WhatsApp Video 2026-08-11 at 6.55.13 AM.mp4,10,Copper,train,210,3.5,466,308,150,150,316,158,616,458,300,300,79.14,7.9,TRACKED,RETAINED,data/phase2_roi_crops/retained/WhatsApp_Video_2026-08-11_at_6.55.13_AM/crop_000210.jpg
WhatsApp Video 2026-08-11 at 6.55.13 AM.mp4,10,Copper,train,225,3.75,465,306,150,150,315,156,615,456,300,300,80.33,4.73,TRACKED,RETAINED,data/phase2_roi_crops/retained/WhatsApp_Video_2026-08-11_at_6.55.13_AM/crop_000225.jpg
WhatsApp Video 2026-08-11 at 6.55.13 AM.mp4,10,Copper,train,240,4.0,467,305,150,150,317,155,617,455,300,300,83.33,10.03,TRACKED,RETAINED,data/phase2_roi_crops/retained/WhatsApp_Video_2026-08-11_at_6.55.13_AM/crop_000240.jpg
WhatsApp Video 2026-08-11 at 6.55.13 AM.mp4,10,Copper,train,255,4.25,466,306,150,150,316,156,616,456,300,300,85.56,12.69,TRACKED,RETAINED,data/phase2_roi_crops/retained/WhatsApp_Video_2026-08-11_at_6.55.13_AM/crop_000255.jpg
WhatsApp Video 2026-08-11 at 6.55.13 AM.mp4,10,Copper,train,270,4.5,470,306,150,150,320,156,620,456,300,300,76.04,20.76,TRACKED,RETAINED,data/phase2_roi_crops/retained/WhatsApp_Video_2026-08-11_at_6.55.13_AM/crop_000270.jpg
WhatsApp Video 2026-08-11 at 6.55.13 AM.mp4,10,Copper,train,285,4.75,467,304,150,150,317,154,617,454,300,300,77.06,17.37,TRACKED,RETAINED,data/phase2_roi_crops/retained/WhatsApp_Video_2026-08-11_at_6.55.13_AM/crop_000285.jpg
WhatsApp Video 2026-08-11 at 6.55.13 AM.mp4,10,Copper,train,300,5.0,467,303,150,150,317,153,617,453,300,300,116.55,31.33,TRACKED,RETAINED,data/phase2_roi_crops/retained/WhatsApp_Video_2026-08-11_at_6.55.13_AM/crop_000300.jpg
WhatsApp Video 2026-08-11 at 6.55.13 AM.mp4,10,Copper,train,315,5.25,468,305,150,150,318,155,618,455,300,300,81.85,25.33,TRACKED,RETAINED,data/phase2_roi_crops/retained/WhatsApp_Video_2026-08-11_at_6.55.13_AM/crop_000315.jpg
WhatsApp Video 2026-08-11 at 6.55.13 AM.mp4,10,Copper,train,330,5.5,467,301,150,150,317,151,617,451,300,300,54.73,23.92,TRACKED,RETAINED,data/phase2_roi_crops/retained/WhatsApp_Video_2026-08-11_at_6.55.13_AM/crop_000330.jpg
WhatsApp Video 2026-08-11 at 6.55.13 AM.mp4,10,Copper,train,345,5.75,467,298,150,150,317,148,617,448,300,300,39.67,25.58,TRACKED,RETAINED,data/phase2_roi_crops/retained/WhatsApp_Video_2026-08-11_at_6.55.13_AM/crop_000345.jpg
WhatsApp Video 2026-08-11 at 6.55.13 AM.mp4,10,Copper,train,360,6.0,468,297,150,150,318,147,618,447,300,300,64.14,18.82,TRACKED,RETAINED,data/phase2_roi_crops/retained/WhatsApp_Video_2026-08-11_at_6.55.13_AM/crop_000360.jpg
WhatsApp Video 2026-08-11 at 6.55.13 AM.mp4,10,Copper,train,375,6.25,467,302,150,150,317,152,617,452,300,300,67.63,13.31,TRACKED,RETAINED,data/phase2_roi_crops/retained/WhatsApp_Video_2026-08-11_at_6.55.13_AM/crop_000375.jpg
WhatsApp Video 2026-08-11 at 6.55.13 AM.mp4,10,Copper,train,390,6.5,469,294,150,150,319,144,619,444,300,300,78.66,15.24,TRACKED,RETAINED,data/phase2_roi_crops/retained/WhatsApp_Video_2026-08-11_at_6.55.13_AM/crop_000390.jpg
WhatsApp Video 2026-08-11 at 6.55.13 AM.mp4,10,Copper,train,405,6.75,470,295,150,150,320,145,620,445,300,300,80.32,17.56,TRACKED,RETAINED,data/phase2_roi_crops/retained/WhatsApp_Video_2026-08-11_at_6.55.13_AM/crop_000405.jpg
WhatsApp Video 2026-08-11 at 6.55.13 AM.mp4,10,Copper,train,420,7.0,472,291,150,150,322,141,622,441,300,300,71.6,20.91,TRACKED,RETAINED,data/phase2_roi_crops/retained/WhatsApp_Video_2026-08-11_at_6.55.13_AM/crop_000420.jpg
WhatsApp Video 2026-08-11 at 6.55.13 AM.mp4,10,Copper,train,435,7.25,469,293,150,150,319,143,619,443,300,300,73.58,19.93,TRACKED,RETAINED,data/phase2_roi_crops/retained/WhatsApp_Video_2026-08-11_at_6.55.13_AM/crop_000435.jpg
WhatsApp Video 2026-08-11 at 6.55.13 AM.mp4,10,Copper,train,450,7.5,469,292,150,150,319,142,619,442,300,300,88.1,15.18,TRACKED,RETAINED,data/phase2_roi_crops/retained/WhatsApp_Video_2026-08-11_at_6.55.13_AM/crop_000450.jpg
WhatsApp Video 2026-08-11 at 6.55.13 AM.mp4,10,Copper,train,465,7.75,471,295,150,150,321,145,621,445,300,300,83.49,8.78,TRACKED,RETAINED,data/phase2_roi_crops/retained/WhatsApp_Video_2026-08-11_at_6.55.13_AM/crop_000465.jpg
WhatsApp Video 2026-08-11 at 6.55.13 AM.mp4,10,Copper,train,480,8.0,470,290,150,150,320,140,620,440,300,300,82.14,24.12,TRACKED,RETAINED,data/phase2_roi_crops/retained/WhatsApp_Video_2026-08-11_at_6.55.13_AM/crop_000480.jpg
WhatsApp Video 2026-08-11 at 6.55.13 AM.mp4,10,Copper,train,495,8.25,470,289,150,150,320,139,620,439,300,300,74.63,18.92,TRACKED,RETAINED,data/phase2_roi_crops/retained/WhatsApp_Video_2026-08-11_at_6.55.13_AM/crop_000495.jpg
WhatsApp Video 2026-08-11 at 6.55.13 AM.mp4,10,Copper,train,510,8.5,468,286,150,150,318,136,618,436,300,300,90.1,33.37,TRACKED,RETAINED,data/phase2_roi_crops/retained/WhatsApp_Video_2026-08-11_at_6.55.13_AM/crop_000510.jpg
WhatsApp Video 2026-08-11 at 6.55.13 AM.mp4,10,Copper,train,525,8.75,471,287,150,150,321,137,621,437,300,300,82.22,19.41,TRACKED,RETAINED,data/phase2_roi_crops/retained/WhatsApp_Video_2026-08-11_at_6.55.13_AM/crop_000525.jpg
WhatsApp Video 2026-08-11 at 6.55.13 AM.mp4,10,Copper,train,540,9.0,472,285,150,150,322,135,622,435,300,300,93.6,8.51,TRACKED,RETAINED,data/phase2_roi_crops/retained/WhatsApp_Video_2026-08-11_at_6.55.13_AM/crop_000540.jpg
WhatsApp Video 2026-08-11 at 6.55.13 AM.mp4,10,Copper,train,555,9.25,472,286,150,150,322,136,622,436,300,300,86.79,11.91,TRACKED,RETAINED,data/phase2_roi_crops/retained/WhatsApp_Video_2026-08-11_at_6.55.13_AM/crop_000555.jpg
WhatsApp Video 2026-08-11 at 6.55.13 AM.mp4,10,Copper,train,570,9.5,471,284,150,150,321,134,621,434,300,300,85.88,13.77,TRACKED,RETAINED,data/phase2_roi_crops/retained/WhatsApp_Video_2026-08-11_at_6.55.13_AM/crop_000570.jpg
WhatsApp Video 2026-08-11 at 6.55.13 AM.mp4,10,Copper,train,585,9.75,471,283,150,150,321,133,621,433,300,300,82.4,17.95,TRACKED,RETAINED,data/phase2_roi_crops/retained/WhatsApp_Video_2026-08-11_at_6.55.13_AM/crop_000585.jpg
WhatsApp Video 2026-08-11 at 6.55.13 AM.mp4,10,Copper,train,600,10.0,472,278,150,150,322,128,622,428,300,300,131.23,12.15,TRACKED,RETAINED,data/phase2_roi_crops/retained/WhatsApp_Video_2026-08-11_at_6.55.13_AM/crop_000600.jpg
WhatsApp Video 2026-08-11 at 6.55.13 AM.mp4,10,Copper,train,615,10.25,471,279,150,150,321,129,621,429,300,300,90.51,10.88,TRACKED,RETAINED,data/phase2_roi_crops/retained/WhatsApp_Video_2026-08-11_at_6.55.13_AM/crop_000615.jpg
WhatsApp Video 2026-08-11 at 6.55.13 AM.mp4,10,Copper,train,630,10.5,475,278,150,150,325,128,625,428,300,300,83.86,13.37,TRACKED,RETAINED,data/phase2_roi_crops/retained/WhatsApp_Video_2026-08-11_at_6.55.13_AM/crop_000630.jpg
WhatsApp Video 2026-08-11 at 6.55.13 AM.mp4,10,Copper,train,645,10.75,473,275,150,150,323,125,623,425,300,300,81.2,6.73,TRACKED,RETAINED,data/phase2_roi_crops/retained/WhatsApp_Video_2026-08-11_at_6.55.13_AM/crop_000645.jpg
WhatsApp Video 2026-08-11 at 6.55.13 AM.mp4,10,Copper,train,660,11.0,474,275,150,150,324,125,624,425,300,300,91.44,8.7,TRACKED,RETAINED,data/phase2_roi_crops/retained/WhatsApp_Video_2026-08-11_at_6.55.13_AM/crop_000660.jpg
WhatsApp Video 2026-08-11 at 6.55.13 AM.mp4,10,Copper,train,675,11.25,473,277,150,150,323,127,623,427,300,300,91.96,12.33,TRACKED,RETAINED,data/phase2_roi_crops/retained/WhatsApp_Video_2026-08-11_at_6.55.13_AM/crop_000675.jpg
WhatsApp Video 2026-08-11 at 6.55.13 AM.mp4,10,Copper,train,690,11.5,476,274,150,150,326,124,626,424,300,300,84.79,13.17,TRACKED,RETAINED,data/phase2_roi_crops/retained/WhatsApp_Video_2026-08-11_at_6.55.13_AM/crop_000690.jpg
WhatsApp Video 2026-08-11 at 6.55.13 AM.mp4,10,Copper,train,705,11.75,472,272,150,150,322,122,622,422,300,300,81.57,10.32,TRACKED,RETAINED,data/phase2_roi_crops/retained/WhatsApp_Video_2026-08-11_at_6.55.13_AM/crop_000705.jpg
WhatsApp Video 2026-08-11 at 6.55.13 AM.mp4,10,Copper,train,720,12.0,469,272,150,150,319,122,619,422,300,300,70.58,7.55,TRACKED,RETAINED,data/phase2_roi_crops/retained/WhatsApp_Video_2026-08-11_at_6.55.13_AM/crop_000720.jpg
WhatsApp Video 2026-08-11 at 6.55.13 AM.mp4,10,Copper,train,735,12.25,475,273,150,150,325,123,625,423,300,300,72.6,8.55,TRACKED,RETAINED,data/phase2_roi_crops/retained/WhatsApp_Video_2026-08-11_at_6.55.13_AM/crop_000735.jpg
WhatsApp Video 2026-08-11 at 6.55.13 AM.mp4,10,Copper,train,750,12.5,473,273,150,150,323,123,623,423,300,300,73.35,4.21,TRACKED,RETAINED,data/phase2_roi_crops/retained/WhatsApp_Video_2026-08-11_at_6.55.13_AM/crop_000750.jpg
WhatsApp Video 2026-08-11 at 6.55.13 AM.mp4,10,Copper,train,765,12.75,471,273,150,150,321,123,621,423,300,300,71.01,3.77,TRACKED,RETAINED,data/phase2_roi_crops/retained/WhatsApp_Video_2026-08-11_at_6.55.13_AM/crop_000765.jpg
WhatsApp Video 2026-08-11 at 6.55.13 AM.mp4,10,Copper,train,780,13.0,474,268,150,150,324,118,624,418,300,300,77.92,14.39,TRACKED,RETAINED,data/phase2_roi_crops/retained/WhatsApp_Video_2026-08-11_at_6.55.13_AM/crop_000780.jpg
WhatsApp Video 2026-08-11 at 6.55.13 AM.mp4,10,Copper,train,795,13.25,475,268,150,150,325,118,625,418,300,300,71.45,6.05,TRACKED,RETAINED,data/phase2_roi_crops/retained/WhatsApp_Video_2026-08-11_at_6.55.13_AM/crop_000795.jpg
WhatsApp Video 2026-08-11 at 6.55.13 AM.mp4,10,Copper,train,810,13.5,477,265,150,150,327,115,627,415,300,300,63.45,17.95,TRACKED,RETAINED,data/phase2_roi_crops/retained/WhatsApp_Video_2026-08-11_at_6.55.13_AM/crop_000810.jpg
WhatsApp Video 2026-08-11 at 6.55.13 AM.mp4,10,Copper,train,825,13.75,476,264,150,150,326,114,626,414,300,300,69.61,3.7,TRACKED,RETAINED,data/phase2_roi_crops/retained/WhatsApp_Video_2026-08-11_at_6.55.13_AM/crop_000825.jpg
WhatsApp Video 2026-08-11 at 6.55.13 AM.mp4,10,Copper,train,840,14.0,473,268,150,150,323,118,623,418,300,300,75.36,10.13,TRACKED,RETAINED,data/phase2_roi_crops/retained/WhatsApp_Video_2026-08-11_at_6.55.13_AM/crop_000840.jpg
WhatsApp Video 2026-08-11 at 6.55.13 AM.mp4,10,Copper,train,855,14.25,479,265,150,150,329,115,629,415,300,300,77.98,10.5,TRACKED,RETAINED,data/phase2_roi_crops/retained/WhatsApp_Video_2026-08-11_at_6.55.13_AM/crop_000855.jpg
WhatsApp Video 2026-08-11 at 6.55.13 AM.mp4,10,Copper,train,870,14.5,475,261,150,150,325,111,625,411,300,300,75.02,8.62,TRACKED,RETAINED,data/phase2_roi_crops/retained/WhatsApp_Video_2026-08-11_at_6.55.13_AM/crop_000870.jpg
WhatsApp Video 2026-08-11 at 6.55.13 AM.mp4,10,Copper,train,885,14.75,478,260,150,150,328,110,628,410,300,300,75.05,7.23,TRACKED,RETAINED,data/phase2_roi_crops/retained/WhatsApp_Video_2026-08-11_at_6.55.13_AM/crop_000885.jpg
WhatsApp Video 2026-08-11 at 6.55.13 AM.mp4,10,Copper,train,900,15.0,474,261,150,150,324,111,624,411,300,300,118.45,12.37,TRACKED,RETAINED,data/phase2_roi_crops/retained/WhatsApp_Video_2026-08-11_at_6.55.13_AM/crop_000900.jpg
WhatsApp Video 2026-08-11 at 6.55.13 AM.mp4,10,Copper,train,915,15.25,478,256,150,150,328,106,628,406,300,300,74.75,17.25,TRACKED,RETAINED,data/phase2_roi_crops/retained/WhatsApp_Video_2026-08-11_at_6.55.13_AM/crop_000915.jpg
WhatsApp Video 2026-08-11 at 6.55.13 AM.mp4,10,Copper,train,930,15.5,477,258,150,150,327,108,627,408,300,300,69.68,33.14,TRACKED,RETAINED,data/phase2_roi_crops/retained/WhatsApp_Video_2026-08-11_at_6.55.13_AM/crop_000930.jpg
WhatsApp Video 2026-08-11 at 6.55.13 AM.mp4,10,Copper,train,945,15.75,480,253,150,150,330,103,630,403,300,300,74.8,11.64,TRACKED,RETAINED,data/phase2_roi_crops/retained/WhatsApp_Video_2026-08-11_at_6.55.13_AM/crop_000945.jpg
WhatsApp Video 2026-08-11 at 6.55.13 AM.mp4,10,Copper,train,960,16.0,481,253,150,150,331,103,631,403,300,300,76.4,15.66,TRACKED,RETAINED,data/phase2_roi_crops/retained/WhatsApp_Video_2026-08-11_at_6.55.13_AM/crop_000960.jpg
WhatsApp Video 2026-08-11 at 6.55.13 AM.mp4,10,Copper,train,975,16.25,477,257,150,150,327,107,627,407,300,300,76.71,10.33,TRACKED,RETAINED,data/phase2_roi_crops/retained/WhatsApp_Video_2026-08-11_at_6.55.13_AM/crop_000975.jpg
WhatsApp Video 2026-08-11 at 6.55.13 AM.mp4,10,Copper,train,990,16.5,476,256,150,150,326,106,626,406,300,300,76.94,21.17,TRACKED,RETAINED,data/phase2_roi_crops/retained/WhatsApp_Video_2026-08-11_at_6.55.13_AM/crop_000990.jpg
WhatsApp Video 2026-08-11 at 6.55.13 AM.mp4,10,Copper,train,1005,16.75,476,256,150,150,326,106,626,406,300,300,68.55,7.45,TRACKED,RETAINED,data/phase2_roi_crops/retained/WhatsApp_Video_2026-08-11_at_6.55.13_AM/crop_001005.jpg
WhatsApp Video 2026-08-11 at 6.55.13 AM.mp4,10,Copper,train,1020,17.0,477,255,150,150,327,105,627,405,300,300,66.27,10.5,TRACKED,RETAINED,data/phase2_roi_crops/retained/WhatsApp_Video_2026-08-11_at_6.55.13_AM/crop_001020.jpg
WhatsApp Video 2026-08-11 at 6.55.13 AM.mp4,10,Copper,train,1035,17.25,476,256,150,150,326,106,626,406,300,300,75.0,4.4,TRACKED,RETAINED,data/phase2_roi_crops/retained/WhatsApp_Video_2026-08-11_at_6.55.13_AM/crop_001035.jpg
WhatsApp Video 2026-08-11 at 6.55.13 AM.mp4,10,Copper,train,1050,17.5,477,259,150,150,327,109,627,409,300,300,69.17,8.54,TRACKED,RETAINED,data/phase2_roi_crops/retained/WhatsApp_Video_2026-08-11_at_6.55.13_AM/crop_001050.jpg
WhatsApp Video 2026-08-11 at 6.55.13 AM.mp4,10,Copper,train,1065,17.75,477,259,150,150,327,109,627,409,300,300,74.49,15.92,TRACKED,RETAINED,data/phase2_roi_crops/retained/WhatsApp_Video_2026-08-11_at_6.55.13_AM/crop_001065.jpg
WhatsApp Video 2026-08-11 at 6.55.13 AM.mp4,10,Copper,train,1080,18.0,472,251,150,150,322,101,622,401,300,300,74.35,6.11,TRACKED,RETAINED,data/phase2_roi_crops/retained/WhatsApp_Video_2026-08-11_at_6.55.13_AM/crop_001080.jpg
WhatsApp Video 2026-08-11 at 6.55.13 AM.mp4,10,Copper,train,1095,18.25,476,252,150,150,326,102,626,402,300,300,67.64,15.01,TRACKED,RETAINED,data/phase2_roi_crops/retained/WhatsApp_Video_2026-08-11_at_6.55.13_AM/crop_001095.jpg
WhatsApp Video 2026-08-11 at 6.55.13 AM.mp4,10,Copper,train,1110,18.5,476,253,150,150,326,103,626,403,300,300,69.43,4.31,TRACKED,RETAINED,data/phase2_roi_crops/retained/WhatsApp_Video_2026-08-11_at_6.55.13_AM/crop_001110.jpg
WhatsApp Video 2026-08-11 at 6.55.13 AM.mp4,10,Copper,train,1125,18.75,474,249,150,150,324,99,624,399,300,300,72.79,16.65,TRACKED,RETAINED,data/phase2_roi_crops/retained/WhatsApp_Video_2026-08-11_at_6.55.13_AM/crop_001125.jpg
WhatsApp Video 2026-08-11 at 6.55.13 AM.mp4,10,Copper,train,1140,19.0,475,254,150,150,325,104,625,404,300,300,67.7,19.54,TRACKED,RETAINED,data/phase2_roi_crops/retained/WhatsApp_Video_2026-08-11_at_6.55.13_AM/crop_001140.jpg
WhatsApp Video 2026-08-11 at 6.55.13 AM.mp4,10,Copper,train,1155,19.25,473,254,150,150,323,104,623,404,300,300,69.86,6.33,TRACKED,RETAINED,data/phase2_roi_crops/retained/WhatsApp_Video_2026-08-11_at_6.55.13_AM/crop_001155.jpg
WhatsApp Video 2026-08-11 at 6.55.13 AM.mp4,10,Copper,train,1170,19.5,476,255,150,150,326,105,626,405,300,300,70.34,12.2,TRACKED,RETAINED,data/phase2_roi_crops/retained/WhatsApp_Video_2026-08-11_at_6.55.13_AM/crop_001170.jpg
WhatsApp Video 2026-08-11 at 6.55.13 AM.mp4,10,Copper,train,1185,19.75,474,253,150,150,324,103,624,403,300,300,73.95,18.45,TRACKED,RETAINED,data/phase2_roi_crops/retained/WhatsApp_Video_2026-08-11_at_6.55.13_AM/crop_001185.jpg
WhatsApp Video 2026-08-11 at 6.55.13 AM.mp4,10,Copper,train,1200,20.0,470,252,150,150,320,102,620,402,300,300,124.34,7.6,TRACKED,RETAINED,data/phase2_roi_crops/retained/WhatsApp_Video_2026-08-11_at_6.55.13_AM/crop_001200.jpg
WhatsApp Video 2026-08-11 at 6.55.13 AM.mp4,10,Copper,train,1215,20.25,477,256,150,150,327,106,627,406,300,300,70.63,17.18,TRACKED,RETAINED,data/phase2_roi_crops/retained/WhatsApp_Video_2026-08-11_at_6.55.13_AM/crop_001215.jpg
WhatsApp Video 2026-08-11 at 6.55.13 AM.mp4,10,Copper,train,1230,20.5,477,250,150,150,327,100,627,400,300,300,78.63,14.37,TRACKED,RETAINED,data/phase2_roi_crops/retained/WhatsApp_Video_2026-08-11_at_6.55.13_AM/crop_001230.jpg
WhatsApp Video 2026-08-11 at 6.55.13 AM.mp4,10,Copper,train,1245,20.75,470,253,150,150,320,103,620,403,300,300,73.53,18.93,TRACKED,RETAINED,data/phase2_roi_crops/retained/WhatsApp_Video_2026-08-11_at_6.55.13_AM/crop_001245.jpg
WhatsApp Video 2026-08-11 at 6.55.13 AM.mp4,10,Copper,train,1260,21.0,473,252,150,150,323,102,623,402,300,300,76.73,7.63,TRACKED,RETAINED,data/phase2_roi_crops/retained/WhatsApp_Video_2026-08-11_at_6.55.13_AM/crop_001260.jpg
WhatsApp Video 2026-08-11 at 6.55.13 AM.mp4,10,Copper,train,1275,21.25,470,251,150,150,320,101,620,401,300,300,65.57,23.51,TRACKED,RETAINED,data/phase2_roi_crops/retained/WhatsApp_Video_2026-08-11_at_6.55.13_AM/crop_001275.jpg
WhatsApp Video 2026-08-11 at 6.55.13 AM.mp4,10,Copper,train,1290,21.5,473,251,150,150,323,101,623,401,300,300,59.29,3.64,TRACKED,RETAINED,data/phase2_roi_crops/retained/WhatsApp_Video_2026-08-11_at_6.55.13_AM/crop_001290.jpg
WhatsApp Video 2026-08-11 at 6.55.13 AM.mp4,10,Copper,train,1305,21.75,472,250,150,150,322,100,622,400,300,300,69.05,11.25,TRACKED,RETAINED,data/phase2_roi_crops/retained/WhatsApp_Video_2026-08-11_at_6.55.13_AM/crop_001305.jpg
WhatsApp Video 2026-08-11 at 6.55.13 AM.mp4,10,Copper,train,1320,22.0,468,252,150,150,318,102,618,402,300,300,84.32,9.7,TRACKED,RETAINED,data/phase2_roi_crops/retained/WhatsApp_Video_2026-08-11_at_6.55.13_AM/crop_001320.jpg
WhatsApp Video 2026-08-11 at 6.55.13 AM.mp4,10,Copper,train,1335,22.25,470,247,150,150,320,97,620,397,300,300,79.38,9.32,TRACKED,RETAINED,data/phase2_roi_crops/retained/WhatsApp_Video_2026-08-11_at_6.55.13_AM/crop_001335.jpg
WhatsApp Video 2026-08-11 at 6.55.13 AM.mp4,10,Copper,train,1350,22.5,471,249,150,150,321,99,621,399,300,300,71.69,19.43,TRACKED,RETAINED,data/phase2_roi_crops/retained/WhatsApp_Video_2026-08-11_at_6.55.13_AM/crop_001350.jpg
WhatsApp Video 2026-08-11 at 6.55.13 AM.mp4,10,Copper,train,1365,22.75,473,252,150,150,323,102,623,402,300,300,65.84,15.28,TRACKED,RETAINED,data/phase2_roi_crops/retained/WhatsApp_Video_2026-08-11_at_6.55.13_AM/crop_001365.jpg
WhatsApp Video 2026-08-11 at 6.55.13 AM.mp4,10,Copper,train,1380,23.0,471,251,150,150,321,101,621,401,300,300,71.08,4.19,TRACKED,RETAINED,data/phase2_roi_crops/retained/WhatsApp_Video_2026-08-11_at_6.55.13_AM/crop_001380.jpg
WhatsApp Video 2026-08-11 at 6.55.13 AM.mp4,10,Copper,train,1395,23.25,470,251,150,150,320,101,620,401,300,300,64.5,8.43,TRACKED,RETAINED,data/phase2_roi_crops/retained/WhatsApp_Video_2026-08-11_at_6.55.13_AM/crop_001395.jpg
WhatsApp Video 2026-08-11 at 6.55.13 AM.mp4,10,Copper,train,1410,23.5,471,249,150,150,321,99,621,399,300,300,62.02,3.01,TRACKED,RETAINED,data/phase2_roi_crops/retained/WhatsApp_Video_2026-08-11_at_6.55.13_AM/crop_001410.jpg
WhatsApp Video 2026-08-11 at 6.55.13 AM.mp4,10,Copper,train,1425,23.75,469,248,150,150,319,98,619,398,300,300,57.48,17.68,TRACKED,RETAINED,data/phase2_roi_crops/retained/WhatsApp_Video_2026-08-11_at_6.55.13_AM/crop_001425.jpg
WhatsApp Video 2026-08-11 at 6.55.13 AM.mp4,10,Copper,train,1440,24.0,469,251,150,150,319,101,619,401,300,300,72.74,24.45,TRACKED,RETAINED,data/phase2_roi_crops/retained/WhatsApp_Video_2026-08-11_at_6.55.13_AM/crop_001440.jpg
WhatsApp Video 2026-08-11 at 6.55.13 AM.mp4,10,Copper,train,1455,24.25,469,247,150,150,319,97,619,397,300,300,62.77,7.43,TRACKED,RETAINED,data/phase2_roi_crops/retained/WhatsApp_Video_2026-08-11_at_6.55.13_AM/crop_001455.jpg
WhatsApp Video 2026-08-11 at 6.55.13 AM.mp4,10,Copper,train,1470,24.5,469,248,150,150,319,98,619,398,300,300,59.58,4.14,TRACKED,RETAINED,data/phase2_roi_crops/retained/WhatsApp_Video_2026-08-11_at_6.55.13_AM/crop_001470.jpg
WhatsApp Video 2026-08-11 at 6.55.13 AM.mp4,10,Copper,train,1485,24.75,470,248,150,150,320,98,620,398,300,300,60.56,7.13,TRACKED,RETAINED,data/phase2_roi_crops/retained/WhatsApp_Video_2026-08-11_at_6.55.13_AM/crop_001485.jpg
WhatsApp Video 2026-08-11 at 6.55.13 AM.mp4,10,Copper,train,1500,25.0,472,249,150,150,322,99,622,399,300,300,122.4,6.23,TRACKED,RETAINED,data/phase2_roi_crops/retained/WhatsApp_Video_2026-08-11_at_6.55.13_AM/crop_001500.jpg
WhatsApp Video 2026-08-11 at 6.55.13 AM.mp4,10,Copper,train,1515,25.25,470,253,150,150,320,103,620,403,300,300,66.13,3.51,TRACKED,RETAINED,data/phase2_roi_crops/retained/WhatsApp_Video_2026-08-11_at_6.55.13_AM/crop_001515.jpg
WhatsApp Video 2026-08-11 at 6.55.13 AM.mp4,10,Copper,train,1530,25.5,467,249,150,150,317,99,617,399,300,300,62.09,17.57,TRACKED,RETAINED,data/phase2_roi_crops/retained/WhatsApp_Video_2026-08-11_at_6.55.13_AM/crop_001530.jpg
WhatsApp Video 2026-08-11 at 6.55.13 AM.mp4,10,Copper,train,1545,25.75,470,248,150,150,320,98,620,398,300,300,61.45,5.46,TRACKED,RETAINED,data/phase2_roi_crops/retained/WhatsApp_Video_2026-08-11_at_6.55.13_AM/crop_001545.jpg
WhatsApp Video 2026-08-11 at 6.55.13 AM.mp4,10,Copper,train,1560,26.0,472,248,150,150,322,98,622,398,300,300,55.57,3.79,TRACKED,RETAINED,data/phase2_roi_crops/retained/WhatsApp_Video_2026-08-11_at_6.55.13_AM/crop_001560.jpg
WhatsApp Video 2026-08-11 at 6.55.13 AM.mp4,10,Copper,train,1575,26.25,468,250,150,150,318,100,618,400,300,300,63.87,5.85,TRACKED,RETAINED,data/phase2_roi_crops/retained/WhatsApp_Video_2026-08-11_at_6.55.13_AM/crop_001575.jpg
WhatsApp Video 2026-08-11 at 6.55.13 AM.mp4,10,Copper,train,1590,26.5,468,246,150,150,318,96,618,396,300,300,51.99,19.87,TRACKED,RETAINED,data/phase2_roi_crops/retained/WhatsApp_Video_2026-08-11_at_6.55.13_AM/crop_001590.jpg
WhatsApp Video 2026-08-11 at 6.55.13 AM.mp4,10,Copper,train,1605,26.75,470,250,150,150,320,100,620,400,300,300,60.37,3.0,TRACKED,RETAINED,data/phase2_roi_crops/retained/WhatsApp_Video_2026-08-11_at_6.55.13_AM/crop_001605.jpg
WhatsApp Video 2026-08-11 at 6.55.13 AM.mp4,10,Copper,train,1620,27.0,467,247,150,150,317,97,617,397,300,300,57.46,3.04,TRACKED,RETAINED,data/phase2_roi_crops/retained/WhatsApp_Video_2026-08-11_at_6.55.13_AM/crop_001620.jpg
WhatsApp Video 2026-08-11 at 6.55.13 AM.mp4,10,Copper,train,1635,27.25,466,248,150,150,316,98,616,398,300,300,57.24,3.05,TRACKED,RETAINED,data/phase2_roi_crops/retained/WhatsApp_Video_2026-08-11_at_6.55.13_AM/crop_001635.jpg
WhatsApp Video 2026-08-11 at 6.55.13 AM.mp4,10,Copper,train,1650,27.5,469,249,150,150,319,99,619,399,300,300,70.75,15.52,TRACKED,RETAINED,data/phase2_roi_crops/retained/WhatsApp_Video_2026-08-11_at_6.55.13_AM/crop_001650.jpg
WhatsApp Video 2026-08-11 at 6.55.13 AM.mp4,10,Copper,train,1665,27.75,467,244,150,150,317,94,617,394,300,300,66.2,15.0,TRACKED,RETAINED,data/phase2_roi_crops/retained/WhatsApp_Video_2026-08-11_at_6.55.13_AM/crop_001665.jpg
WhatsApp Video 2026-08-11 at 6.55.13 AM.mp4,10,Copper,train,1680,28.0,466,241,150,150,316,91,616,391,300,300,77.83,10.52,TRACKED,RETAINED,data/phase2_roi_crops/retained/WhatsApp_Video_2026-08-11_at_6.55.13_AM/crop_001680.jpg
WhatsApp Video 2026-08-11 at 6.55.13 AM.mp4,10,Copper,train,1695,28.25,464,243,150,150,314,93,614,393,300,300,74.64,14.6,TRACKED,RETAINED,data/phase2_roi_crops/retained/WhatsApp_Video_2026-08-11_at_6.55.13_AM/crop_001695.jpg
WhatsApp Video 2026-08-11 at 6.55.13 AM.mp4,10,Copper,train,1710,28.5,466,247,150,150,316,97,616,397,300,300,64.21,14.65,TRACKED,RETAINED,data/phase2_roi_crops/retained/WhatsApp_Video_2026-08-11_at_6.55.13_AM/crop_001710.jpg
WhatsApp Video 2026-08-11 at 6.55.13 AM.mp4,10,Copper,train,1725,28.75,465,243,150,150,315,93,615,393,300,300,71.0,12.23,TRACKED,RETAINED,data/phase2_roi_crops/retained/WhatsApp_Video_2026-08-11_at_6.55.13_AM/crop_001725.jpg
WhatsApp Video 2026-08-11 at 6.55.13 AM.mp4,10,Copper,train,1740,29.0,467,244,150,150,317,94,617,394,300,300,62.9,7.35,TRACKED,RETAINED,data/phase2_roi_crops/retained/WhatsApp_Video_2026-08-11_at_6.55.13_AM/crop_001740.jpg
WhatsApp Video 2026-08-11 at 6.55.13 AM.mp4,10,Copper,train,1755,29.25,465,243,150,150,315,93,615,393,300,300,57.08,8.79,TRACKED,RETAINED,data/phase2_roi_crops/retained/WhatsApp_Video_2026-08-11_at_6.55.13_AM/crop_001755.jpg
WhatsApp Video 2026-08-11 at 6.55.13 AM.mp4,10,Copper,train,1770,29.5,462,245,150,150,312,95,612,395,300,300,73.33,13.19,TRACKED,RETAINED,data/phase2_roi_crops/retained/WhatsApp_Video_2026-08-11_at_6.55.13_AM/crop_001770.jpg
WhatsApp Video 2026-08-11 at 6.55.13 AM.mp4,10,Copper,train,1785,29.75,464,241,150,150,314,91,614,391,300,300,75.04,9.26,TRACKED,RETAINED,data/phase2_roi_crops/retained/WhatsApp_Video_2026-08-11_at_6.55.13_AM/crop_001785.jpg
WhatsApp Video 2026-08-11 at 6.55.13 AM.mp4,10,Copper,train,1800,30.0,465,240,150,150,315,90,615,390,300,300,127.04,12.01,TRACKED,RETAINED,data/phase2_roi_crops/retained/WhatsApp_Video_2026-08-11_at_6.55.13_AM/crop_001800.jpg
WhatsApp Video 2026-08-11 at 6.55.13 AM.mp4,10,Copper,train,1815,30.25,464,240,150,150,314,90,614,390,300,300,76.68,8.32,TRACKED,RETAINED,data/phase2_roi_crops/retained/WhatsApp_Video_2026-08-11_at_6.55.13_AM/crop_001815.jpg
WhatsApp Video 2026-08-11 at 6.55.13 AM.mp4,10,Copper,train,1830,30.5,467,243,150,150,317,93,617,393,300,300,65.58,8.16,TRACKED,RETAINED,data/phase2_roi_crops/retained/WhatsApp_Video_2026-08-11_at_6.55.13_AM/crop_001830.jpg
WhatsApp Video 2026-08-11 at 6.55.13 AM.mp4,10,Copper,train,1845,30.75,462,243,150,150,312,93,612,393,300,300,65.73,15.72,TRACKED,RETAINED,data/phase2_roi_crops/retained/WhatsApp_Video_2026-08-11_at_6.55.13_AM/crop_001845.jpg
WhatsApp Video 2026-08-11 at 6.55.13 AM.mp4,10,Copper,train,1860,31.0,462,243,150,150,312,93,612,393,300,300,78.42,4.32,TRACKED,RETAINED,data/phase2_roi_crops/retained/WhatsApp_Video_2026-08-11_at_6.55.13_AM/crop_001860.jpg
WhatsApp Video 2026-08-11 at 6.55.13 AM.mp4,10,Copper,train,1875,31.25,466,240,150,150,316,90,616,390,300,300,68.12,9.18,TRACKED,RETAINED,data/phase2_roi_crops/retained/WhatsApp_Video_2026-08-11_at_6.55.13_AM/crop_001875.jpg
WhatsApp Video 2026-08-11 at 6.55.13 AM.mp4,10,Copper,train,1890,31.5,462,239,150,150,312,89,612,389,300,300,70.57,8.77,TRACKED,RETAINED,data/phase2_roi_crops/retained/WhatsApp_Video_2026-08-11_at_6.55.13_AM/crop_001890.jpg
WhatsApp Video 2026-08-11 at 6.55.13 AM.mp4,10,Copper,train,1905,31.75,464,239,150,150,314,89,614,389,300,300,66.24,14.29,TRACKED,RETAINED,data/phase2_roi_crops/retained/WhatsApp_Video_2026-08-11_at_6.55.13_AM/crop_001905.jpg
WhatsApp Video 2026-08-11 at 6.55.13 AM.mp4,10,Copper,train,1920,32.0,461,237,150,150,311,87,611,387,300,300,56.5,13.59,TRACKED,RETAINED,data/phase2_roi_crops/retained/WhatsApp_Video_2026-08-11_at_6.55.13_AM/crop_001920.jpg
WhatsApp Video 2026-08-11 at 6.55.13 AM.mp4,10,Copper,train,1935,32.25,464,241,150,150,314,91,614,391,300,300,53.22,14.77,TRACKED,RETAINED,data/phase2_roi_crops/retained/WhatsApp_Video_2026-08-11_at_6.55.13_AM/crop_001935.jpg
WhatsApp Video 2026-08-11 at 6.55.13 AM.mp4,10,Copper,train,1950,32.5,465,240,150,150,315,90,615,390,300,300,63.08,13.33,TRACKED,RETAINED,data/phase2_roi_crops/retained/WhatsApp_Video_2026-08-11_at_6.55.13_AM/crop_001950.jpg
WhatsApp Video 2026-08-11 at 6.55.13 AM.mp4,10,Copper,train,1965,32.75,464,237,150,150,314,87,614,387,300,300,57.36,3.76,TRACKED,RETAINED,data/phase2_roi_crops/retained/WhatsApp_Video_2026-08-11_at_6.55.13_AM/crop_001965.jpg
WhatsApp Video 2026-08-11 at 6.55.13 AM.mp4,10,Copper,train,1980,33.0,463,237,150,150,313,87,613,387,300,300,59.01,5.89,TRACKED,RETAINED,data/phase2_roi_crops/retained/WhatsApp_Video_2026-08-11_at_6.55.13_AM/crop_001980.jpg
WhatsApp Video 2026-08-11 at 6.55.13 AM.mp4,10,Copper,train,1995,33.25,466,243,150,150,316,93,616,393,300,300,71.97,19.9,TRACKED,RETAINED,data/phase2_roi_crops/retained/WhatsApp_Video_2026-08-11_at_6.55.13_AM/crop_001995.jpg
WhatsApp Video 2026-08-11 at 6.55.13 AM.mp4,10,Copper,train,2010,33.5,470,238,150,150,320,88,620,388,300,300,69.13,13.87,TRACKED,RETAINED,data/phase2_roi_crops/retained/WhatsApp_Video_2026-08-11_at_6.55.13_AM/crop_002010.jpg
WhatsApp Video 2026-08-11 at 6.55.13 AM.mp4,10,Copper,train,2025,33.75,464,234,150,150,314,84,614,384,300,300,62.19,10.14,TRACKED,RETAINED,data/phase2_roi_crops/retained/WhatsApp_Video_2026-08-11_at_6.55.13_AM/crop_002025.jpg
WhatsApp Video 2026-08-11 at 6.55.13 AM.mp4,10,Copper,train,2040,34.0,465,234,150,150,315,84,615,384,300,300,60.74,6.19,TRACKED,RETAINED,data/phase2_roi_crops/retained/WhatsApp_Video_2026-08-11_at_6.55.13_AM/crop_002040.jpg
WhatsApp Video 2026-08-11 at 6.55.13 AM.mp4,10,Copper,train,2055,34.25,465,237,150,150,315,87,615,387,300,300,68.14,15.89,TRACKED,RETAINED,data/phase2_roi_crops/retained/WhatsApp_Video_2026-08-11_at_6.55.13_AM/crop_002055.jpg
WhatsApp Video 2026-08-11 at 6.55.13 AM.mp4,10,Copper,train,2070,34.5,465,235,150,150,315,85,615,385,300,300,59.79,19.55,TRACKED,RETAINED,data/phase2_roi_crops/retained/WhatsApp_Video_2026-08-11_at_6.55.13_AM/crop_002070.jpg
WhatsApp Video 2026-08-11 at 6.55.13 AM.mp4,10,Copper,train,2085,34.75,460,233,150,150,310,83,610,383,300,300,58.16,20.02,TRACKED,RETAINED,data/phase2_roi_crops/retained/WhatsApp_Video_2026-08-11_at_6.55.13_AM/crop_002085.jpg
WhatsApp Video 2026-08-11 at 6.55.13 AM.mp4,10,Copper,train,2100,35.0,463,234,150,150,313,84,613,384,300,300,103.91,18.08,TRACKED,RETAINED,data/phase2_roi_crops/retained/WhatsApp_Video_2026-08-11_at_6.55.13_AM/crop_002100.jpg
WhatsApp Video 2026-08-11 at 6.55.13 AM.mp4,10,Copper,train,2115,35.25,464,237,150,150,314,87,614,387,300,300,57.82,6.06,TRACKED,RETAINED,data/phase2_roi_crops/retained/WhatsApp_Video_2026-08-11_at_6.55.13_AM/crop_002115.jpg
WhatsApp Video 2026-08-11 at 6.55.13 AM.mp4,10,Copper,train,2130,35.5,469,237,150,150,319,87,619,387,300,300,53.58,4.87,TRACKED,RETAINED,data/phase2_roi_crops/retained/WhatsApp_Video_2026-08-11_at_6.55.13_AM/crop_002130.jpg
WhatsApp Video 2026-08-11 at 6.55.13 AM.mp4,10,Copper,train,2145,35.75,464,236,150,150,314,86,614,386,300,300,52.17,9.38,TRACKED,RETAINED,data/phase2_roi_crops/retained/WhatsApp_Video_2026-08-11_at_6.55.13_AM/crop_002145.jpg
WhatsApp Video 2026-08-11 at 6.55.13 AM.mp4,10,Copper,train,2160,36.0,461,236,150,150,311,86,611,386,300,300,59.91,5.44,TRACKED,RETAINED,data/phase2_roi_crops/retained/WhatsApp_Video_2026-08-11_at_6.55.13_AM/crop_002160.jpg
WhatsApp Video 2026-08-11 at 6.55.13 AM.mp4,10,Copper,train,2175,36.25,465,235,150,150,315,85,615,385,300,300,56.99,12.55,TRACKED,RETAINED,data/phase2_roi_crops/retained/WhatsApp_Video_2026-08-11_at_6.55.13_AM/crop_002175.jpg
WhatsApp Video 2026-08-11 at 6.55.13 AM.mp4,10,Copper,train,2190,36.5,465,229,150,150,315,79,615,379,300,300,51.03,6.66,TRACKED,RETAINED,data/phase2_roi_crops/retained/WhatsApp_Video_2026-08-11_at_6.55.13_AM/crop_002190.jpg
WhatsApp Video 2026-08-11 at 6.55.13 AM.mp4,10,Copper,train,2205,36.75,465,231,150,150,315,81,615,381,300,300,58.52,13.56,TRACKED,RETAINED,data/phase2_roi_crops/retained/WhatsApp_Video_2026-08-11_at_6.55.13_AM/crop_002205.jpg
WhatsApp Video 2026-08-11 at 6.55.13 AM.mp4,10,Copper,train,2220,37.0,469,232,150,150,319,82,619,382,300,300,59.47,5.94,TRACKED,RETAINED,data/phase2_roi_crops/retained/WhatsApp_Video_2026-08-11_at_6.55.13_AM/crop_002220.jpg
WhatsApp Video 2026-08-11 at 6.55.13 AM.mp4,10,Copper,train,2235,37.25,467,232,150,150,317,82,617,382,300,300,60.66,11.84,TRACKED,RETAINED,data/phase2_roi_crops/retained/WhatsApp_Video_2026-08-11_at_6.55.13_AM/crop_002235.jpg
WhatsApp Video 2026-08-11 at 6.55.13 AM.mp4,10,Copper,train,2250,37.5,464,232,150,150,314,82,614,382,300,300,46.6,11.08,TRACKED,RETAINED,data/phase2_roi_crops/retained/WhatsApp_Video_2026-08-11_at_6.55.13_AM/crop_002250.jpg
WhatsApp Video 2026-08-11 at 6.55.13 AM.mp4,10,Copper,train,2265,37.75,464,233,150,150,314,83,614,383,300,300,50.68,6.16,TRACKED,RETAINED,data/phase2_roi_crops/retained/WhatsApp_Video_2026-08-11_at_6.55.13_AM/crop_002265.jpg
WhatsApp Video 2026-08-11 at 6.55.13 AM.mp4,10,Copper,train,2280,38.0,461,231,150,150,311,81,611,381,300,300,51.1,4.7,TRACKED,RETAINED,data/phase2_roi_crops/retained/WhatsApp_Video_2026-08-11_at_6.55.13_AM/crop_002280.jpg
WhatsApp Video 2026-08-11 at 6.55.13 AM.mp4,10,Copper,train,2295,38.25,461,230,150,150,311,80,611,380,300,300,45.83,3.12,TRACKED,RETAINED,data/phase2_roi_crops/retained/WhatsApp_Video_2026-08-11_at_6.55.13_AM/crop_002295.jpg
WhatsApp Video 2026-08-11 at 6.55.13 AM.mp4,10,Copper,train,2310,38.5,464,229,150,150,314,79,614,379,300,300,52.27,4.33,TRACKED,RETAINED,data/phase2_roi_crops/retained/WhatsApp_Video_2026-08-11_at_6.55.13_AM/crop_002310.jpg
WhatsApp Video 2026-08-11 at 6.55.13 AM.mp4,10,Copper,train,2325,38.75,464,234,150,150,314,84,614,384,300,300,55.75,17.64,TRACKED,RETAINED,data/phase2_roi_crops/retained/WhatsApp_Video_2026-08-11_at_6.55.13_AM/crop_002325.jpg
WhatsApp Video 2026-08-11 at 6.55.13 AM.mp4,10,Copper,train,2340,39.0,461,231,150,150,311,81,611,381,300,300,45.65,12.23,TRACKED,RETAINED,data/phase2_roi_crops/retained/WhatsApp_Video_2026-08-11_at_6.55.13_AM/crop_002340.jpg
WhatsApp Video 2026-08-11 at 6.55.13 AM.mp4,10,Copper,train,2355,39.25,461,230,150,150,311,80,611,380,300,300,50.57,3.06,TRACKED,RETAINED,data/phase2_roi_crops/retained/WhatsApp_Video_2026-08-11_at_6.55.13_AM/crop_002355.jpg
WhatsApp Video 2026-08-11 at 6.55.13 AM.mp4,10,Copper,train,2370,39.5,466,230,150,150,316,80,616,380,300,300,48.66,5.92,TRACKED,RETAINED,data/phase2_roi_crops/retained/WhatsApp_Video_2026-08-11_at_6.55.13_AM/crop_002370.jpg
WhatsApp Video 2026-08-11 at 6.55.13 AM.mp4,10,Copper,train,2385,39.75,464,229,150,150,314,79,614,379,300,300,43.67,7.26,TRACKED,RETAINED,data/phase2_roi_crops/retained/WhatsApp_Video_2026-08-11_at_6.55.13_AM/crop_002385.jpg
WhatsApp Video 2026-08-11 at 6.55.13 AM.mp4,10,Copper,train,2400,40.0,461,228,150,150,311,78,611,378,300,300,86.69,5.32,TRACKED,RETAINED,data/phase2_roi_crops/retained/WhatsApp_Video_2026-08-11_at_6.55.13_AM/crop_002400.jpg
WhatsApp Video 2026-08-11 at 6.55.13 AM.mp4,10,Copper,train,2415,40.25,461,226,150,150,311,76,611,376,300,300,45.75,2.65,TRACKED,RETAINED,data/phase2_roi_crops/retained/WhatsApp_Video_2026-08-11_at_6.55.13_AM/crop_002415.jpg
WhatsApp Video 2026-08-11 at 6.55.13 AM.mp4,10,Copper,train,2430,40.5,460,229,150,150,310,79,610,379,300,300,44.53,3.56,TRACKED,RETAINED,data/phase2_roi_crops/retained/WhatsApp_Video_2026-08-11_at_6.55.13_AM/crop_002430.jpg
WhatsApp Video 2026-08-11 at 6.55.13 AM.mp4,10,Copper,train,2445,40.75,461,230,150,150,311,80,611,380,300,300,44.99,6.48,TRACKED,RETAINED,data/phase2_roi_crops/retained/WhatsApp_Video_2026-08-11_at_6.55.13_AM/crop_002445.jpg
WhatsApp Video 2026-08-11 at 6.55.13 AM.mp4,10,Copper,train,2460,41.0,462,228,150,150,312,78,612,378,300,300,48.02,14.58,TRACKED,RETAINED,data/phase2_roi_crops/retained/WhatsApp_Video_2026-08-11_at_6.55.13_AM/crop_002460.jpg
WhatsApp Video 2026-08-11 at 6.55.13 AM.mp4,10,Copper,train,2475,41.25,461,231,150,150,311,81,611,381,300,300,44.69,4.48,TRACKED,RETAINED,data/phase2_roi_crops/retained/WhatsApp_Video_2026-08-11_at_6.55.13_AM/crop_002475.jpg
WhatsApp Video 2026-08-11 at 6.55.13 AM.mp4,10,Copper,train,2490,41.5,465,224,150,150,315,74,615,374,300,300,43.85,22.97,TRACKED,RETAINED,data/phase2_roi_crops/retained/WhatsApp_Video_2026-08-11_at_6.55.13_AM/crop_002490.jpg
WhatsApp Video 2026-08-11 at 6.55.13 AM.mp4,10,Copper,train,2505,41.75,467,226,150,150,317,76,617,376,300,300,40.81,18.9,TRACKED,RETAINED,data/phase2_roi_crops/retained/WhatsApp_Video_2026-08-11_at_6.55.13_AM/crop_002505.jpg
WhatsApp Video 2026-08-11 at 6.55.13 AM.mp4,10,Copper,train,2520,42.0,461,223,150,150,311,73,611,373,300,300,40.81,7.67,TRACKED,RETAINED,data/phase2_roi_crops/retained/WhatsApp_Video_2026-08-11_at_6.55.13_AM/crop_002520.jpg
WhatsApp Video 2026-08-11 at 6.55.13 AM.mp4,10,Copper,train,2535,42.25,464,226,150,150,314,76,614,376,300,300,32.89,16.34,TRACKED,RETAINED,data/phase2_roi_crops/retained/WhatsApp_Video_2026-08-11_at_6.55.13_AM/crop_002535.jpg
WhatsApp Video 2026-08-11 at 6.55.13 AM.mp4,10,Copper,train,2550,42.5,464,227,150,150,314,77,614,377,300,300,45.08,4.36,TRACKED,RETAINED,data/phase2_roi_crops/retained/WhatsApp_Video_2026-08-11_at_6.55.13_AM/crop_002550.jpg
WhatsApp Video 2026-08-11 at 6.55.13 AM.mp4,10,Copper,train,2565,42.75,465,225,150,150,315,75,615,375,300,300,41.93,5.21,TRACKED,RETAINED,data/phase2_roi_crops/retained/WhatsApp_Video_2026-08-11_at_6.55.13_AM/crop_002565.jpg
WhatsApp Video 2026-08-11 at 6.55.13 AM.mp4,10,Copper,train,2580,43.0,465,225,150,150,315,75,615,375,300,300,41.11,9.49,TRACKED,RETAINED,data/phase2_roi_crops/retained/WhatsApp_Video_2026-08-11_at_6.55.13_AM/crop_002580.jpg
WhatsApp Video 2026-08-11 at 6.55.13 AM.mp4,10,Copper,train,2595,43.25,463,224,150,150,313,74,613,374,300,300,39.15,19.59,TRACKED,RETAINED,data/phase2_roi_crops/retained/WhatsApp_Video_2026-08-11_at_6.55.13_AM/crop_002595.jpg
WhatsApp Video 2026-08-11 at 6.55.13 AM.mp4,10,Copper,train,2610,43.5,465,224,150,150,315,74,615,374,300,300,43.81,7.64,TRACKED,RETAINED,data/phase2_roi_crops/retained/WhatsApp_Video_2026-08-11_at_6.55.13_AM/crop_002610.jpg
WhatsApp Video 2026-08-11 at 6.55.13 AM.mp4,10,Copper,train,2625,43.75,465,224,150,150,315,74,615,374,300,300,36.12,16.05,TRACKED,RETAINED,data/phase2_roi_crops/retained/WhatsApp_Video_2026-08-11_at_6.55.13_AM/crop_002625.jpg
WhatsApp Video 2026-08-11 at 6.55.13 AM.mp4,10,Copper,train,2640,44.0,463,225,150,150,313,75,613,375,300,300,37.61,15.36,TRACKED,RETAINED,data/phase2_roi_crops/retained/WhatsApp_Video_2026-08-11_at_6.55.13_AM/crop_002640.jpg
WhatsApp Video 2026-08-11 at 6.55.13 AM.mp4,10,Copper,train,2655,44.25,460,225,150,150,310,75,610,375,300,300,38.09,3.82,TRACKED,RETAINED,data/phase2_roi_crops/retained/WhatsApp_Video_2026-08-11_at_6.55.13_AM/crop_002655.jpg
WhatsApp Video 2026-08-11 at 6.55.13 AM.mp4,10,Copper,train,2670,44.5,465,224,150,150,315,74,615,374,300,300,38.86,10.39,TRACKED,RETAINED,data/phase2_roi_crops/retained/WhatsApp_Video_2026-08-11_at_6.55.13_AM/crop_002670.jpg
WhatsApp Video 2026-08-11 at 6.55.13 AM.mp4,10,Copper,train,2685,44.75,464,224,150,150,314,74,614,374,300,300,35.66,7.62,TRACKED,RETAINED,data/phase2_roi_crops/retained/WhatsApp_Video_2026-08-11_at_6.55.13_AM/crop_002685.jpg
WhatsApp Video 2026-08-11 at 6.55.13 AM.mp4,10,Copper,train,2700,45.0,461,221,150,150,311,71,611,371,300,300,69.52,7.53,TRACKED,RETAINED,data/phase2_roi_crops/retained/WhatsApp_Video_2026-08-11_at_6.55.13_AM/crop_002700.jpg
WhatsApp Video 2026-08-11 at 6.55.13 AM.mp4,10,Copper,train,2715,45.25,464,221,150,150,314,71,614,371,300,300,33.34,8.67,TRACKED,RETAINED,data/phase2_roi_crops/retained/WhatsApp_Video_2026-08-11_at_6.55.13_AM/crop_002715.jpg
WhatsApp Video 2026-08-11 at 6.55.13 AM.mp4,10,Copper,train,2730,45.5,459,216,150,150,309,66,609,366,300,300,35.84,4.43,TRACKED,RETAINED,data/phase2_roi_crops/retained/WhatsApp_Video_2026-08-11_at_6.55.13_AM/crop_002730.jpg
WhatsApp Video 2026-08-11 at 6.55.13 AM.mp4,10,Copper,train,2745,45.75,464,220,150,150,314,70,614,370,300,300,37.05,16.95,TRACKED,RETAINED,data/phase2_roi_crops/retained/WhatsApp_Video_2026-08-11_at_6.55.13_AM/crop_002745.jpg
WhatsApp Video 2026-08-11 at 6.55.13 AM.mp4,10,Copper,train,2760,46.0,462,218,150,150,312,68,612,368,300,300,36.92,13.84,TRACKED,RETAINED,data/phase2_roi_crops/retained/WhatsApp_Video_2026-08-11_at_6.55.13_AM/crop_002760.jpg
WhatsApp Video 2026-08-11 at 6.55.13 AM.mp4,10,Copper,train,2775,46.25,464,222,150,150,314,72,614,372,300,300,34.8,4.41,TRACKED,RETAINED,data/phase2_roi_crops/retained/WhatsApp_Video_2026-08-11_at_6.55.13_AM/crop_002775.jpg
WhatsApp Video 2026-08-11 at 6.55.13 AM.mp4,10,Copper,train,2790,46.5,460,218,150,150,310,68,610,368,300,300,31.15,7.18,TRACKED,RETAINED,data/phase2_roi_crops/retained/WhatsApp_Video_2026-08-11_at_6.55.13_AM/crop_002790.jpg
WhatsApp Video 2026-08-11 at 6.55.13 AM.mp4,10,Copper,train,2805,46.75,462,219,150,150,312,69,612,369,300,300,37.3,13.22,TRACKED,RETAINED,data/phase2_roi_crops/retained/WhatsApp_Video_2026-08-11_at_6.55.13_AM/crop_002805.jpg
WhatsApp Video 2026-08-11 at 6.55.13 AM.mp4,10,Copper,train,2820,47.0,464,220,150,150,314,70,614,370,300,300,34.22,12.83,TRACKED,RETAINED,data/phase2_roi_crops/retained/WhatsApp_Video_2026-08-11_at_6.55.13_AM/crop_002820.jpg
WhatsApp Video 2026-08-11 at 6.55.13 AM.mp4,10,Copper,train,2835,47.25,460,217,150,150,310,67,610,367,300,300,32.5,10.1,TRACKED,RETAINED,data/phase2_roi_crops/retained/WhatsApp_Video_2026-08-11_at_6.55.13_AM/crop_002835.jpg
WhatsApp Video 2026-08-11 at 6.55.13 AM.mp4,10,Copper,train,2850,47.5,461,219,150,150,311,69,611,369,300,300,35.31,4.35,TRACKED,RETAINED,data/phase2_roi_crops/retained/WhatsApp_Video_2026-08-11_at_6.55.13_AM/crop_002850.jpg
WhatsApp Video 2026-08-11 at 6.55.13 AM.mp4,10,Copper,train,2865,47.75,461,219,150,150,311,69,611,369,300,300,34.09,7.25,TRACKED,RETAINED,data/phase2_roi_crops/retained/WhatsApp_Video_2026-08-11_at_6.55.13_AM/crop_002865.jpg
WhatsApp Video 2026-08-11 at 6.55.13 AM.mp4,10,Copper,train,2880,48.0,461,218,150,150,311,68,611,368,300,300,36.16,11.71,TRACKED,RETAINED,data/phase2_roi_crops/retained/WhatsApp_Video_2026-08-11_at_6.55.13_AM/crop_002880.jpg
WhatsApp Video 2026-08-11 at 6.55.13 AM.mp4,10,Copper,train,2895,48.25,462,212,150,150,312,62,612,362,300,300,34.96,19.33,TRACKED,RETAINED,data/phase2_roi_crops/retained/WhatsApp_Video_2026-08-11_at_6.55.13_AM/crop_002895.jpg
WhatsApp Video 2026-08-11 at 6.55.13 AM.mp4,10,Copper,train,2910,48.5,462,219,150,150,312,69,612,369,300,300,33.32,16.96,TRACKED,RETAINED,data/phase2_roi_crops/retained/WhatsApp_Video_2026-08-11_at_6.55.13_AM/crop_002910.jpg
WhatsApp Video 2026-08-11 at 6.55.13 AM.mp4,10,Copper,train,2925,48.75,463,218,150,150,313,68,613,368,300,300,30.08,11.51,TRACKED,RETAINED,data/phase2_roi_crops/retained/WhatsApp_Video_2026-08-11_at_6.55.13_AM/crop_002925.jpg
WhatsApp Video 2026-08-11 at 6.55.13 AM.mp4,10,Copper,train,2940,49.0,462,219,150,150,312,69,612,369,300,300,27.44,7.87,TRACKED,RETAINED,data/phase2_roi_crops/retained/WhatsApp_Video_2026-08-11_at_6.55.13_AM/crop_002940.jpg
WhatsApp Video 2026-08-11 at 6.55.13 AM.mp4,10,Copper,train,2955,49.25,462,218,150,150,312,68,612,368,300,300,30.34,4.56,TRACKED,RETAINED,data/phase2_roi_crops/retained/WhatsApp_Video_2026-08-11_at_6.55.13_AM/crop_002955.jpg
WhatsApp Video 2026-08-11 at 6.55.13 AM.mp4,10,Copper,train,2970,49.5,463,220,150,150,313,70,613,370,300,300,29.72,9.2,TRACKED,RETAINED,data/phase2_roi_crops/retained/WhatsApp_Video_2026-08-11_at_6.55.13_AM/crop_002970.jpg
WhatsApp Video 2026-08-11 at 6.55.13 AM.mp4,10,Copper,train,2985,49.75,466,218,150,150,316,68,616,368,300,300,26.66,4.3,TRACKED,RETAINED,data/phase2_roi_crops/retained/WhatsApp_Video_2026-08-11_at_6.55.13_AM/crop_002985.jpg
WhatsApp Video 2026-08-11 at 6.55.13 AM.mp4,10,Copper,train,3000,50.0,464,218,150,150,314,68,614,368,300,300,53.42,4.38,TRACKED,RETAINED,data/phase2_roi_crops/retained/WhatsApp_Video_2026-08-11_at_6.55.13_AM/crop_003000.jpg
WhatsApp Video 2026-08-11 at 6.55.13 AM.mp4,10,Copper,train,3015,50.25,464,220,150,150,314,70,614,370,300,300,31.08,13.84,TRACKED,RETAINED,data/phase2_roi_crops/retained/WhatsApp_Video_2026-08-11_at_6.55.13_AM/crop_003015.jpg
WhatsApp Video 2026-08-11 at 6.55.13 AM.mp4,10,Copper,train,3030,50.5,465,218,150,150,315,68,615,368,300,300,30.84,3.79,TRACKED,RETAINED,data/phase2_roi_crops/retained/WhatsApp_Video_2026-08-11_at_6.55.13_AM/crop_003030.jpg
WhatsApp Video 2026-08-11 at 6.55.13 AM.mp4,10,Copper,train,3045,50.75,466,223,150,150,316,73,616,373,300,300,27.58,3.41,TRACKED,RETAINED,data/phase2_roi_crops/retained/WhatsApp_Video_2026-08-11_at_6.55.13_AM/crop_003045.jpg
WhatsApp Video 2026-08-11 at 6.55.13 AM.mp4,10,Copper,train,3060,51.0,464,224,150,150,314,74,614,374,300,300,24.55,14.01,TRACKED,RETAINED,data/phase2_roi_crops/retained/WhatsApp_Video_2026-08-11_at_6.55.13_AM/crop_003060.jpg
WhatsApp Video 2026-08-11 at 6.55.13 AM.mp4,10,Copper,train,3075,51.25,466,220,150,150,316,70,616,370,300,300,26.7,9.38,TRACKED,RETAINED,data/phase2_roi_crops/retained/WhatsApp_Video_2026-08-11_at_6.55.13_AM/crop_003075.jpg
WhatsApp Video 2026-08-11 at 6.55.13 AM.mp4,10,Copper,train,3090,51.5,465,217,150,150,315,67,615,367,300,300,28.26,3.59,TRACKED,RETAINED,data/phase2_roi_crops/retained/WhatsApp_Video_2026-08-11_at_6.55.13_AM/crop_003090.jpg
WhatsApp Video 2026-08-11 at 6.55.13 AM.mp4,10,Copper,train,3105,51.75,466,222,150,150,316,72,616,372,300,300,29.82,9.75,TRACKED,RETAINED,data/phase2_roi_crops/retained/WhatsApp_Video_2026-08-11_at_6.55.13_AM/crop_003105.jpg
WhatsApp Video 2026-08-11 at 6.55.13 AM.mp4,10,Copper,train,3120,52.0,465,223,150,150,315,73,615,373,300,300,28.07,4.68,TRACKED,RETAINED,data/phase2_roi_crops/retained/WhatsApp_Video_2026-08-11_at_6.55.13_AM/crop_003120.jpg
WhatsApp Video 2026-08-11 at 6.55.13 AM.mp4,10,Copper,train,3135,52.25,466,221,150,150,316,71,616,371,300,300,26.58,4.56,TRACKED,RETAINED,data/phase2_roi_crops/retained/WhatsApp_Video_2026-08-11_at_6.55.13_AM/crop_003135.jpg
WhatsApp Video 2026-08-11 at 6.55.13 AM.mp4,10,Copper,train,3150,52.5,468,221,150,150,318,71,618,371,300,300,27.94,11.23,TRACKED,RETAINED,data/phase2_roi_crops/retained/WhatsApp_Video_2026-08-11_at_6.55.13_AM/crop_003150.jpg
WhatsApp Video 2026-08-11 at 6.55.13 AM.mp4,10,Copper,train,3165,52.75,466,220,150,150,316,70,616,370,300,300,28.71,3.57,TRACKED,RETAINED,data/phase2_roi_crops/retained/WhatsApp_Video_2026-08-11_at_6.55.13_AM/crop_003165.jpg
WhatsApp Video 2026-08-11 at 6.55.13 AM.mp4,10,Copper,train,3180,53.0,468,222,150,150,318,72,618,372,300,300,26.74,11.44,TRACKED,RETAINED,data/phase2_roi_crops/retained/WhatsApp_Video_2026-08-11_at_6.55.13_AM/crop_003180.jpg
WhatsApp Video 2026-08-11 at 6.55.13 AM.mp4,10,Copper,train,3195,53.25,471,219,150,150,321,69,621,369,300,300,28.0,3.32,TRACKED,RETAINED,data/phase2_roi_crops/retained/WhatsApp_Video_2026-08-11_at_6.55.13_AM/crop_003195.jpg
WhatsApp Video 2026-08-11 at 6.55.13 AM.mp4,10,Copper,train,3210,53.5,471,222,150,150,321,72,621,372,300,300,31.76,13.34,TRACKED,RETAINED,data/phase2_roi_crops/retained/WhatsApp_Video_2026-08-11_at_6.55.13_AM/crop_003210.jpg
WhatsApp Video 2026-08-11 at 6.55.13 AM.mp4,10,Copper,train,3225,53.75,477,224,150,150,327,74,627,374,300,300,32.69,5.59,TRACKED,RETAINED,data/phase2_roi_crops/retained/WhatsApp_Video_2026-08-11_at_6.55.13_AM/crop_003225.jpg
WhatsApp Video 2026-08-11 at 6.55.13 AM.mp4,10,Copper,train,3240,54.0,471,223,150,150,321,73,621,373,300,300,28.54,13.24,TRACKED,RETAINED,data/phase2_roi_crops/retained/WhatsApp_Video_2026-08-11_at_6.55.13_AM/crop_003240.jpg
WhatsApp Video 2026-08-11 at 6.55.13 AM.mp4,10,Copper,train,3255,54.25,470,225,150,150,320,75,620,375,300,300,27.17,8.89,TRACKED,RETAINED,data/phase2_roi_crops/retained/WhatsApp_Video_2026-08-11_at_6.55.13_AM/crop_003255.jpg
WhatsApp Video 2026-08-11 at 6.55.13 AM.mp4,10,Copper,train,3270,54.5,472,225,150,150,322,75,622,375,300,300,31.31,12.8,TRACKED,RETAINED,data/phase2_roi_crops/retained/WhatsApp_Video_2026-08-11_at_6.55.13_AM/crop_003270.jpg
WhatsApp Video 2026-08-11 at 6.55.13 AM.mp4,10,Copper,train,3285,54.75,476,228,150,150,326,78,626,378,300,300,27.69,8.15,TRACKED,RETAINED,data/phase2_roi_crops/retained/WhatsApp_Video_2026-08-11_at_6.55.13_AM/crop_003285.jpg
WhatsApp Video 2026-08-11 at 6.55.13 AM.mp4,10,Copper,train,3300,55.0,471,226,150,150,321,76,621,376,300,300,40.2,12.63,TRACKED,RETAINED,data/phase2_roi_crops/retained/WhatsApp_Video_2026-08-11_at_6.55.13_AM/crop_003300.jpg
WhatsApp Video 2026-08-11 at 6.55.13 AM.mp4,10,Copper,train,3315,55.25,472,224,150,150,322,74,622,374,300,300,26.95,3.6,TRACKED,RETAINED,data/phase2_roi_crops/retained/WhatsApp_Video_2026-08-11_at_6.55.13_AM/crop_003315.jpg
WhatsApp Video 2026-08-11 at 6.55.13 AM.mp4,10,Copper,train,3330,55.5,473,225,150,150,323,75,623,375,300,300,28.16,4.44,TRACKED,RETAINED,data/phase2_roi_crops/retained/WhatsApp_Video_2026-08-11_at_6.55.13_AM/crop_003330.jpg
WhatsApp Video 2026-08-11 at 6.55.13 AM.mp4,10,Copper,train,3345,55.75,475,223,150,150,325,73,625,373,300,300,26.0,4.64,TRACKED,RETAINED,data/phase2_roi_crops/retained/WhatsApp_Video_2026-08-11_at_6.55.13_AM/crop_003345.jpg
WhatsApp Video 2026-08-11 at 6.55.13 AM.mp4,10,Copper,train,3360,56.0,476,219,150,150,326,69,626,369,300,300,27.35,3.0,TRACKED,RETAINED,data/phase2_roi_crops/retained/WhatsApp_Video_2026-08-11_at_6.55.13_AM/crop_003360.jpg
WhatsApp Video 2026-08-11 at 6.55.13 AM.mp4,10,Copper,train,3375,56.25,477,222,150,150,327,72,627,372,300,300,26.53,15.39,TRACKED,RETAINED,data/phase2_roi_crops/retained/WhatsApp_Video_2026-08-11_at_6.55.13_AM/crop_003375.jpg
WhatsApp Video 2026-08-11 at 6.55.13 AM.mp4,10,Copper,train,3390,56.5,475,224,150,150,325,74,625,374,300,300,28.94,13.67,TRACKED,RETAINED,data/phase2_roi_crops/retained/WhatsApp_Video_2026-08-11_at_6.55.13_AM/crop_003390.jpg
WhatsApp Video 2026-08-11 at 6.55.13 AM.mp4,10,Copper,train,3405,56.75,478,222,150,150,328,72,628,372,300,300,28.37,7.43,TRACKED,RETAINED,data/phase2_roi_crops/retained/WhatsApp_Video_2026-08-11_at_6.55.13_AM/crop_003405.jpg
WhatsApp Video 2026-08-11 at 6.55.13 AM.mp4,10,Copper,train,3420,57.0,476,226,150,150,326,76,626,376,300,300,29.47,10.92,TRACKED,RETAINED,data/phase2_roi_crops/retained/WhatsApp_Video_2026-08-11_at_6.55.13_AM/crop_003420.jpg
WhatsApp Video 2026-08-11 at 6.55.13 AM.mp4,10,Copper,train,3435,57.25,476,227,150,150,326,77,626,377,300,300,29.29,8.02,TRACKED,RETAINED,data/phase2_roi_crops/retained/WhatsApp_Video_2026-08-11_at_6.55.13_AM/crop_003435.jpg
WhatsApp Video 2026-08-11 at 6.55.13 AM.mp4,10,Copper,train,3450,57.5,477,227,150,150,327,77,627,377,300,300,29.44,13.3,TRACKED,RETAINED,data/phase2_roi_crops/retained/WhatsApp_Video_2026-08-11_at_6.55.13_AM/crop_003450.jpg
WhatsApp Video 2026-08-11 at 6.55.13 AM.mp4,10,Copper,train,3465,57.75,474,228,150,150,324,78,624,378,300,300,27.89,11.23,TRACKED,RETAINED,data/phase2_roi_crops/retained/WhatsApp_Video_2026-08-11_at_6.55.13_AM/crop_003465.jpg
WhatsApp Video 2026-08-11 at 6.55.13 AM.mp4,10,Copper,train,3480,58.0,478,227,150,150,328,77,628,377,300,300,28.7,9.76,TRACKED,RETAINED,data/phase2_roi_crops/retained/WhatsApp_Video_2026-08-11_at_6.55.13_AM/crop_003480.jpg
WhatsApp Video 2026-08-11 at 6.55.13 AM.mp4,10,Copper,train,3495,58.25,479,226,150,150,329,76,629,376,300,300,25.82,4.48,TRACKED,RETAINED,data/phase2_roi_crops/retained/WhatsApp_Video_2026-08-11_at_6.55.13_AM/crop_003495.jpg
WhatsApp Video 2026-08-11 at 6.55.13 AM.mp4,10,Copper,train,3510,58.5,478,224,150,150,328,74,628,374,300,300,28.28,5.61,TRACKED,RETAINED,data/phase2_roi_crops/retained/WhatsApp_Video_2026-08-11_at_6.55.13_AM/crop_003510.jpg
WhatsApp Video 2026-08-11 at 6.55.13 AM.mp4,10,Copper,train,3525,58.75,483,226,150,150,333,76,633,376,300,300,28.55,3.77,TRACKED,RETAINED,data/phase2_roi_crops/retained/WhatsApp_Video_2026-08-11_at_6.55.13_AM/crop_003525.jpg
WhatsApp Video 2026-08-11 at 6.55.13 AM.mp4,10,Copper,train,3540,59.0,484,226,150,150,334,76,634,376,300,300,26.39,12.61,TRACKED,RETAINED,data/phase2_roi_crops/retained/WhatsApp_Video_2026-08-11_at_6.55.13_AM/crop_003540.jpg
WhatsApp Video 2026-08-11 at 6.55.13 AM.mp4,10,Copper,train,3555,59.25,481,228,150,150,331,78,631,378,300,300,28.56,13.6,TRACKED,RETAINED,data/phase2_roi_crops/retained/WhatsApp_Video_2026-08-11_at_6.55.13_AM/crop_003555.jpg
WhatsApp Video 2026-08-11 at 6.55.13 AM.mp4,10,Copper,train,3570,59.5,482,228,150,150,332,78,632,378,300,300,29.51,11.8,TRACKED,RETAINED,data/phase2_roi_crops/retained/WhatsApp_Video_2026-08-11_at_6.55.13_AM/crop_003570.jpg
WhatsApp Video 2026-08-11 at 6.55.13 AM.mp4,10,Copper,train,3585,59.75,480,229,150,150,330,79,630,379,300,300,28.21,8.59,TRACKED,RETAINED,data/phase2_roi_crops/retained/WhatsApp_Video_2026-08-11_at_6.55.13_AM/crop_003585.jpg
WhatsApp Video 2026-08-11 at 6.55.13 AM.mp4,10,Copper,train,3600,60.0,480,229,150,150,330,79,630,379,300,300,40.35,11.35,TRACKED,RETAINED,data/phase2_roi_crops/retained/WhatsApp_Video_2026-08-11_at_6.55.13_AM/crop_003600.jpg
WhatsApp Video 2026-08-11 at 6.55.13 AM.mp4,10,Copper,train,3615,60.25,481,230,150,150,331,80,631,380,300,300,26.35,6.22,TRACKED,RETAINED,data/phase2_roi_crops/retained/WhatsApp_Video_2026-08-11_at_6.55.13_AM/crop_003615.jpg
WhatsApp Video 2026-08-11 at 6.55.13 AM.mp4,10,Copper,train,3630,60.5,480,228,150,150,330,78,630,378,300,300,28.82,8.61,TRACKED,RETAINED,data/phase2_roi_crops/retained/WhatsApp_Video_2026-08-11_at_6.55.13_AM/crop_003630.jpg
WhatsApp Video 2026-08-11 at 6.55.13 AM.mp4,10,Copper,train,3645,60.75,483,230,150,150,333,80,633,380,300,300,28.89,15.95,TRACKED,RETAINED,data/phase2_roi_crops/retained/WhatsApp_Video_2026-08-11_at_6.55.13_AM/crop_003645.jpg
WhatsApp Video 2026-08-11 at 6.55.13 AM.mp4,10,Copper,train,3660,61.0,488,229,150,150,338,79,638,379,300,300,28.73,6.92,TRACKED,RETAINED,data/phase2_roi_crops/retained/WhatsApp_Video_2026-08-11_at_6.55.13_AM/crop_003660.jpg
WhatsApp Video 2026-08-11 at 6.55.13 AM.mp4,10,Copper,train,3675,61.25,485,229,150,150,335,79,635,379,300,300,27.02,9.73,TRACKED,RETAINED,data/phase2_roi_crops/retained/WhatsApp_Video_2026-08-11_at_6.55.13_AM/crop_003675.jpg
WhatsApp Video 2026-08-11 at 6.55.13 AM.mp4,10,Copper,train,3690,61.5,484,231,150,150,334,81,634,381,300,300,23.87,6.69,TRACKED,RETAINED,data/phase2_roi_crops/retained/WhatsApp_Video_2026-08-11_at_6.55.13_AM/crop_003690.jpg
WhatsApp Video 2026-08-11 at 6.55.13 AM.mp4,10,Copper,train,3705,61.75,484,233,150,150,334,83,634,383,300,300,26.68,3.76,TRACKED,RETAINED,data/phase2_roi_crops/retained/WhatsApp_Video_2026-08-11_at_6.55.13_AM/crop_003705.jpg
WhatsApp Video 2026-08-11 at 6.55.13 AM.mp4,10,Copper,train,3720,62.0,486,234,150,150,336,84,636,384,300,300,25.94,4.43,TRACKED,RETAINED,data/phase2_roi_crops/retained/WhatsApp_Video_2026-08-11_at_6.55.13_AM/crop_003720.jpg
WhatsApp Video 2026-08-11 at 6.55.13 AM.mp4,10,Copper,train,3735,62.25,488,230,150,150,338,80,638,380,300,300,24.94,11.5,TRACKED,RETAINED,data/phase2_roi_crops/retained/WhatsApp_Video_2026-08-11_at_6.55.13_AM/crop_003735.jpg
WhatsApp Video 2026-08-11 at 6.55.13 AM.mp4,10,Copper,train,3750,62.5,484,233,150,150,334,83,634,383,300,300,27.05,5.7,TRACKED,RETAINED,data/phase2_roi_crops/retained/WhatsApp_Video_2026-08-11_at_6.55.13_AM/crop_003750.jpg
WhatsApp Video 2026-08-11 at 6.55.13 AM.mp4,10,Copper,train,3765,62.75,486,234,150,150,336,84,636,384,300,300,23.3,20.89,TRACKED,RETAINED,data/phase2_roi_crops/retained/WhatsApp_Video_2026-08-11_at_6.55.13_AM/crop_003765.jpg
WhatsApp Video 2026-08-11 at 6.55.13 AM.mp4,10,Copper,train,3780,63.0,486,230,150,150,336,80,636,380,300,300,26.18,13.57,TRACKED,RETAINED,data/phase2_roi_crops/retained/WhatsApp_Video_2026-08-11_at_6.55.13_AM/crop_003780.jpg
WhatsApp Video 2026-08-11 at 6.55.19 AM.mp4,23,Mild Steel,train,0,0.0,386,199,150,150,236,49,536,349,300,300,184.46,0.0,TRACKED,RETAINED,data/phase2_roi_crops/retained/WhatsApp_Video_2026-08-11_at_6.55.19_AM/crop_000000.jpg
WhatsApp Video 2026-08-11 at 6.55.19 AM.mp4,23,Mild Steel,train,15,0.25,379,209,150,150,229,59,529,359,300,300,113.01,48.44,TRACKED,RETAINED,data/phase2_roi_crops/retained/WhatsApp_Video_2026-08-11_at_6.55.19_AM/crop_000015.jpg
WhatsApp Video 2026-08-11 at 6.55.19 AM.mp4,23,Mild Steel,train,30,0.5,363,206,150,150,213,56,513,356,300,300,85.21,60.2,TRACKED,RETAINED,data/phase2_roi_crops/retained/WhatsApp_Video_2026-08-11_at_6.55.19_AM/crop_000030.jpg
WhatsApp Video 2026-08-11 at 6.55.19 AM.mp4,23,Mild Steel,train,45,0.75,304,185,150,150,154,35,454,335,300,300,98.33,27.57,TRACKED,RETAINED,data/phase2_roi_crops/retained/WhatsApp_Video_2026-08-11_at_6.55.19_AM/crop_000045.jpg
WhatsApp Video 2026-08-11 at 6.55.19 AM.mp4,23,Mild Steel,train,60,1.0,240,143,150,143,90,0,390,300,300,300,117.02,46.34,TRACKED,RETAINED,data/phase2_roi_crops/retained/WhatsApp_Video_2026-08-11_at_6.55.19_AM/crop_000060.jpg
WhatsApp Video 2026-08-11 at 6.55.19 AM.mp4,23,Mild Steel,train,75,1.25,181,87,150,87,31,0,331,300,300,300,124.14,59.67,TRACKED,RETAINED,data/phase2_roi_crops/retained/WhatsApp_Video_2026-08-11_at_6.55.19_AM/crop_000075.jpg
WhatsApp Video 2026-08-11 at 6.55.19 AM.mp4,23,Mild Steel,train,90,1.5,221,93,150,93,71,0,371,300,300,300,122.37,29.73,TRACKED,RETAINED,data/phase2_roi_crops/retained/WhatsApp_Video_2026-08-11_at_6.55.19_AM/crop_000090.jpg
WhatsApp Video 2026-08-11 at 6.55.19 AM.mp4,23,Mild Steel,train,105,1.75,318,137,150,137,168,0,468,300,300,300,89.31,60.54,TRACKED,RETAINED,data/phase2_roi_crops/retained/WhatsApp_Video_2026-08-11_at_6.55.19_AM/crop_000105.jpg
WhatsApp Video 2026-08-11 at 6.55.15 AM.mp4,15,Mild Steel,test,0,0.0,596,167,150,150,446,17,746,317,300,300,322.64,0.0,TRACKED,RETAINED,data/phase2_roi_crops/retained/WhatsApp_Video_2026-08-11_at_6.55.15_AM/crop_000000.jpg
WhatsApp Video 2026-08-11 at 6.55.15 AM.mp4,15,Mild Steel,test,15,0.25,595,164,150,150,445,14,745,314,300,300,236.5,10.6,TRACKED,RETAINED,data/phase2_roi_crops/retained/WhatsApp_Video_2026-08-11_at_6.55.15_AM/crop_000015.jpg
WhatsApp Video 2026-08-11 at 6.55.15 AM.mp4,15,Mild Steel,test,30,0.5,594,171,150,150,444,21,744,321,300,300,191.67,19.77,TRACKED,RETAINED,data/phase2_roi_crops/retained/WhatsApp_Video_2026-08-11_at_6.55.15_AM/crop_000030.jpg
WhatsApp Video 2026-08-11 at 6.55.15 AM.mp4,15,Mild Steel,test,45,0.75,596,170,150,150,446,20,746,320,300,300,200.18,23.17,TRACKED,RETAINED,data/phase2_roi_crops/retained/WhatsApp_Video_2026-08-11_at_6.55.15_AM/crop_000045.jpg
WhatsApp Video 2026-08-11 at 6.55.15 AM.mp4,15,Mild Steel,test,60,1.0,597,173,150,150,447,23,747,323,300,300,181.69,6.39,TRACKED,RETAINED,data/phase2_roi_crops/retained/WhatsApp_Video_2026-08-11_at_6.55.15_AM/crop_000060.jpg
WhatsApp Video 2026-08-11 at 6.55.15 AM.mp4,15,Mild Steel,test,75,1.25,594,169,150,150,444,19,744,319,300,300,199.18,16.12,TRACKED,RETAINED,data/phase2_roi_crops/retained/WhatsApp_Video_2026-08-11_at_6.55.15_AM/crop_000075.jpg
WhatsApp Video 2026-08-11 at 6.55.15 AM.mp4,15,Mild Steel,test,90,1.5,591,169,150,150,441,19,741,319,300,300,179.86,21.03,TRACKED,RETAINED,data/phase2_roi_crops/retained/WhatsApp_Video_2026-08-11_at_6.55.15_AM/crop_000090.jpg
WhatsApp Video 2026-08-11 at 6.55.15 AM.mp4,15,Mild Steel,test,105,1.75,592,172,150,150,442,22,742,322,300,300,175.48,20.86,TRACKED,RETAINED,data/phase2_roi_crops/retained/WhatsApp_Video_2026-08-11_at_6.55.15_AM/crop_000105.jpg
WhatsApp Video 2026-08-11 at 6.55.15 AM.mp4,15,Mild Steel,test,120,2.0,591,173,150,150,441,23,741,323,300,300,182.91,3.87,TRACKED,RETAINED,data/phase2_roi_crops/retained/WhatsApp_Video_2026-08-11_at_6.55.15_AM/crop_000120.jpg
WhatsApp Video 2026-08-11 at 6.55.15 AM.mp4,15,Mild Steel,test,135,2.25,590,174,150,150,440,24,740,324,300,300,182.39,4.91,TRACKED,RETAINED,data/phase2_roi_crops/retained/WhatsApp_Video_2026-08-11_at_6.55.15_AM/crop_000135.jpg
WhatsApp Video 2026-08-11 at 6.55.15 AM.mp4,15,Mild Steel,test,150,2.5,589,172,150,150,439,22,739,322,300,300,169.95,3.22,TRACKED,RETAINED,data/phase2_roi_crops/retained/WhatsApp_Video_2026-08-11_at_6.55.15_AM/crop_000150.jpg
WhatsApp Video 2026-08-11 at 6.55.15 AM.mp4,15,Mild Steel,test,165,2.75,585,172,150,150,435,22,735,322,300,300,166.56,10.05,TRACKED,RETAINED,data/phase2_roi_crops/retained/WhatsApp_Video_2026-08-11_at_6.55.15_AM/crop_000165.jpg
WhatsApp Video 2026-08-11 at 6.55.15 AM.mp4,15,Mild Steel,test,180,3.0,587,176,150,150,437,26,737,326,300,300,171.66,18.22,TRACKED,RETAINED,data/phase2_roi_crops/retained/WhatsApp_Video_2026-08-11_at_6.55.15_AM/crop_000180.jpg
WhatsApp Video 2026-08-11 at 6.55.15 AM.mp4,15,Mild Steel,test,195,3.25,592,178,150,150,442,28,742,328,300,300,185.28,6.72,TRACKED,RETAINED,data/phase2_roi_crops/retained/WhatsApp_Video_2026-08-11_at_6.55.15_AM/crop_000195.jpg
WhatsApp Video 2026-08-11 at 6.55.15 AM.mp4,15,Mild Steel,test,210,3.5,592,176,150,150,442,26,742,326,300,300,193.05,26.01,TRACKED,RETAINED,data/phase2_roi_crops/retained/WhatsApp_Video_2026-08-11_at_6.55.15_AM/crop_000210.jpg
WhatsApp Video 2026-08-11 at 6.55.15 AM.mp4,15,Mild Steel,test,225,3.75,589,179,150,150,439,29,739,329,300,300,184.46,21.08,TRACKED,RETAINED,data/phase2_roi_crops/retained/WhatsApp_Video_2026-08-11_at_6.55.15_AM/crop_000225.jpg
WhatsApp Video 2026-08-11 at 6.55.15 AM.mp4,15,Mild Steel,test,240,4.0,589,176,150,150,439,26,739,326,300,300,179.09,19.43,TRACKED,RETAINED,data/phase2_roi_crops/retained/WhatsApp_Video_2026-08-11_at_6.55.15_AM/crop_000240.jpg
WhatsApp Video 2026-08-11 at 6.55.15 AM.mp4,15,Mild Steel,test,255,4.25,588,176,150,150,438,26,738,326,300,300,173.45,20.78,TRACKED,RETAINED,data/phase2_roi_crops/retained/WhatsApp_Video_2026-08-11_at_6.55.15_AM/crop_000255.jpg
WhatsApp Video 2026-08-11 at 6.55.15 AM.mp4,15,Mild Steel,test,270,4.5,588,176,150,150,438,26,738,326,300,300,149.15,7.18,TRACKED,RETAINED,data/phase2_roi_crops/retained/WhatsApp_Video_2026-08-11_at_6.55.15_AM/crop_000270.jpg
WhatsApp Video 2026-08-11 at 6.55.15 AM.mp4,15,Mild Steel,test,285,4.75,588,179,150,150,438,29,738,329,300,300,186.74,5.35,TRACKED,RETAINED,data/phase2_roi_crops/retained/WhatsApp_Video_2026-08-11_at_6.55.15_AM/crop_000285.jpg
WhatsApp Video 2026-08-11 at 6.55.15 AM.mp4,15,Mild Steel,test,300,5.0,585,178,150,150,435,28,735,328,300,300,234.68,18.02,TRACKED,RETAINED,data/phase2_roi_crops/retained/WhatsApp_Video_2026-08-11_at_6.55.15_AM/crop_000300.jpg
WhatsApp Video 2026-08-11 at 6.55.15 AM.mp4,15,Mild Steel,test,315,5.25,585,178,150,150,435,28,735,328,300,300,162.33,16.58,TRACKED,RETAINED,data/phase2_roi_crops/retained/WhatsApp_Video_2026-08-11_at_6.55.15_AM/crop_000315.jpg
WhatsApp Video 2026-08-11 at 6.55.15 AM.mp4,15,Mild Steel,test,330,5.5,586,179,150,150,436,29,736,329,300,300,159.2,12.89,TRACKED,RETAINED,data/phase2_roi_crops/retained/WhatsApp_Video_2026-08-11_at_6.55.15_AM/crop_000330.jpg
WhatsApp Video 2026-08-11 at 6.55.15 AM.mp4,15,Mild Steel,test,345,5.75,582,178,150,150,432,28,732,328,300,300,165.31,19.5,TRACKED,RETAINED,data/phase2_roi_crops/retained/WhatsApp_Video_2026-08-11_at_6.55.15_AM/crop_000345.jpg
WhatsApp Video 2026-08-11 at 6.55.15 AM.mp4,15,Mild Steel,test,360,6.0,584,178,150,150,434,28,734,328,300,300,178.79,8.84,TRACKED,RETAINED,data/phase2_roi_crops/retained/WhatsApp_Video_2026-08-11_at_6.55.15_AM/crop_000360.jpg
WhatsApp Video 2026-08-11 at 6.55.15 AM.mp4,15,Mild Steel,test,375,6.25,583,176,150,150,433,26,733,326,300,300,151.41,20.4,TRACKED,RETAINED,data/phase2_roi_crops/retained/WhatsApp_Video_2026-08-11_at_6.55.15_AM/crop_000375.jpg
WhatsApp Video 2026-08-11 at 6.55.15 AM.mp4,15,Mild Steel,test,390,6.5,583,178,150,150,433,28,733,328,300,300,133.41,23.56,TRACKED,RETAINED,data/phase2_roi_crops/retained/WhatsApp_Video_2026-08-11_at_6.55.15_AM/crop_000390.jpg
WhatsApp Video 2026-08-11 at 6.55.15 AM.mp4,15,Mild Steel,test,405,6.75,583,177,150,150,433,27,733,327,300,300,144.1,18.48,TRACKED,RETAINED,data/phase2_roi_crops/retained/WhatsApp_Video_2026-08-11_at_6.55.15_AM/crop_000405.jpg
WhatsApp Video 2026-08-11 at 6.55.15 AM.mp4,15,Mild Steel,test,420,7.0,580,176,150,150,430,26,730,326,300,300,139.18,13.86,TRACKED,RETAINED,data/phase2_roi_crops/retained/WhatsApp_Video_2026-08-11_at_6.55.15_AM/crop_000420.jpg
WhatsApp Video 2026-08-11 at 6.55.15 AM.mp4,15,Mild Steel,test,435,7.25,583,180,150,150,433,30,733,330,300,300,141.57,16.38,TRACKED,RETAINED,data/phase2_roi_crops/retained/WhatsApp_Video_2026-08-11_at_6.55.15_AM/crop_000435.jpg
WhatsApp Video 2026-08-11 at 6.55.15 AM.mp4,15,Mild Steel,test,450,7.5,584,178,150,150,434,28,734,328,300,300,136.37,21.43,TRACKED,RETAINED,data/phase2_roi_crops/retained/WhatsApp_Video_2026-08-11_at_6.55.15_AM/crop_000450.jpg
WhatsApp Video 2026-08-11 at 6.55.15 AM.mp4,15,Mild Steel,test,465,7.75,581,175,150,150,431,25,731,325,300,300,140.32,17.33,TRACKED,RETAINED,data/phase2_roi_crops/retained/WhatsApp_Video_2026-08-11_at_6.55.15_AM/crop_000465.jpg
WhatsApp Video 2026-08-11 at 6.55.15 AM.mp4,15,Mild Steel,test,480,8.0,579,175,150,150,429,25,729,325,300,300,127.72,12.95,TRACKED,RETAINED,data/phase2_roi_crops/retained/WhatsApp_Video_2026-08-11_at_6.55.15_AM/crop_000480.jpg
WhatsApp Video 2026-08-11 at 6.55.15 AM.mp4,15,Mild Steel,test,495,8.25,578,175,150,150,428,25,728,325,300,300,157.45,18.59,TRACKED,RETAINED,data/phase2_roi_crops/retained/WhatsApp_Video_2026-08-11_at_6.55.15_AM/crop_000495.jpg
WhatsApp Video 2026-08-11 at 6.55.15 AM.mp4,15,Mild Steel,test,510,8.5,580,176,150,150,430,26,730,326,300,300,141.02,18.67,TRACKED,RETAINED,data/phase2_roi_crops/retained/WhatsApp_Video_2026-08-11_at_6.55.15_AM/crop_000510.jpg
WhatsApp Video 2026-08-11 at 6.55.15 AM.mp4,15,Mild Steel,test,525,8.75,579,178,150,150,429,28,729,328,300,300,131.59,15.3,TRACKED,RETAINED,data/phase2_roi_crops/retained/WhatsApp_Video_2026-08-11_at_6.55.15_AM/crop_000525.jpg
WhatsApp Video 2026-08-11 at 6.55.15 AM.mp4,15,Mild Steel,test,540,9.0,580,175,150,150,430,25,730,325,300,300,148.5,17.88,TRACKED,RETAINED,data/phase2_roi_crops/retained/WhatsApp_Video_2026-08-11_at_6.55.15_AM/crop_000540.jpg
WhatsApp Video 2026-08-11 at 6.55.15 AM.mp4,15,Mild Steel,test,555,9.25,581,175,150,150,431,25,731,325,300,300,160.89,17.95,TRACKED,RETAINED,data/phase2_roi_crops/retained/WhatsApp_Video_2026-08-11_at_6.55.15_AM/crop_000555.jpg
WhatsApp Video 2026-08-11 at 6.55.15 AM.mp4,15,Mild Steel,test,570,9.5,580,179,150,150,430,29,730,329,300,300,138.54,8.52,TRACKED,RETAINED,data/phase2_roi_crops/retained/WhatsApp_Video_2026-08-11_at_6.55.15_AM/crop_000570.jpg
WhatsApp Video 2026-08-11 at 6.55.15 AM.mp4,15,Mild Steel,test,585,9.75,576,177,150,150,426,27,726,327,300,300,119.66,19.64,TRACKED,RETAINED,data/phase2_roi_crops/retained/WhatsApp_Video_2026-08-11_at_6.55.15_AM/crop_000585.jpg
WhatsApp Video 2026-08-11 at 6.55.15 AM.mp4,15,Mild Steel,test,600,10.0,580,175,150,150,430,25,730,325,300,300,191.12,26.7,TRACKED,RETAINED,data/phase2_roi_crops/retained/WhatsApp_Video_2026-08-11_at_6.55.15_AM/crop_000600.jpg
WhatsApp Video 2026-08-11 at 6.55.15 AM.mp4,15,Mild Steel,test,615,10.25,581,179,150,150,431,29,731,329,300,300,123.66,9.15,TRACKED,RETAINED,data/phase2_roi_crops/retained/WhatsApp_Video_2026-08-11_at_6.55.15_AM/crop_000615.jpg
WhatsApp Video 2026-08-11 at 6.55.15 AM.mp4,15,Mild Steel,test,630,10.5,578,177,150,150,428,27,728,327,300,300,122.28,20.31,TRACKED,RETAINED,data/phase2_roi_crops/retained/WhatsApp_Video_2026-08-11_at_6.55.15_AM/crop_000630.jpg
WhatsApp Video 2026-08-11 at 6.55.15 AM.mp4,15,Mild Steel,test,645,10.75,572,177,150,150,422,27,722,327,300,300,121.77,13.83,TRACKED,RETAINED,data/phase2_roi_crops/retained/WhatsApp_Video_2026-08-11_at_6.55.15_AM/crop_000645.jpg
WhatsApp Video 2026-08-11 at 6.55.15 AM.mp4,15,Mild Steel,test,660,11.0,575,176,150,150,425,26,725,326,300,300,122.3,9.74,TRACKED,RETAINED,data/phase2_roi_crops/retained/WhatsApp_Video_2026-08-11_at_6.55.15_AM/crop_000660.jpg
WhatsApp Video 2026-08-11 at 6.55.15 AM.mp4,15,Mild Steel,test,675,11.25,571,180,150,150,421,30,721,330,300,300,124.7,16.3,TRACKED,RETAINED,data/phase2_roi_crops/retained/WhatsApp_Video_2026-08-11_at_6.55.15_AM/crop_000675.jpg
WhatsApp Video 2026-08-11 at 6.55.15 AM.mp4,15,Mild Steel,test,690,11.5,567,182,150,150,417,32,717,332,300,300,116.24,5.37,TRACKED,RETAINED,data/phase2_roi_crops/retained/WhatsApp_Video_2026-08-11_at_6.55.15_AM/crop_000690.jpg
WhatsApp Video 2026-08-11 at 6.55.15 AM.mp4,15,Mild Steel,test,705,11.75,562,183,150,150,412,33,712,333,300,300,125.76,6.16,TRACKED,RETAINED,data/phase2_roi_crops/retained/WhatsApp_Video_2026-08-11_at_6.55.15_AM/crop_000705.jpg
WhatsApp Video 2026-08-11 at 6.55.15 AM.mp4,15,Mild Steel,test,720,12.0,558,183,150,150,408,33,708,333,300,300,123.87,7.31,TRACKED,RETAINED,data/phase2_roi_crops/retained/WhatsApp_Video_2026-08-11_at_6.55.15_AM/crop_000720.jpg
WhatsApp Video 2026-08-11 at 6.55.15 AM.mp4,15,Mild Steel,test,735,12.25,557,183,150,150,407,33,707,333,300,300,123.64,7.58,TRACKED,RETAINED,data/phase2_roi_crops/retained/WhatsApp_Video_2026-08-11_at_6.55.15_AM/crop_000735.jpg
WhatsApp Video 2026-08-11 at 6.55.15 AM.mp4,15,Mild Steel,test,750,12.5,557,182,150,150,407,32,707,332,300,300,126.16,5.2,TRACKED,RETAINED,data/phase2_roi_crops/retained/WhatsApp_Video_2026-08-11_at_6.55.15_AM/crop_000750.jpg
WhatsApp Video 2026-08-11 at 6.55.15 AM.mp4,15,Mild Steel,test,765,12.75,547,182,150,150,397,32,697,332,300,300,124.9,18.06,TRACKED,RETAINED,data/phase2_roi_crops/retained/WhatsApp_Video_2026-08-11_at_6.55.15_AM/crop_000765.jpg
WhatsApp Video 2026-08-11 at 6.55.15 AM.mp4,15,Mild Steel,test,780,13.0,544,184,150,150,394,34,694,334,300,300,111.24,19.05,TRACKED,RETAINED,data/phase2_roi_crops/retained/WhatsApp_Video_2026-08-11_at_6.55.15_AM/crop_000780.jpg
WhatsApp Video 2026-08-11 at 6.55.15 AM.mp4,15,Mild Steel,test,795,13.25,545,183,150,150,395,33,695,333,300,300,118.46,21.17,TRACKED,RETAINED,data/phase2_roi_crops/retained/WhatsApp_Video_2026-08-11_at_6.55.15_AM/crop_000795.jpg
WhatsApp Video 2026-08-11 at 6.55.15 AM.mp4,15,Mild Steel,test,810,13.5,546,185,150,150,396,35,696,335,300,300,128.14,11.52,TRACKED,RETAINED,data/phase2_roi_crops/retained/WhatsApp_Video_2026-08-11_at_6.55.15_AM/crop_000810.jpg
WhatsApp Video 2026-08-11 at 6.55.15 AM.mp4,15,Mild Steel,test,825,13.75,544,183,150,150,394,33,694,333,300,300,125.07,10.21,TRACKED,RETAINED,data/phase2_roi_crops/retained/WhatsApp_Video_2026-08-11_at_6.55.15_AM/crop_000825.jpg
WhatsApp Video 2026-08-11 at 6.55.15 AM.mp4,15,Mild Steel,test,840,14.0,536,185,150,150,386,35,686,335,300,300,119.38,17.35,TRACKED,RETAINED,data/phase2_roi_crops/retained/WhatsApp_Video_2026-08-11_at_6.55.15_AM/crop_000840.jpg
WhatsApp Video 2026-08-11 at 6.55.15 AM.mp4,15,Mild Steel,test,855,14.25,538,184,150,150,388,34,688,334,300,300,131.89,9.13,TRACKED,RETAINED,data/phase2_roi_crops/retained/WhatsApp_Video_2026-08-11_at_6.55.15_AM/crop_000855.jpg
WhatsApp Video 2026-08-11 at 6.55.15 AM.mp4,15,Mild Steel,test,870,14.5,532,186,150,150,382,36,682,336,300,300,126.75,17.01,TRACKED,RETAINED,data/phase2_roi_crops/retained/WhatsApp_Video_2026-08-11_at_6.55.15_AM/crop_000870.jpg
WhatsApp Video 2026-08-11 at 6.55.15 AM.mp4,15,Mild Steel,test,885,14.75,528,188,150,150,378,38,678,338,300,300,139.65,16.26,TRACKED,RETAINED,data/phase2_roi_crops/retained/WhatsApp_Video_2026-08-11_at_6.55.15_AM/crop_000885.jpg
WhatsApp Video 2026-08-11 at 6.55.15 AM.mp4,15,Mild Steel,test,900,15.0,528,187,150,150,378,37,678,337,300,300,196.27,5.82,TRACKED,RETAINED,data/phase2_roi_crops/retained/WhatsApp_Video_2026-08-11_at_6.55.15_AM/crop_000900.jpg
WhatsApp Video 2026-08-11 at 6.55.15 AM.mp4,15,Mild Steel,test,915,15.25,527,186,150,150,377,36,677,336,300,300,125.62,8.31,TRACKED,RETAINED,data/phase2_roi_crops/retained/WhatsApp_Video_2026-08-11_at_6.55.15_AM/crop_000915.jpg
WhatsApp Video 2026-08-11 at 6.55.15 AM.mp4,15,Mild Steel,test,930,15.5,525,191,150,150,375,41,675,341,300,300,133.17,15.13,TRACKED,RETAINED,data/phase2_roi_crops/retained/WhatsApp_Video_2026-08-11_at_6.55.15_AM/crop_000930.jpg
WhatsApp Video 2026-08-11 at 6.55.15 AM.mp4,15,Mild Steel,test,945,15.75,527,188,150,150,377,38,677,338,300,300,126.63,18.34,TRACKED,RETAINED,data/phase2_roi_crops/retained/WhatsApp_Video_2026-08-11_at_6.55.15_AM/crop_000945.jpg
WhatsApp Video 2026-08-11 at 6.55.15 AM.mp4,15,Mild Steel,test,960,16.0,528,189,150,150,378,39,678,339,300,300,130.78,9.14,TRACKED,RETAINED,data/phase2_roi_crops/retained/WhatsApp_Video_2026-08-11_at_6.55.15_AM/crop_000960.jpg
WhatsApp Video 2026-08-11 at 6.55.15 AM.mp4,15,Mild Steel,test,975,16.25,535,185,150,150,385,35,685,335,300,300,121.14,21.18,TRACKED,RETAINED,data/phase2_roi_crops/retained/WhatsApp_Video_2026-08-11_at_6.55.15_AM/crop_000975.jpg
WhatsApp Video 2026-08-11 at 6.55.15 AM.mp4,15,Mild Steel,test,990,16.5,536,186,150,150,386,36,686,336,300,300,112.54,6.07,TRACKED,RETAINED,data/phase2_roi_crops/retained/WhatsApp_Video_2026-08-11_at_6.55.15_AM/crop_000990.jpg
WhatsApp Video 2026-08-11 at 6.55.15 AM.mp4,15,Mild Steel,test,1005,16.75,545,183,150,150,395,33,695,333,300,300,118.54,8.07,TRACKED,RETAINED,data/phase2_roi_crops/retained/WhatsApp_Video_2026-08-11_at_6.55.15_AM/crop_001005.jpg
WhatsApp Video 2026-08-11 at 6.55.15 AM.mp4,15,Mild Steel,test,1020,17.0,548,182,150,150,398,32,698,332,300,300,120.1,21.36,TRACKED,RETAINED,data/phase2_roi_crops/retained/WhatsApp_Video_2026-08-11_at_6.55.15_AM/crop_001020.jpg
WhatsApp Video 2026-08-11 at 6.55.15 AM.mp4,15,Mild Steel,test,1035,17.25,553,183,150,150,403,33,703,333,300,300,121.15,5.85,TRACKED,RETAINED,data/phase2_roi_crops/retained/WhatsApp_Video_2026-08-11_at_6.55.15_AM/crop_001035.jpg
WhatsApp Video 2026-08-11 at 6.55.15 AM.mp4,15,Mild Steel,test,1050,17.5,552,181,150,150,402,31,702,331,300,300,111.35,9.63,TRACKED,RETAINED,data/phase2_roi_crops/retained/WhatsApp_Video_2026-08-11_at_6.55.15_AM/crop_001050.jpg
WhatsApp Video 2026-08-11 at 6.55.15 AM.mp4,15,Mild Steel,test,1065,17.75,550,181,150,150,400,31,700,331,300,300,113.88,6.84,TRACKED,RETAINED,data/phase2_roi_crops/retained/WhatsApp_Video_2026-08-11_at_6.55.15_AM/crop_001065.jpg
WhatsApp Video 2026-08-11 at 6.55.15 AM.mp4,15,Mild Steel,test,1080,18.0,560,181,150,150,410,31,710,331,300,300,115.53,18.76,TRACKED,RETAINED,data/phase2_roi_crops/retained/WhatsApp_Video_2026-08-11_at_6.55.15_AM/crop_001080.jpg
WhatsApp Video 2026-08-11 at 6.55.15 AM.mp4,15,Mild Steel,test,1095,18.25,561,177,150,150,411,27,711,327,300,300,125.89,4.71,TRACKED,RETAINED,data/phase2_roi_crops/retained/WhatsApp_Video_2026-08-11_at_6.55.15_AM/crop_001095.jpg
WhatsApp Video 2026-08-11 at 6.55.15 AM.mp4,15,Mild Steel,test,1110,18.5,563,180,150,150,413,30,713,330,300,300,116.08,20.7,TRACKED,RETAINED,data/phase2_roi_crops/retained/WhatsApp_Video_2026-08-11_at_6.55.15_AM/crop_001110.jpg
WhatsApp Video 2026-08-11 at 6.55.15 AM.mp4,15,Mild Steel,test,1125,18.75,568,182,150,150,418,32,718,332,300,300,115.34,11.99,TRACKED,RETAINED,data/phase2_roi_crops/retained/WhatsApp_Video_2026-08-11_at_6.55.15_AM/crop_001125.jpg
WhatsApp Video 2026-08-11 at 6.55.15 AM.mp4,15,Mild Steel,test,1140,19.0,573,178,150,150,423,28,723,328,300,300,112.21,20.62,TRACKED,RETAINED,data/phase2_roi_crops/retained/WhatsApp_Video_2026-08-11_at_6.55.15_AM/crop_001140.jpg
WhatsApp Video 2026-08-11 at 6.55.15 AM.mp4,15,Mild Steel,test,1155,19.25,576,179,150,150,426,29,726,329,300,300,107.5,4.82,TRACKED,RETAINED,data/phase2_roi_crops/retained/WhatsApp_Video_2026-08-11_at_6.55.15_AM/crop_001155.jpg
WhatsApp Video 2026-08-11 at 6.55.15 AM.mp4,15,Mild Steel,test,1170,19.5,577,176,150,150,427,26,727,326,300,300,105.06,7.02,TRACKED,RETAINED,data/phase2_roi_crops/retained/WhatsApp_Video_2026-08-11_at_6.55.15_AM/crop_001170.jpg
WhatsApp Video 2026-08-11 at 6.55.15 AM.mp4,15,Mild Steel,test,1185,19.75,579,177,150,150,429,27,729,327,300,300,110.27,18.73,TRACKED,RETAINED,data/phase2_roi_crops/retained/WhatsApp_Video_2026-08-11_at_6.55.15_AM/crop_001185.jpg
WhatsApp Video 2026-08-11 at 6.55.15 AM.mp4,15,Mild Steel,test,1200,20.0,582,176,150,150,432,26,732,326,300,300,160.67,14.88,TRACKED,RETAINED,data/phase2_roi_crops/retained/WhatsApp_Video_2026-08-11_at_6.55.15_AM/crop_001200.jpg
WhatsApp Video 2026-08-11 at 6.55.15 AM.mp4,15,Mild Steel,test,1215,20.25,584,174,150,150,434,24,734,324,300,300,123.22,8.05,TRACKED,RETAINED,data/phase2_roi_crops/retained/WhatsApp_Video_2026-08-11_at_6.55.15_AM/crop_001215.jpg
WhatsApp Video 2026-08-11 at 6.55.15 AM.mp4,15,Mild Steel,test,1230,20.5,582,176,150,150,432,26,732,326,300,300,110.9,3.92,TRACKED,RETAINED,data/phase2_roi_crops/retained/WhatsApp_Video_2026-08-11_at_6.55.15_AM/crop_001230.jpg
WhatsApp Video 2026-08-11 at 6.55.15 AM.mp4,15,Mild Steel,test,1245,20.75,577,176,150,150,427,26,727,326,300,300,117.53,23.19,TRACKED,RETAINED,data/phase2_roi_crops/retained/WhatsApp_Video_2026-08-11_at_6.55.15_AM/crop_001245.jpg
WhatsApp Video 2026-08-11 at 6.55.15 AM.mp4,15,Mild Steel,test,1260,21.0,574,174,150,150,424,24,724,324,300,300,109.69,20.27,TRACKED,RETAINED,data/phase2_roi_crops/retained/WhatsApp_Video_2026-08-11_at_6.55.15_AM/crop_001260.jpg
WhatsApp Video 2026-08-11 at 6.55.15 AM.mp4,15,Mild Steel,test,1275,21.25,575,173,150,150,425,23,725,323,300,300,102.45,5.05,TRACKED,RETAINED,data/phase2_roi_crops/retained/WhatsApp_Video_2026-08-11_at_6.55.15_AM/crop_001275.jpg
WhatsApp Video 2026-08-11 at 6.55.15 AM.mp4,15,Mild Steel,test,1290,21.5,570,173,150,150,420,23,720,323,300,300,106.08,16.65,TRACKED,RETAINED,data/phase2_roi_crops/retained/WhatsApp_Video_2026-08-11_at_6.55.15_AM/crop_001290.jpg
WhatsApp Video 2026-08-11 at 6.55.15 AM.mp4,15,Mild Steel,test,1305,21.75,570,174,150,150,420,24,720,324,300,300,103.17,5.28,TRACKED,RETAINED,data/phase2_roi_crops/retained/WhatsApp_Video_2026-08-11_at_6.55.15_AM/crop_001305.jpg
WhatsApp Video 2026-08-11 at 6.55.15 AM.mp4,15,Mild Steel,test,1320,22.0,570,174,150,150,420,24,720,324,300,300,96.25,8.19,TRACKED,RETAINED,data/phase2_roi_crops/retained/WhatsApp_Video_2026-08-11_at_6.55.15_AM/crop_001320.jpg
WhatsApp Video 2026-08-11 at 6.55.15 AM.mp4,15,Mild Steel,test,1335,22.25,566,172,150,150,416,22,716,322,300,300,105.44,18.26,TRACKED,RETAINED,data/phase2_roi_crops/retained/WhatsApp_Video_2026-08-11_at_6.55.15_AM/crop_001335.jpg
WhatsApp Video 2026-08-11 at 6.55.15 AM.mp4,15,Mild Steel,test,1350,22.5,564,175,150,150,414,25,714,325,300,300,102.14,22.22,TRACKED,RETAINED,data/phase2_roi_crops/retained/WhatsApp_Video_2026-08-11_at_6.55.15_AM/crop_001350.jpg
WhatsApp Video 2026-08-11 at 6.55.15 AM.mp4,15,Mild Steel,test,1365,22.75,561,170,150,150,411,20,711,320,300,300,104.23,28.44,TRACKED,RETAINED,data/phase2_roi_crops/retained/WhatsApp_Video_2026-08-11_at_6.55.15_AM/crop_001365.jpg
WhatsApp Video 2026-08-11 at 6.55.15 AM.mp4,15,Mild Steel,test,1380,23.0,557,171,150,150,407,21,707,321,300,300,106.21,19.92,TRACKED,RETAINED,data/phase2_roi_crops/retained/WhatsApp_Video_2026-08-11_at_6.55.15_AM/crop_001380.jpg
WhatsApp Video 2026-08-11 at 6.55.15 AM.mp4,15,Mild Steel,test,1395,23.25,557,170,150,150,407,20,707,320,300,300,96.22,11.78,TRACKED,RETAINED,data/phase2_roi_crops/retained/WhatsApp_Video_2026-08-11_at_6.55.15_AM/crop_001395.jpg
WhatsApp Video 2026-08-11 at 6.55.15 AM.mp4,15,Mild Steel,test,1410,23.5,556,169,150,150,406,19,706,319,300,300,103.89,12.89,TRACKED,RETAINED,data/phase2_roi_crops/retained/WhatsApp_Video_2026-08-11_at_6.55.15_AM/crop_001410.jpg
WhatsApp Video 2026-08-11 at 6.55.15 AM.mp4,15,Mild Steel,test,1425,23.75,557,169,150,150,407,19,707,319,300,300,102.93,12.44,TRACKED,RETAINED,data/phase2_roi_crops/retained/WhatsApp_Video_2026-08-11_at_6.55.15_AM/crop_001425.jpg
WhatsApp Video 2026-08-11 at 6.55.15 AM.mp4,15,Mild Steel,test,1440,24.0,551,167,150,150,401,17,701,317,300,300,101.16,9.15,TRACKED,RETAINED,data/phase2_roi_crops/retained/WhatsApp_Video_2026-08-11_at_6.55.15_AM/crop_001440.jpg
WhatsApp Video 2026-08-11 at 6.55.15 AM.mp4,15,Mild Steel,test,1455,24.25,548,167,150,150,398,17,698,317,300,300,94.38,8.09,TRACKED,RETAINED,data/phase2_roi_crops/retained/WhatsApp_Video_2026-08-11_at_6.55.15_AM/crop_001455.jpg
WhatsApp Video 2026-08-11 at 6.55.15 AM.mp4,15,Mild Steel,test,1470,24.5,548,165,150,150,398,15,698,315,300,300,99.97,15.84,TRACKED,RETAINED,data/phase2_roi_crops/retained/WhatsApp_Video_2026-08-11_at_6.55.15_AM/crop_001470.jpg
WhatsApp Video 2026-08-11 at 6.55.15 AM.mp4,15,Mild Steel,test,1485,24.75,546,166,150,150,396,16,696,316,300,300,101.44,18.85,TRACKED,RETAINED,data/phase2_roi_crops/retained/WhatsApp_Video_2026-08-11_at_6.55.15_AM/crop_001485.jpg
WhatsApp Video 2026-08-11 at 6.55.15 AM.mp4,15,Mild Steel,test,1500,25.0,543,166,150,150,393,16,693,316,300,300,157.24,27.89,TRACKED,RETAINED,data/phase2_roi_crops/retained/WhatsApp_Video_2026-08-11_at_6.55.15_AM/crop_001500.jpg
WhatsApp Video 2026-08-11 at 6.55.15 AM.mp4,15,Mild Steel,test,1515,25.25,542,164,150,150,392,14,692,314,300,300,106.42,10.56,TRACKED,RETAINED,data/phase2_roi_crops/retained/WhatsApp_Video_2026-08-11_at_6.55.15_AM/crop_001515.jpg
WhatsApp Video 2026-08-11 at 6.55.15 AM.mp4,15,Mild Steel,test,1530,25.5,541,165,150,150,391,15,691,315,300,300,105.73,15.25,TRACKED,RETAINED,data/phase2_roi_crops/retained/WhatsApp_Video_2026-08-11_at_6.55.15_AM/crop_001530.jpg
WhatsApp Video 2026-08-11 at 6.55.15 AM.mp4,15,Mild Steel,test,1545,25.75,537,168,150,150,387,18,687,318,300,300,108.21,18.71,TRACKED,RETAINED,data/phase2_roi_crops/retained/WhatsApp_Video_2026-08-11_at_6.55.15_AM/crop_001545.jpg
WhatsApp Video 2026-08-11 at 6.55.15 AM.mp4,15,Mild Steel,test,1560,26.0,539,165,150,150,389,15,689,315,300,300,92.54,17.33,TRACKED,RETAINED,data/phase2_roi_crops/retained/WhatsApp_Video_2026-08-11_at_6.55.15_AM/crop_001560.jpg
WhatsApp Video 2026-08-11 at 6.55.15 AM.mp4,15,Mild Steel,test,1575,26.25,538,165,150,150,388,15,688,315,300,300,95.11,12.12,TRACKED,RETAINED,data/phase2_roi_crops/retained/WhatsApp_Video_2026-08-11_at_6.55.15_AM/crop_001575.jpg
WhatsApp Video 2026-08-11 at 6.55.15 AM.mp4,15,Mild Steel,test,1590,26.5,532,164,150,150,382,14,682,314,300,300,97.79,17.88,TRACKED,RETAINED,data/phase2_roi_crops/retained/WhatsApp_Video_2026-08-11_at_6.55.15_AM/crop_001590.jpg
WhatsApp Video 2026-08-11 at 6.55.15 AM.mp4,15,Mild Steel,test,1605,26.75,531,163,150,150,381,13,681,313,300,300,103.62,17.56,TRACKED,RETAINED,data/phase2_roi_crops/retained/WhatsApp_Video_2026-08-11_at_6.55.15_AM/crop_001605.jpg
WhatsApp Video 2026-08-11 at 6.55.15 AM.mp4,15,Mild Steel,test,1620,27.0,531,166,150,150,381,16,681,316,300,300,101.07,7.75,TRACKED,RETAINED,data/phase2_roi_crops/retained/WhatsApp_Video_2026-08-11_at_6.55.15_AM/crop_001620.jpg
WhatsApp Video 2026-08-11 at 6.55.15 AM.mp4,15,Mild Steel,test,1635,27.25,525,161,150,150,375,11,675,311,300,300,106.7,11.49,TRACKED,RETAINED,data/phase2_roi_crops/retained/WhatsApp_Video_2026-08-11_at_6.55.15_AM/crop_001635.jpg
WhatsApp Video 2026-08-11 at 6.55.15 AM.mp4,15,Mild Steel,test,1650,27.5,525,158,150,150,375,8,675,308,300,300,106.06,22.82,TRACKED,RETAINED,data/phase2_roi_crops/retained/WhatsApp_Video_2026-08-11_at_6.55.15_AM/crop_001650.jpg
WhatsApp Video 2026-08-11 at 6.55.15 AM.mp4,15,Mild Steel,test,1665,27.75,521,162,150,150,371,12,671,312,300,300,118.83,21.73,TRACKED,RETAINED,data/phase2_roi_crops/retained/WhatsApp_Video_2026-08-11_at_6.55.15_AM/crop_001665.jpg
WhatsApp Video 2026-08-11 at 6.55.15 AM.mp4,15,Mild Steel,test,1680,28.0,516,164,150,150,366,14,666,314,300,300,98.57,4.23,TRACKED,RETAINED,data/phase2_roi_crops/retained/WhatsApp_Video_2026-08-11_at_6.55.15_AM/crop_001680.jpg
WhatsApp Video 2026-08-11 at 6.55.15 AM.mp4,15,Mild Steel,test,1695,28.25,517,160,150,150,367,10,667,310,300,300,93.17,13.53,TRACKED,RETAINED,data/phase2_roi_crops/retained/WhatsApp_Video_2026-08-11_at_6.55.15_AM/crop_001695.jpg
WhatsApp Video 2026-08-11 at 6.55.15 AM.mp4,15,Mild Steel,test,1710,28.5,517,158,150,150,367,8,667,308,300,300,102.42,20.69,TRACKED,RETAINED,data/phase2_roi_crops/retained/WhatsApp_Video_2026-08-11_at_6.55.15_AM/crop_001710.jpg
WhatsApp Video 2026-08-11 at 6.55.15 AM.mp4,15,Mild Steel,test,1725,28.75,515,158,150,150,365,8,665,308,300,300,102.09,19.53,TRACKED,RETAINED,data/phase2_roi_crops/retained/WhatsApp_Video_2026-08-11_at_6.55.15_AM/crop_001725.jpg
WhatsApp Video 2026-08-11 at 6.55.15 AM.mp4,15,Mild Steel,test,1740,29.0,513,157,150,150,363,7,663,307,300,300,98.82,7.35,TRACKED,RETAINED,data/phase2_roi_crops/retained/WhatsApp_Video_2026-08-11_at_6.55.15_AM/crop_001740.jpg
WhatsApp Video 2026-08-11 at 6.55.15 AM.mp4,15,Mild Steel,test,1755,29.25,513,155,150,150,363,5,663,305,300,300,94.27,4.52,TRACKED,RETAINED,data/phase2_roi_crops/retained/WhatsApp_Video_2026-08-11_at_6.55.15_AM/crop_001755.jpg
WhatsApp Video 2026-08-11 at 6.55.15 AM.mp4,15,Mild Steel,test,1770,29.5,513,157,150,150,363,7,663,307,300,300,100.85,16.64,TRACKED,RETAINED,data/phase2_roi_crops/retained/WhatsApp_Video_2026-08-11_at_6.55.15_AM/crop_001770.jpg
WhatsApp Video 2026-08-11 at 6.55.15 AM.mp4,15,Mild Steel,test,1785,29.75,507,155,150,150,357,5,657,305,300,300,98.18,11.74,TRACKED,RETAINED,data/phase2_roi_crops/retained/WhatsApp_Video_2026-08-11_at_6.55.15_AM/crop_001785.jpg
WhatsApp Video 2026-08-11 at 6.55.15 AM.mp4,15,Mild Steel,test,1800,30.0,506,154,150,150,356,4,656,304,300,300,165.3,5.07,TRACKED,RETAINED,data/phase2_roi_crops/retained/WhatsApp_Video_2026-08-11_at_6.55.15_AM/crop_001800.jpg
WhatsApp Video 2026-08-11 at 6.55.15 AM.mp4,15,Mild Steel,test,1815,30.25,506,152,150,150,356,2,656,302,300,300,110.78,3.98,TRACKED,RETAINED,data/phase2_roi_crops/retained/WhatsApp_Video_2026-08-11_at_6.55.15_AM/crop_001815.jpg
WhatsApp Video 2026-08-11 at 6.55.15 AM.mp4,15,Mild Steel,test,1830,30.5,503,152,150,150,353,2,653,302,300,300,100.94,10.13,TRACKED,RETAINED,data/phase2_roi_crops/retained/WhatsApp_Video_2026-08-11_at_6.55.15_AM/crop_001830.jpg
WhatsApp Video 2026-08-11 at 6.55.15 AM.mp4,15,Mild Steel,test,1845,30.75,504,155,150,150,354,5,654,305,300,300,99.25,7.27,TRACKED,RETAINED,data/phase2_roi_crops/retained/WhatsApp_Video_2026-08-11_at_6.55.15_AM/crop_001845.jpg
WhatsApp Video 2026-08-11 at 6.55.15 AM.mp4,15,Mild Steel,test,1860,31.0,508,159,150,150,358,9,658,309,300,300,98.99,11.89,TRACKED,RETAINED,data/phase2_roi_crops/retained/WhatsApp_Video_2026-08-11_at_6.55.15_AM/crop_001860.jpg
WhatsApp Video 2026-08-11 at 6.55.15 AM.mp4,15,Mild Steel,test,1875,31.25,519,160,150,150,369,10,669,310,300,300,96.11,23.44,TRACKED,RETAINED,data/phase2_roi_crops/retained/WhatsApp_Video_2026-08-11_at_6.55.15_AM/crop_001875.jpg
WhatsApp Video 2026-08-11 at 6.55.15 AM.mp4,15,Mild Steel,test,1890,31.5,524,162,150,150,374,12,674,312,300,300,99.08,24.68,TRACKED,RETAINED,data/phase2_roi_crops/retained/WhatsApp_Video_2026-08-11_at_6.55.15_AM/crop_001890.jpg
WhatsApp Video 2026-08-11 at 6.55.15 AM.mp4,15,Mild Steel,test,1905,31.75,532,166,150,150,382,16,682,316,300,300,104.01,18.18,TRACKED,RETAINED,data/phase2_roi_crops/retained/WhatsApp_Video_2026-08-11_at_6.55.15_AM/crop_001905.jpg
WhatsApp Video 2026-08-11 at 6.55.15 AM.mp4,15,Mild Steel,test,1920,32.0,542,163,150,150,392,13,692,313,300,300,107.04,16.59,TRACKED,RETAINED,data/phase2_roi_crops/retained/WhatsApp_Video_2026-08-11_at_6.55.15_AM/crop_001920.jpg
WhatsApp Video 2026-08-11 at 6.55.15 AM.mp4,15,Mild Steel,test,1935,32.25,549,165,150,150,399,15,699,315,300,300,102.1,31.75,TRACKED,RETAINED,data/phase2_roi_crops/retained/WhatsApp_Video_2026-08-11_at_6.55.15_AM/crop_001935.jpg
WhatsApp Video 2026-08-11 at 6.55.15 AM.mp4,15,Mild Steel,test,1950,32.5,557,173,150,150,407,23,707,323,300,300,101.02,14.69,TRACKED,RETAINED,data/phase2_roi_crops/retained/WhatsApp_Video_2026-08-11_at_6.55.15_AM/crop_001950.jpg
WhatsApp Video 2026-08-11 at 6.55.15 AM.mp4,15,Mild Steel,test,1965,32.75,567,174,150,150,417,24,717,324,300,300,105.98,16.87,TRACKED,RETAINED,data/phase2_roi_crops/retained/WhatsApp_Video_2026-08-11_at_6.55.15_AM/crop_001965.jpg
WhatsApp Video 2026-08-11 at 6.55.15 AM.mp4,15,Mild Steel,test,1980,33.0,575,179,150,150,425,29,725,329,300,300,114.75,7.13,TRACKED,RETAINED,data/phase2_roi_crops/retained/WhatsApp_Video_2026-08-11_at_6.55.15_AM/crop_001980.jpg
WhatsApp Video 2026-08-11 at 6.55.15 AM.mp4,15,Mild Steel,test,1995,33.25,580,181,150,150,430,31,730,331,300,300,115.12,5.74,TRACKED,RETAINED,data/phase2_roi_crops/retained/WhatsApp_Video_2026-08-11_at_6.55.15_AM/crop_001995.jpg
WhatsApp Video 2026-08-11 at 6.55.15 AM.mp4,15,Mild Steel,test,2010,33.5,581,177,150,150,431,27,731,327,300,300,103.67,12.63,TRACKED,RETAINED,data/phase2_roi_crops/retained/WhatsApp_Video_2026-08-11_at_6.55.15_AM/crop_002010.jpg
WhatsApp Video 2026-08-11 at 6.55.15 AM.mp4,15,Mild Steel,test,2025,33.75,576,181,150,150,426,31,726,331,300,300,120.3,5.53,TRACKED,RETAINED,data/phase2_roi_crops/retained/WhatsApp_Video_2026-08-11_at_6.55.15_AM/crop_002025.jpg
WhatsApp Video 2026-08-11 at 6.55.15 AM.mp4,15,Mild Steel,test,2040,34.0,576,182,150,150,426,32,726,332,300,300,105.95,15.01,TRACKED,RETAINED,data/phase2_roi_crops/retained/WhatsApp_Video_2026-08-11_at_6.55.15_AM/crop_002040.jpg
WhatsApp Video 2026-08-11 at 6.55.15 AM.mp4,15,Mild Steel,test,2055,34.25,576,186,150,150,426,36,726,336,300,300,106.21,7.73,TRACKED,RETAINED,data/phase2_roi_crops/retained/WhatsApp_Video_2026-08-11_at_6.55.15_AM/crop_002055.jpg
WhatsApp Video 2026-08-11 at 6.55.15 AM.mp4,15,Mild Steel,test,2070,34.5,574,181,150,150,424,31,724,331,300,300,99.16,21.91,TRACKED,RETAINED,data/phase2_roi_crops/retained/WhatsApp_Video_2026-08-11_at_6.55.15_AM/crop_002070.jpg
WhatsApp Video 2026-08-11 at 6.55.15 AM.mp4,15,Mild Steel,test,2085,34.75,573,183,150,150,423,33,723,333,300,300,98.23,7.84,TRACKED,RETAINED,data/phase2_roi_crops/retained/WhatsApp_Video_2026-08-11_at_6.55.15_AM/crop_002085.jpg
WhatsApp Video 2026-08-11 at 6.55.15 AM.mp4,15,Mild Steel,test,2100,35.0,569,182,150,150,419,32,719,332,300,300,158.34,4.81,TRACKED,RETAINED,data/phase2_roi_crops/retained/WhatsApp_Video_2026-08-11_at_6.55.15_AM/crop_002100.jpg
WhatsApp Video 2026-08-11 at 6.55.15 AM.mp4,15,Mild Steel,test,2115,35.25,567,186,150,150,417,36,717,336,300,300,105.24,8.71,TRACKED,RETAINED,data/phase2_roi_crops/retained/WhatsApp_Video_2026-08-11_at_6.55.15_AM/crop_002115.jpg
WhatsApp Video 2026-08-11 at 6.55.15 AM.mp4,15,Mild Steel,test,2130,35.5,566,187,150,150,416,37,716,337,300,300,101.96,2.93,TRACKED,RETAINED,data/phase2_roi_crops/retained/WhatsApp_Video_2026-08-11_at_6.55.15_AM/crop_002130.jpg
WhatsApp Video 2026-08-11 at 6.55.15 AM.mp4,15,Mild Steel,test,2145,35.75,562,185,150,150,412,35,712,335,300,300,93.79,22.02,TRACKED,RETAINED,data/phase2_roi_crops/retained/WhatsApp_Video_2026-08-11_at_6.55.15_AM/crop_002145.jpg
WhatsApp Video 2026-08-11 at 6.55.15 AM.mp4,15,Mild Steel,test,2160,36.0,564,186,150,150,414,36,714,336,300,300,93.02,4.32,TRACKED,RETAINED,data/phase2_roi_crops/retained/WhatsApp_Video_2026-08-11_at_6.55.15_AM/crop_002160.jpg
WhatsApp Video 2026-08-11 at 6.55.15 AM.mp4,15,Mild Steel,test,2175,36.25,561,187,150,150,411,37,711,337,300,300,95.08,6.16,TRACKED,RETAINED,data/phase2_roi_crops/retained/WhatsApp_Video_2026-08-11_at_6.55.15_AM/crop_002175.jpg
WhatsApp Video 2026-08-11 at 6.55.15 AM.mp4,15,Mild Steel,test,2190,36.5,557,187,150,150,407,37,707,337,300,300,98.93,14.03,TRACKED,RETAINED,data/phase2_roi_crops/retained/WhatsApp_Video_2026-08-11_at_6.55.15_AM/crop_002190.jpg
WhatsApp Video 2026-08-11 at 6.55.15 AM.mp4,15,Mild Steel,test,2205,36.75,556,186,150,150,406,36,706,336,300,300,98.45,6.75,TRACKED,RETAINED,data/phase2_roi_crops/retained/WhatsApp_Video_2026-08-11_at_6.55.15_AM/crop_002205.jpg
WhatsApp Video 2026-08-11 at 6.55.15 AM.mp4,15,Mild Steel,test,2220,37.0,553,191,150,150,403,41,703,341,300,300,107.21,6.65,TRACKED,RETAINED,data/phase2_roi_crops/retained/WhatsApp_Video_2026-08-11_at_6.55.15_AM/crop_002220.jpg
WhatsApp Video 2026-08-11 at 6.55.15 AM.mp4,15,Mild Steel,test,2235,37.25,549,191,150,150,399,41,699,341,300,300,107.19,25.62,TRACKED,RETAINED,data/phase2_roi_crops/retained/WhatsApp_Video_2026-08-11_at_6.55.15_AM/crop_002235.jpg
WhatsApp Video 2026-08-11 at 6.55.15 AM.mp4,15,Mild Steel,test,2250,37.5,549,197,150,150,399,47,699,347,300,300,97.59,10.19,TRACKED,RETAINED,data/phase2_roi_crops/retained/WhatsApp_Video_2026-08-11_at_6.55.15_AM/crop_002250.jpg
WhatsApp Video 2026-08-11 at 6.55.15 AM.mp4,15,Mild Steel,test,2265,37.75,546,191,150,150,396,41,696,341,300,300,107.82,29.58,TRACKED,RETAINED,data/phase2_roi_crops/retained/WhatsApp_Video_2026-08-11_at_6.55.15_AM/crop_002265.jpg
WhatsApp Video 2026-08-11 at 6.55.15 AM.mp4,15,Mild Steel,test,2280,38.0,544,193,150,150,394,43,694,343,300,300,104.83,16.04,TRACKED,RETAINED,data/phase2_roi_crops/retained/WhatsApp_Video_2026-08-11_at_6.55.15_AM/crop_002280.jpg
WhatsApp Video 2026-08-11 at 6.55.15 AM.mp4,15,Mild Steel,test,2295,38.25,544,193,150,150,394,43,694,343,300,300,102.59,8.87,TRACKED,RETAINED,data/phase2_roi_crops/retained/WhatsApp_Video_2026-08-11_at_6.55.15_AM/crop_002295.jpg
WhatsApp Video 2026-08-11 at 6.55.15 AM.mp4,15,Mild Steel,test,2310,38.5,542,192,150,150,392,42,692,342,300,300,100.95,8.21,TRACKED,RETAINED,data/phase2_roi_crops/retained/WhatsApp_Video_2026-08-11_at_6.55.15_AM/crop_002310.jpg
WhatsApp Video 2026-08-11 at 6.55.15 AM.mp4,15,Mild Steel,test,2325,38.75,534,192,150,150,384,42,684,342,300,300,92.77,16.47,TRACKED,RETAINED,data/phase2_roi_crops/retained/WhatsApp_Video_2026-08-11_at_6.55.15_AM/crop_002325.jpg
WhatsApp Video 2026-08-11 at 6.55.15 AM.mp4,15,Mild Steel,test,2340,39.0,533,195,150,150,383,45,683,345,300,300,99.27,20.4,TRACKED,RETAINED,data/phase2_roi_crops/retained/WhatsApp_Video_2026-08-11_at_6.55.15_AM/crop_002340.jpg
WhatsApp Video 2026-08-11 at 6.55.15 AM.mp4,15,Mild Steel,test,2355,39.25,529,198,150,150,379,48,679,348,300,300,103.81,11.02,TRACKED,RETAINED,data/phase2_roi_crops/retained/WhatsApp_Video_2026-08-11_at_6.55.15_AM/crop_002355.jpg
WhatsApp Video 2026-08-11 at 6.55.15 AM.mp4,15,Mild Steel,test,2370,39.5,525,197,150,150,375,47,675,347,300,300,92.85,11.0,TRACKED,RETAINED,data/phase2_roi_crops/retained/WhatsApp_Video_2026-08-11_at_6.55.15_AM/crop_002370.jpg
WhatsApp Video 2026-08-11 at 6.55.15 AM.mp4,15,Mild Steel,test,2385,39.75,524,197,150,150,374,47,674,347,300,300,94.23,7.15,TRACKED,RETAINED,data/phase2_roi_crops/retained/WhatsApp_Video_2026-08-11_at_6.55.15_AM/crop_002385.jpg
WhatsApp Video 2026-08-11 at 6.55.15 AM.mp4,15,Mild Steel,test,2400,40.0,521,196,150,150,371,46,671,346,300,300,155.62,6.68,TRACKED,RETAINED,data/phase2_roi_crops/retained/WhatsApp_Video_2026-08-11_at_6.55.15_AM/crop_002400.jpg
WhatsApp Video 2026-08-11 at 6.55.15 AM.mp4,15,Mild Steel,test,2415,40.25,523,199,150,150,373,49,673,349,300,300,105.21,18.0,TRACKED,RETAINED,data/phase2_roi_crops/retained/WhatsApp_Video_2026-08-11_at_6.55.15_AM/crop_002415.jpg
WhatsApp Video 2026-08-11 at 6.55.15 AM.mp4,15,Mild Steel,test,2430,40.5,524,200,150,150,374,50,674,350,300,300,100.77,7.64,TRACKED,RETAINED,data/phase2_roi_crops/retained/WhatsApp_Video_2026-08-11_at_6.55.15_AM/crop_002430.jpg
WhatsApp Video 2026-08-11 at 6.55.15 AM.mp4,15,Mild Steel,test,2445,40.75,523,203,150,150,373,53,673,353,300,300,91.28,21.22,TRACKED,RETAINED,data/phase2_roi_crops/retained/WhatsApp_Video_2026-08-11_at_6.55.15_AM/crop_002445.jpg
WhatsApp Video 2026-08-11 at 6.55.15 AM.mp4,15,Mild Steel,test,2460,41.0,519,200,150,150,369,50,669,350,300,300,87.34,17.11,TRACKED,RETAINED,data/phase2_roi_crops/retained/WhatsApp_Video_2026-08-11_at_6.55.15_AM/crop_002460.jpg
WhatsApp Video 2026-08-11 at 6.55.15 AM.mp4,15,Mild Steel,test,2475,41.25,515,203,150,150,365,53,665,353,300,300,84.63,10.1,TRACKED,RETAINED,data/phase2_roi_crops/retained/WhatsApp_Video_2026-08-11_at_6.55.15_AM/crop_002475.jpg
WhatsApp Video 2026-08-11 at 6.55.15 AM.mp4,15,Mild Steel,test,2490,41.5,512,203,150,150,362,53,662,353,300,300,82.62,4.01,TRACKED,RETAINED,data/phase2_roi_crops/retained/WhatsApp_Video_2026-08-11_at_6.55.15_AM/crop_002490.jpg
WhatsApp Video 2026-08-11 at 6.55.15 AM.mp4,15,Mild Steel,test,2505,41.75,511,202,150,150,361,52,661,352,300,300,85.28,4.94,TRACKED,RETAINED,data/phase2_roi_crops/retained/WhatsApp_Video_2026-08-11_at_6.55.15_AM/crop_002505.jpg
WhatsApp Video 2026-08-11 at 6.55.15 AM.mp4,15,Mild Steel,test,2520,42.0,507,205,150,150,357,55,657,355,300,300,88.2,11.36,TRACKED,RETAINED,data/phase2_roi_crops/retained/WhatsApp_Video_2026-08-11_at_6.55.15_AM/crop_002520.jpg
WhatsApp Video 2026-08-11 at 6.55.15 AM.mp4,15,Mild Steel,test,2535,42.25,506,208,150,150,356,58,656,358,300,300,77.12,4.18,TRACKED,RETAINED,data/phase2_roi_crops/retained/WhatsApp_Video_2026-08-11_at_6.55.15_AM/crop_002535.jpg
WhatsApp Video 2026-08-11 at 6.55.15 AM.mp4,15,Mild Steel,test,2550,42.5,502,210,150,150,352,60,652,360,300,300,86.8,8.75,TRACKED,RETAINED,data/phase2_roi_crops/retained/WhatsApp_Video_2026-08-11_at_6.55.15_AM/crop_002550.jpg
WhatsApp Video 2026-08-11 at 6.55.15 AM.mp4,15,Mild Steel,test,2565,42.75,501,210,150,150,351,60,651,360,300,300,85.96,6.25,TRACKED,RETAINED,data/phase2_roi_crops/retained/WhatsApp_Video_2026-08-11_at_6.55.15_AM/crop_002565.jpg
WhatsApp Video 2026-08-11 at 6.55.15 AM.mp4,15,Mild Steel,test,2580,43.0,497,208,150,150,347,58,647,358,300,300,77.89,6.39,TRACKED,RETAINED,data/phase2_roi_crops/retained/WhatsApp_Video_2026-08-11_at_6.55.15_AM/crop_002580.jpg
WhatsApp Video 2026-08-11 at 6.55.15 AM.mp4,15,Mild Steel,test,2595,43.25,495,208,150,150,345,58,645,358,300,300,86.24,8.53,TRACKED,RETAINED,data/phase2_roi_crops/retained/WhatsApp_Video_2026-08-11_at_6.55.15_AM/crop_002595.jpg
WhatsApp Video 2026-08-11 at 6.55.15 AM.mp4,15,Mild Steel,test,2610,43.5,493,209,150,150,343,59,643,359,300,300,79.52,15.69,TRACKED,RETAINED,data/phase2_roi_crops/retained/WhatsApp_Video_2026-08-11_at_6.55.15_AM/crop_002610.jpg
WhatsApp Video 2026-08-11 at 6.55.15 AM.mp4,15,Mild Steel,test,2625,43.75,493,209,150,150,343,59,643,359,300,300,85.85,3.59,TRACKED,RETAINED,data/phase2_roi_crops/retained/WhatsApp_Video_2026-08-11_at_6.55.15_AM/crop_002625.jpg
WhatsApp Video 2026-08-11 at 6.55.15 AM.mp4,15,Mild Steel,test,2640,44.0,489,213,150,150,339,63,639,363,300,300,91.66,5.01,TRACKED,RETAINED,data/phase2_roi_crops/retained/WhatsApp_Video_2026-08-11_at_6.55.15_AM/crop_002640.jpg
WhatsApp Video 2026-08-11 at 6.55.15 AM.mp4,15,Mild Steel,test,2655,44.25,488,216,150,150,338,66,638,366,300,300,82.07,12.2,TRACKED,RETAINED,data/phase2_roi_crops/retained/WhatsApp_Video_2026-08-11_at_6.55.15_AM/crop_002655.jpg
WhatsApp Video 2026-08-11 at 6.55.15 AM.mp4,15,Mild Steel,test,2670,44.5,487,216,150,150,337,66,637,366,300,300,83.76,6.61,TRACKED,RETAINED,data/phase2_roi_crops/retained/WhatsApp_Video_2026-08-11_at_6.55.15_AM/crop_002670.jpg
WhatsApp Video 2026-08-11 at 6.55.15 AM.mp4,15,Mild Steel,test,2685,44.75,486,216,150,150,336,66,636,366,300,300,84.83,6.29,TRACKED,RETAINED,data/phase2_roi_crops/retained/WhatsApp_Video_2026-08-11_at_6.55.15_AM/crop_002685.jpg
WhatsApp Video 2026-08-11 at 6.55.15 AM.mp4,15,Mild Steel,test,2700,45.0,483,213,150,150,333,63,633,363,300,300,142.51,19.89,TRACKED,RETAINED,data/phase2_roi_crops/retained/WhatsApp_Video_2026-08-11_at_6.55.15_AM/crop_002700.jpg
WhatsApp Video 2026-08-11 at 6.55.15 AM.mp4,15,Mild Steel,test,2715,45.25,479,216,150,150,329,66,629,366,300,300,101.25,11.98,TRACKED,RETAINED,data/phase2_roi_crops/retained/WhatsApp_Video_2026-08-11_at_6.55.15_AM/crop_002715.jpg
WhatsApp Video 2026-08-11 at 6.55.15 AM.mp4,15,Mild Steel,test,2730,45.5,475,215,150,150,325,65,625,365,300,300,87.14,4.87,TRACKED,RETAINED,data/phase2_roi_crops/retained/WhatsApp_Video_2026-08-11_at_6.55.15_AM/crop_002730.jpg
WhatsApp Video 2026-08-11 at 6.55.15 AM.mp4,15,Mild Steel,test,2745,45.75,473,213,150,150,323,63,623,363,300,300,89.63,7.36,TRACKED,RETAINED,data/phase2_roi_crops/retained/WhatsApp_Video_2026-08-11_at_6.55.15_AM/crop_002745.jpg
WhatsApp Video 2026-08-11 at 6.55.15 AM.mp4,15,Mild Steel,test,2760,46.0,475,218,150,150,325,68,625,368,300,300,87.54,23.47,TRACKED,RETAINED,data/phase2_roi_crops/retained/WhatsApp_Video_2026-08-11_at_6.55.15_AM/crop_002760.jpg
WhatsApp Video 2026-08-11 at 6.55.15 AM.mp4,15,Mild Steel,test,2775,46.25,479,218,150,150,329,68,629,368,300,300,89.61,12.8,TRACKED,RETAINED,data/phase2_roi_crops/retained/WhatsApp_Video_2026-08-11_at_6.55.15_AM/crop_002775.jpg
WhatsApp Video 2026-08-11 at 6.55.15 AM.mp4,15,Mild Steel,test,2790,46.5,484,213,150,150,334,63,634,363,300,300,92.69,15.05,TRACKED,RETAINED,data/phase2_roi_crops/retained/WhatsApp_Video_2026-08-11_at_6.55.15_AM/crop_002790.jpg
WhatsApp Video 2026-08-11 at 6.55.15 AM.mp4,15,Mild Steel,test,2805,46.75,492,211,150,150,342,61,642,361,300,300,99.2,21.14,TRACKED,RETAINED,data/phase2_roi_crops/retained/WhatsApp_Video_2026-08-11_at_6.55.15_AM/crop_002805.jpg
WhatsApp Video 2026-08-11 at 6.55.15 AM.mp4,15,Mild Steel,test,2820,47.0,501,211,150,150,351,61,651,361,300,300,88.97,20.23,TRACKED,RETAINED,data/phase2_roi_crops/retained/WhatsApp_Video_2026-08-11_at_6.55.15_AM/crop_002820.jpg
WhatsApp Video 2026-08-11 at 6.55.15 AM.mp4,15,Mild Steel,test,2835,47.25,510,207,150,150,360,57,660,357,300,300,96.31,30.49,TRACKED,RETAINED,data/phase2_roi_crops/retained/WhatsApp_Video_2026-08-11_at_6.55.15_AM/crop_002835.jpg
WhatsApp Video 2026-08-11 at 6.55.15 AM.mp4,15,Mild Steel,test,2850,47.5,516,204,150,150,366,54,666,354,300,300,93.84,18.28,TRACKED,RETAINED,data/phase2_roi_crops/retained/WhatsApp_Video_2026-08-11_at_6.55.15_AM/crop_002850.jpg
WhatsApp Video 2026-08-11 at 6.55.15 AM.mp4,15,Mild Steel,test,2865,47.75,520,201,150,150,370,51,670,351,300,300,92.58,14.21,TRACKED,RETAINED,data/phase2_roi_crops/retained/WhatsApp_Video_2026-08-11_at_6.55.15_AM/crop_002865.jpg
WhatsApp Video 2026-08-11 at 6.55.15 AM.mp4,15,Mild Steel,test,2880,48.0,528,201,150,150,378,51,678,351,300,300,84.84,14.9,TRACKED,RETAINED,data/phase2_roi_crops/retained/WhatsApp_Video_2026-08-11_at_6.55.15_AM/crop_002880.jpg
WhatsApp Video 2026-08-11 at 6.55.15 AM.mp4,15,Mild Steel,test,2895,48.25,538,198,150,150,388,48,688,348,300,300,89.45,12.36,TRACKED,RETAINED,data/phase2_roi_crops/retained/WhatsApp_Video_2026-08-11_at_6.55.15_AM/crop_002895.jpg
WhatsApp Video 2026-08-11 at 6.55.15 AM.mp4,15,Mild Steel,test,2910,48.5,541,196,150,150,391,46,691,346,300,300,85.98,5.99,TRACKED,RETAINED,data/phase2_roi_crops/retained/WhatsApp_Video_2026-08-11_at_6.55.15_AM/crop_002910.jpg
WhatsApp Video 2026-08-11 at 6.55.15 AM.mp4,15,Mild Steel,test,2925,48.75,550,193,150,150,400,43,700,343,300,300,82.23,13.15,TRACKED,RETAINED,data/phase2_roi_crops/retained/WhatsApp_Video_2026-08-11_at_6.55.15_AM/crop_002925.jpg
WhatsApp Video 2026-08-11 at 6.55.15 AM.mp4,15,Mild Steel,test,2940,49.0,559,190,150,150,409,40,709,340,300,300,78.89,16.49,TRACKED,RETAINED,data/phase2_roi_crops/retained/WhatsApp_Video_2026-08-11_at_6.55.15_AM/crop_002940.jpg
WhatsApp Video 2026-08-11 at 6.55.15 AM.mp4,15,Mild Steel,test,2955,49.25,564,188,150,150,414,38,714,338,300,300,79.39,19.5,TRACKED,RETAINED,data/phase2_roi_crops/retained/WhatsApp_Video_2026-08-11_at_6.55.15_AM/crop_002955.jpg
WhatsApp Video 2026-08-11 at 6.55.15 AM.mp4,15,Mild Steel,test,2970,49.5,571,183,150,150,421,33,721,333,300,300,79.69,24.49,TRACKED,RETAINED,data/phase2_roi_crops/retained/WhatsApp_Video_2026-08-11_at_6.55.15_AM/crop_002970.jpg
WhatsApp Video 2026-08-11 at 6.55.15 AM.mp4,15,Mild Steel,test,2985,49.75,579,184,150,150,429,34,729,334,300,300,79.63,14.76,TRACKED,RETAINED,data/phase2_roi_crops/retained/WhatsApp_Video_2026-08-11_at_6.55.15_AM/crop_002985.jpg
WhatsApp Video 2026-08-11 at 6.55.15 AM.mp4,15,Mild Steel,test,3000,50.0,585,178,150,150,435,28,735,328,300,300,128.08,26.7,TRACKED,RETAINED,data/phase2_roi_crops/retained/WhatsApp_Video_2026-08-11_at_6.55.15_AM/crop_003000.jpg
WhatsApp Video 2026-08-11 at 6.55.15 AM.mp4,15,Mild Steel,test,3015,50.25,586,178,150,150,436,28,736,328,300,300,73.17,10.64,TRACKED,RETAINED,data/phase2_roi_crops/retained/WhatsApp_Video_2026-08-11_at_6.55.15_AM/crop_003015.jpg
WhatsApp Video 2026-08-11 at 6.55.15 AM.mp4,15,Mild Steel,test,3030,50.5,580,183,150,150,430,33,730,333,300,300,79.0,11.15,TRACKED,RETAINED,data/phase2_roi_crops/retained/WhatsApp_Video_2026-08-11_at_6.55.15_AM/crop_003030.jpg
WhatsApp Video 2026-08-11 at 6.55.15 AM.mp4,15,Mild Steel,test,3045,50.75,580,184,150,150,430,34,730,334,300,300,77.98,9.76,TRACKED,RETAINED,data/phase2_roi_crops/retained/WhatsApp_Video_2026-08-11_at_6.55.15_AM/crop_003045.jpg
WhatsApp Video 2026-08-11 at 6.55.15 AM.mp4,15,Mild Steel,test,3060,51.0,574,181,150,150,424,31,724,331,300,300,82.49,18.83,TRACKED,RETAINED,data/phase2_roi_crops/retained/WhatsApp_Video_2026-08-11_at_6.55.15_AM/crop_003060.jpg
WhatsApp Video 2026-08-11 at 6.55.15 AM.mp4,15,Mild Steel,test,3075,51.25,572,182,150,150,422,32,722,332,300,300,78.42,13.66,TRACKED,RETAINED,data/phase2_roi_crops/retained/WhatsApp_Video_2026-08-11_at_6.55.15_AM/crop_003075.jpg
WhatsApp Video 2026-08-11 at 6.55.15 AM.mp4,15,Mild Steel,test,3090,51.5,571,185,150,150,421,35,721,335,300,300,80.31,18.98,TRACKED,RETAINED,data/phase2_roi_crops/retained/WhatsApp_Video_2026-08-11_at_6.55.15_AM/crop_003090.jpg
WhatsApp Video 2026-08-11 at 6.55.15 AM.mp4,15,Mild Steel,test,3105,51.75,566,185,150,150,416,35,716,335,300,300,83.44,16.85,TRACKED,RETAINED,data/phase2_roi_crops/retained/WhatsApp_Video_2026-08-11_at_6.55.15_AM/crop_003105.jpg
WhatsApp Video 2026-08-11 at 6.55.15 AM.mp4,15,Mild Steel,test,3120,52.0,562,184,150,150,412,34,712,334,300,300,82.29,11.3,TRACKED,RETAINED,data/phase2_roi_crops/retained/WhatsApp_Video_2026-08-11_at_6.55.15_AM/crop_003120.jpg
WhatsApp Video 2026-08-11 at 6.55.15 AM.mp4,15,Mild Steel,test,3135,52.25,559,187,150,150,409,37,709,337,300,300,90.55,7.55,TRACKED,RETAINED,data/phase2_roi_crops/retained/WhatsApp_Video_2026-08-11_at_6.55.15_AM/crop_003135.jpg
WhatsApp Video 2026-08-11 at 6.55.15 AM.mp4,15,Mild Steel,test,3150,52.5,555,186,150,150,405,36,705,336,300,300,77.86,5.81,TRACKED,RETAINED,data/phase2_roi_crops/retained/WhatsApp_Video_2026-08-11_at_6.55.15_AM/crop_003150.jpg
WhatsApp Video 2026-08-11 at 6.55.15 AM.mp4,15,Mild Steel,test,3165,52.75,552,186,150,150,402,36,702,336,300,300,78.88,7.19,TRACKED,RETAINED,data/phase2_roi_crops/retained/WhatsApp_Video_2026-08-11_at_6.55.15_AM/crop_003165.jpg
WhatsApp Video 2026-08-11 at 6.55.15 AM.mp4,15,Mild Steel,test,3180,53.0,553,190,150,150,403,40,703,340,300,300,81.9,16.03,TRACKED,RETAINED,data/phase2_roi_crops/retained/WhatsApp_Video_2026-08-11_at_6.55.15_AM/crop_003180.jpg
WhatsApp Video 2026-08-11 at 6.55.15 AM.mp4,15,Mild Steel,test,3195,53.25,551,191,150,150,401,41,701,341,300,300,74.63,33.55,TRACKED,RETAINED,data/phase2_roi_crops/retained/WhatsApp_Video_2026-08-11_at_6.55.15_AM/crop_003195.jpg
WhatsApp Video 2026-08-11 at 6.55.15 AM.mp4,15,Mild Steel,test,3210,53.5,549,191,150,150,399,41,699,341,300,300,84.66,21.93,TRACKED,RETAINED,data/phase2_roi_crops/retained/WhatsApp_Video_2026-08-11_at_6.55.15_AM/crop_003210.jpg
WhatsApp Video 2026-08-11 at 6.55.15 AM.mp4,15,Mild Steel,test,3225,53.75,545,192,150,150,395,42,695,342,300,300,82.83,16.91,TRACKED,RETAINED,data/phase2_roi_crops/retained/WhatsApp_Video_2026-08-11_at_6.55.15_AM/crop_003225.jpg
WhatsApp Video 2026-08-11 at 6.55.15 AM.mp4,15,Mild Steel,test,3240,54.0,542,192,150,150,392,42,692,342,300,300,79.21,9.14,TRACKED,RETAINED,data/phase2_roi_crops/retained/WhatsApp_Video_2026-08-11_at_6.55.15_AM/crop_003240.jpg
WhatsApp Video 2026-08-11 at 6.55.15 AM.mp4,15,Mild Steel,test,3255,54.25,536,194,150,150,386,44,686,344,300,300,80.92,15.13,TRACKED,RETAINED,data/phase2_roi_crops/retained/WhatsApp_Video_2026-08-11_at_6.55.15_AM/crop_003255.jpg
WhatsApp Video 2026-08-11 at 6.55.15 AM.mp4,15,Mild Steel,test,3270,54.5,537,196,150,150,387,46,687,346,300,300,81.01,10.04,TRACKED,RETAINED,data/phase2_roi_crops/retained/WhatsApp_Video_2026-08-11_at_6.55.15_AM/crop_003270.jpg
WhatsApp Video 2026-08-11 at 6.55.15 AM.mp4,15,Mild Steel,test,3285,54.75,529,198,150,150,379,48,679,348,300,300,83.87,17.25,TRACKED,RETAINED,data/phase2_roi_crops/retained/WhatsApp_Video_2026-08-11_at_6.55.15_AM/crop_003285.jpg
WhatsApp Video 2026-08-11 at 6.55.15 AM.mp4,15,Mild Steel,test,3300,55.0,529,197,150,150,379,47,679,347,300,300,128.32,10.1,TRACKED,RETAINED,data/phase2_roi_crops/retained/WhatsApp_Video_2026-08-11_at_6.55.15_AM/crop_003300.jpg
WhatsApp Video 2026-08-11 at 6.55.15 AM.mp4,15,Mild Steel,test,3315,55.25,526,199,150,150,376,49,676,349,300,300,92.08,8.34,TRACKED,RETAINED,data/phase2_roi_crops/retained/WhatsApp_Video_2026-08-11_at_6.55.15_AM/crop_003315.jpg
WhatsApp Video 2026-08-11 at 6.55.15 AM.mp4,15,Mild Steel,test,3330,55.5,525,199,150,150,375,49,675,349,300,300,81.01,10.49,TRACKED,RETAINED,data/phase2_roi_crops/retained/WhatsApp_Video_2026-08-11_at_6.55.15_AM/crop_003330.jpg
WhatsApp Video 2026-08-11 at 6.55.15 AM.mp4,15,Mild Steel,test,3345,55.75,520,201,150,150,370,51,670,351,300,300,82.76,5.44,TRACKED,RETAINED,data/phase2_roi_crops/retained/WhatsApp_Video_2026-08-11_at_6.55.15_AM/crop_003345.jpg
WhatsApp Video 2026-08-11 at 6.55.15 AM.mp4,15,Mild Steel,test,3360,56.0,516,199,150,150,366,49,666,349,300,300,78.84,9.66,TRACKED,RETAINED,data/phase2_roi_crops/retained/WhatsApp_Video_2026-08-11_at_6.55.15_AM/crop_003360.jpg
WhatsApp Video 2026-08-11 at 6.55.15 AM.mp4,15,Mild Steel,test,3375,56.25,516,200,150,150,366,50,666,350,300,300,76.1,7.33,TRACKED,RETAINED,data/phase2_roi_crops/retained/WhatsApp_Video_2026-08-11_at_6.55.15_AM/crop_003375.jpg
WhatsApp Video 2026-08-11 at 6.55.15 AM.mp4,15,Mild Steel,test,3390,56.5,512,204,150,150,362,54,662,354,300,300,78.62,9.0,TRACKED,RETAINED,data/phase2_roi_crops/retained/WhatsApp_Video_2026-08-11_at_6.55.15_AM/crop_003390.jpg
WhatsApp Video 2026-08-11 at 6.55.15 AM.mp4,15,Mild Steel,test,3405,56.75,508,203,150,150,358,53,658,353,300,300,88.16,10.69,TRACKED,RETAINED,data/phase2_roi_crops/retained/WhatsApp_Video_2026-08-11_at_6.55.15_AM/crop_003405.jpg
WhatsApp Video 2026-08-11 at 6.55.15 AM.mp4,15,Mild Steel,test,3420,57.0,507,205,150,150,357,55,657,355,300,300,80.39,14.49,TRACKED,RETAINED,data/phase2_roi_crops/retained/WhatsApp_Video_2026-08-11_at_6.55.15_AM/crop_003420.jpg
WhatsApp Video 2026-08-11 at 6.55.15 AM.mp4,15,Mild Steel,test,3435,57.25,505,206,150,150,355,56,655,356,300,300,97.86,17.96,TRACKED,RETAINED,data/phase2_roi_crops/retained/WhatsApp_Video_2026-08-11_at_6.55.15_AM/crop_003435.jpg
WhatsApp Video 2026-08-11 at 6.55.15 AM.mp4,15,Mild Steel,test,3450,57.5,502,205,150,150,352,55,652,355,300,300,117.54,11.19,TRACKED,RETAINED,data/phase2_roi_crops/retained/WhatsApp_Video_2026-08-11_at_6.55.15_AM/crop_003450.jpg
WhatsApp Video 2026-08-11 at 6.55.15 AM.mp4,15,Mild Steel,test,3465,57.75,496,203,150,150,346,53,646,353,300,300,124.01,23.35,TRACKED,RETAINED,data/phase2_roi_crops/retained/WhatsApp_Video_2026-08-11_at_6.55.15_AM/crop_003465.jpg
WhatsApp Video 2026-08-11 at 6.55.15 AM.mp4,15,Mild Steel,test,3480,58.0,495,207,150,150,345,57,645,357,300,300,118.19,33.13,TRACKED,RETAINED,data/phase2_roi_crops/retained/WhatsApp_Video_2026-08-11_at_6.55.15_AM/crop_003480.jpg
WhatsApp Video 2026-08-11 at 6.55.15 AM.mp4,15,Mild Steel,test,3495,58.25,492,209,150,150,342,59,642,359,300,300,135.84,21.53,TRACKED,RETAINED,data/phase2_roi_crops/retained/WhatsApp_Video_2026-08-11_at_6.55.15_AM/crop_003495.jpg
WhatsApp Video 2026-08-11 at 6.55.15 AM.mp4,15,Mild Steel,test,3510,58.5,490,208,150,150,340,58,640,358,300,300,139.78,6.61,TRACKED,RETAINED,data/phase2_roi_crops/retained/WhatsApp_Video_2026-08-11_at_6.55.15_AM/crop_003510.jpg
WhatsApp Video 2026-08-11 at 6.55.15 AM.mp4,15,Mild Steel,test,3525,58.75,488,211,150,150,338,61,638,361,300,300,130.56,27.77,TRACKED,RETAINED,data/phase2_roi_crops/retained/WhatsApp_Video_2026-08-11_at_6.55.15_AM/crop_003525.jpg
WhatsApp Video 2026-08-11 at 6.55.15 AM.mp4,15,Mild Steel,test,3540,59.0,484,213,150,150,334,63,634,363,300,300,131.47,13.62,TRACKED,RETAINED,data/phase2_roi_crops/retained/WhatsApp_Video_2026-08-11_at_6.55.15_AM/crop_003540.jpg
WhatsApp Video 2026-08-11 at 6.55.15 AM.mp4,15,Mild Steel,test,3555,59.25,479,214,150,150,329,64,629,364,300,300,126.66,12.29,TRACKED,RETAINED,data/phase2_roi_crops/retained/WhatsApp_Video_2026-08-11_at_6.55.15_AM/crop_003555.jpg
WhatsApp Video 2026-08-11 at 6.55.15 AM.mp4,15,Mild Steel,test,3570,59.5,475,213,150,150,325,63,625,363,300,300,135.04,10.43,TRACKED,RETAINED,data/phase2_roi_crops/retained/WhatsApp_Video_2026-08-11_at_6.55.15_AM/crop_003570.jpg
WhatsApp Video 2026-08-11 at 6.55.15 AM.mp4,15,Mild Steel,test,3585,59.75,472,215,150,150,322,65,622,365,300,300,121.43,20.79,TRACKED,RETAINED,data/phase2_roi_crops/retained/WhatsApp_Video_2026-08-11_at_6.55.15_AM/crop_003585.jpg
WhatsApp Video 2026-08-11 at 6.55.15 AM.mp4,15,Mild Steel,test,3600,60.0,469,216,150,150,319,66,619,366,300,300,178.28,28.82,TRACKED,RETAINED,data/phase2_roi_crops/retained/WhatsApp_Video_2026-08-11_at_6.55.15_AM/crop_003600.jpg
WhatsApp Video 2026-08-11 at 6.55.15 AM.mp4,15,Mild Steel,test,3615,60.25,467,217,150,150,317,67,617,367,300,300,134.98,25.46,TRACKED,RETAINED,data/phase2_roi_crops/retained/WhatsApp_Video_2026-08-11_at_6.55.15_AM/crop_003615.jpg
WhatsApp Video 2026-08-11 at 6.55.15 AM.mp4,15,Mild Steel,test,3630,60.5,467,215,150,150,317,65,617,365,300,300,117.46,11.59,TRACKED,RETAINED,data/phase2_roi_crops/retained/WhatsApp_Video_2026-08-11_at_6.55.15_AM/crop_003630.jpg
WhatsApp Video 2026-08-11 at 6.55.15 AM.mp4,15,Mild Steel,test,3645,60.75,463,217,150,150,313,67,613,367,300,300,113.13,25.58,TRACKED,RETAINED,data/phase2_roi_crops/retained/WhatsApp_Video_2026-08-11_at_6.55.15_AM/crop_003645.jpg
WhatsApp Video 2026-08-11 at 6.55.15 AM.mp4,15,Mild Steel,test,3660,61.0,462,217,150,150,312,67,612,367,300,300,129.39,8.06,TRACKED,RETAINED,data/phase2_roi_crops/retained/WhatsApp_Video_2026-08-11_at_6.55.15_AM/crop_003660.jpg
WhatsApp Video 2026-08-11 at 6.55.18 AM.mp4,22,Mild Steel,train,0,0.0,606,169,150,150,456,19,756,319,300,300,85.0,0.0,TRACKED,RETAINED,data/phase2_roi_crops/retained/WhatsApp_Video_2026-08-11_at_6.55.18_AM/crop_000000.jpg
WhatsApp Video 2026-08-11 at 6.55.18 AM.mp4,22,Mild Steel,train,15,0.25,608,166,150,150,458,16,758,316,300,300,70.77,20.4,TRACKED,RETAINED,data/phase2_roi_crops/retained/WhatsApp_Video_2026-08-11_at_6.55.18_AM/crop_000015.jpg
WhatsApp Video 2026-08-11 at 6.55.18 AM.mp4,22,Mild Steel,train,30,0.5,601,166,150,150,451,16,751,316,300,300,70.96,28.02,TRACKED,RETAINED,data/phase2_roi_crops/retained/WhatsApp_Video_2026-08-11_at_6.55.18_AM/crop_000030.jpg
WhatsApp Video 2026-08-11 at 6.55.18 AM.mp4,22,Mild Steel,train,45,0.75,596,163,150,150,446,13,746,313,300,300,67.21,16.05,TRACKED,RETAINED,data/phase2_roi_crops/retained/WhatsApp_Video_2026-08-11_at_6.55.18_AM/crop_000045.jpg
WhatsApp Video 2026-08-11 at 6.55.18 AM.mp4,22,Mild Steel,train,60,1.0,593,162,150,150,443,12,743,312,300,300,75.66,19.37,TRACKED,RETAINED,data/phase2_roi_crops/retained/WhatsApp_Video_2026-08-11_at_6.55.18_AM/crop_000060.jpg
WhatsApp Video 2026-08-11 at 6.55.18 AM.mp4,22,Mild Steel,train,75,1.25,594,164,150,150,444,14,744,314,300,300,84.21,26.42,TRACKED,RETAINED,data/phase2_roi_crops/retained/WhatsApp_Video_2026-08-11_at_6.55.18_AM/crop_000075.jpg
WhatsApp Video 2026-08-11 at 6.55.18 AM.mp4,22,Mild Steel,train,90,1.5,593,163,150,150,443,13,743,313,300,300,80.42,8.22,TRACKED,RETAINED,data/phase2_roi_crops/retained/WhatsApp_Video_2026-08-11_at_6.55.18_AM/crop_000090.jpg
WhatsApp Video 2026-08-11 at 6.55.18 AM.mp4,22,Mild Steel,train,105,1.75,588,162,150,150,438,12,738,312,300,300,74.36,4.98,TRACKED,RETAINED,data/phase2_roi_crops/retained/WhatsApp_Video_2026-08-11_at_6.55.18_AM/crop_000105.jpg
WhatsApp Video 2026-08-11 at 6.55.18 AM.mp4,22,Mild Steel,train,120,2.0,583,163,150,150,433,13,733,313,300,300,71.66,8.25,TRACKED,RETAINED,data/phase2_roi_crops/retained/WhatsApp_Video_2026-08-11_at_6.55.18_AM/crop_000120.jpg
WhatsApp Video 2026-08-11 at 6.55.18 AM.mp4,22,Mild Steel,train,135,2.25,582,162,150,150,432,12,732,312,300,300,80.05,5.49,TRACKED,RETAINED,data/phase2_roi_crops/retained/WhatsApp_Video_2026-08-11_at_6.55.18_AM/crop_000135.jpg
WhatsApp Video 2026-08-11 at 6.55.18 AM.mp4,22,Mild Steel,train,150,2.5,584,159,150,150,434,9,734,309,300,300,78.52,17.34,TRACKED,RETAINED,data/phase2_roi_crops/retained/WhatsApp_Video_2026-08-11_at_6.55.18_AM/crop_000150.jpg
WhatsApp Video 2026-08-11 at 6.55.18 AM.mp4,22,Mild Steel,train,165,2.75,577,156,150,150,427,6,727,306,300,300,78.61,11.85,TRACKED,RETAINED,data/phase2_roi_crops/retained/WhatsApp_Video_2026-08-11_at_6.55.18_AM/crop_000165.jpg
WhatsApp Video 2026-08-11 at 6.55.18 AM.mp4,22,Mild Steel,train,180,3.0,578,154,150,150,428,4,728,304,300,300,76.88,4.01,TRACKED,RETAINED,data/phase2_roi_crops/retained/WhatsApp_Video_2026-08-11_at_6.55.18_AM/crop_000180.jpg
WhatsApp Video 2026-08-11 at 6.55.18 AM.mp4,22,Mild Steel,train,195,3.25,570,158,150,150,420,8,720,308,300,300,75.08,4.3,TRACKED,RETAINED,data/phase2_roi_crops/retained/WhatsApp_Video_2026-08-11_at_6.55.18_AM/crop_000195.jpg
WhatsApp Video 2026-08-11 at 6.55.18 AM.mp4,22,Mild Steel,train,210,3.5,568,157,150,150,418,7,718,307,300,300,83.31,22.44,TRACKED,RETAINED,data/phase2_roi_crops/retained/WhatsApp_Video_2026-08-11_at_6.55.18_AM/crop_000210.jpg
WhatsApp Video 2026-08-11 at 6.55.18 AM.mp4,22,Mild Steel,train,225,3.75,569,152,150,150,419,2,719,302,300,300,89.24,21.94,TRACKED,RETAINED,data/phase2_roi_crops/retained/WhatsApp_Video_2026-08-11_at_6.55.18_AM/crop_000225.jpg
WhatsApp Video 2026-08-11 at 6.55.18 AM.mp4,22,Mild Steel,train,240,4.0,566,149,150,149,416,0,716,300,300,300,95.8,6.64,TRACKED,RETAINED,data/phase2_roi_crops/retained/WhatsApp_Video_2026-08-11_at_6.55.18_AM/crop_000240.jpg
WhatsApp Video 2026-08-11 at 6.55.18 AM.mp4,22,Mild Steel,train,255,4.25,565,149,150,149,415,0,715,300,300,300,82.14,13.81,TRACKED,RETAINED,data/phase2_roi_crops/retained/WhatsApp_Video_2026-08-11_at_6.55.18_AM/crop_000255.jpg
WhatsApp Video 2026-08-11 at 6.55.18 AM.mp4,22,Mild Steel,train,270,4.5,562,150,150,150,412,0,712,300,300,300,94.12,8.59,TRACKED,RETAINED,data/phase2_roi_crops/retained/WhatsApp_Video_2026-08-11_at_6.55.18_AM/crop_000270.jpg
WhatsApp Video 2026-08-11 at 6.55.18 AM.mp4,22,Mild Steel,train,285,4.75,561,146,150,146,411,0,711,300,300,300,98.38,8.95,TRACKED,RETAINED,data/phase2_roi_crops/retained/WhatsApp_Video_2026-08-11_at_6.55.18_AM/crop_000285.jpg
WhatsApp Video 2026-08-11 at 6.55.18 AM.mp4,22,Mild Steel,train,300,5.0,560,148,150,148,410,0,710,300,300,300,134.27,12.57,TRACKED,RETAINED,data/phase2_roi_crops/retained/WhatsApp_Video_2026-08-11_at_6.55.18_AM/crop_000300.jpg
WhatsApp Video 2026-08-11 at 6.55.18 AM.mp4,22,Mild Steel,train,315,5.25,556,146,150,146,406,0,706,300,300,300,93.08,16.1,TRACKED,RETAINED,data/phase2_roi_crops/retained/WhatsApp_Video_2026-08-11_at_6.55.18_AM/crop_000315.jpg
WhatsApp Video 2026-08-11 at 6.55.18 AM.mp4,22,Mild Steel,train,330,5.5,551,143,150,143,401,0,701,300,300,300,92.24,5.86,TRACKED,RETAINED,data/phase2_roi_crops/retained/WhatsApp_Video_2026-08-11_at_6.55.18_AM/crop_000330.jpg
WhatsApp Video 2026-08-11 at 6.55.18 AM.mp4,22,Mild Steel,train,345,5.75,549,141,150,141,399,0,699,300,300,300,96.26,13.76,TRACKED,RETAINED,data/phase2_roi_crops/retained/WhatsApp_Video_2026-08-11_at_6.55.18_AM/crop_000345.jpg
WhatsApp Video 2026-08-11 at 6.55.18 AM.mp4,22,Mild Steel,train,360,6.0,546,138,150,138,396,0,696,300,300,300,86.15,10.25,TRACKED,RETAINED,data/phase2_roi_crops/retained/WhatsApp_Video_2026-08-11_at_6.55.18_AM/crop_000360.jpg
WhatsApp Video 2026-08-11 at 6.55.18 AM.mp4,22,Mild Steel,train,375,6.25,539,138,150,138,389,0,689,300,300,300,81.01,5.24,TRACKED,RETAINED,data/phase2_roi_crops/retained/WhatsApp_Video_2026-08-11_at_6.55.18_AM/crop_000375.jpg
WhatsApp Video 2026-08-11 at 6.55.18 AM.mp4,22,Mild Steel,train,390,6.5,540,141,150,141,390,0,690,300,300,300,77.08,11.66,TRACKED,RETAINED,data/phase2_roi_crops/retained/WhatsApp_Video_2026-08-11_at_6.55.18_AM/crop_000390.jpg
WhatsApp Video 2026-08-11 at 6.55.18 AM.mp4,22,Mild Steel,train,405,6.75,539,142,150,142,389,0,689,300,300,300,78.69,4.94,TRACKED,RETAINED,data/phase2_roi_crops/retained/WhatsApp_Video_2026-08-11_at_6.55.18_AM/crop_000405.jpg
WhatsApp Video 2026-08-11 at 6.55.18 AM.mp4,22,Mild Steel,train,420,7.0,539,140,150,140,389,0,689,300,300,300,80.35,6.58,TRACKED,RETAINED,data/phase2_roi_crops/retained/WhatsApp_Video_2026-08-11_at_6.55.18_AM/crop_000420.jpg
WhatsApp Video 2026-08-11 at 6.55.18 AM.mp4,22,Mild Steel,train,435,7.25,536,139,150,139,386,0,686,300,300,300,84.42,11.53,TRACKED,RETAINED,data/phase2_roi_crops/retained/WhatsApp_Video_2026-08-11_at_6.55.18_AM/crop_000435.jpg
WhatsApp Video 2026-08-11 at 6.55.18 AM.mp4,22,Mild Steel,train,450,7.5,534,140,150,140,384,0,684,300,300,300,86.31,12.74,TRACKED,RETAINED,data/phase2_roi_crops/retained/WhatsApp_Video_2026-08-11_at_6.55.18_AM/crop_000450.jpg
WhatsApp Video 2026-08-11 at 6.55.18 AM.mp4,22,Mild Steel,train,465,7.75,531,143,150,143,381,0,681,300,300,300,84.52,16.48,TRACKED,RETAINED,data/phase2_roi_crops/retained/WhatsApp_Video_2026-08-11_at_6.55.18_AM/crop_000465.jpg
WhatsApp Video 2026-08-11 at 6.55.18 AM.mp4,22,Mild Steel,train,480,8.0,530,144,150,144,380,0,680,300,300,300,88.16,9.96,TRACKED,RETAINED,data/phase2_roi_crops/retained/WhatsApp_Video_2026-08-11_at_6.55.18_AM/crop_000480.jpg
WhatsApp Video 2026-08-11 at 6.55.18 AM.mp4,22,Mild Steel,train,495,8.25,527,144,150,144,377,0,677,300,300,300,93.87,10.54,TRACKED,RETAINED,data/phase2_roi_crops/retained/WhatsApp_Video_2026-08-11_at_6.55.18_AM/crop_000495.jpg
WhatsApp Video 2026-08-11 at 6.55.18 AM.mp4,22,Mild Steel,train,510,8.5,525,147,150,147,375,0,675,300,300,300,79.86,9.22,TRACKED,RETAINED,data/phase2_roi_crops/retained/WhatsApp_Video_2026-08-11_at_6.55.18_AM/crop_000510.jpg
WhatsApp Video 2026-08-11 at 6.55.18 AM.mp4,22,Mild Steel,train,525,8.75,527,147,150,147,377,0,677,300,300,300,84.01,11.81,TRACKED,RETAINED,data/phase2_roi_crops/retained/WhatsApp_Video_2026-08-11_at_6.55.18_AM/crop_000525.jpg
WhatsApp Video 2026-08-11 at 6.55.18 AM.mp4,22,Mild Steel,train,540,9.0,523,149,150,149,373,0,673,300,300,300,90.98,6.48,TRACKED,RETAINED,data/phase2_roi_crops/retained/WhatsApp_Video_2026-08-11_at_6.55.18_AM/crop_000540.jpg
WhatsApp Video 2026-08-11 at 6.55.18 AM.mp4,22,Mild Steel,train,555,9.25,521,146,150,146,371,0,671,300,300,300,84.52,8.91,TRACKED,RETAINED,data/phase2_roi_crops/retained/WhatsApp_Video_2026-08-11_at_6.55.18_AM/crop_000555.jpg
WhatsApp Video 2026-08-11 at 6.55.18 AM.mp4,22,Mild Steel,train,570,9.5,520,154,150,150,370,4,670,304,300,300,84.35,7.29,TRACKED,RETAINED,data/phase2_roi_crops/retained/WhatsApp_Video_2026-08-11_at_6.55.18_AM/crop_000570.jpg
WhatsApp Video 2026-08-11 at 6.55.18 AM.mp4,22,Mild Steel,train,585,9.75,517,152,150,150,367,2,667,302,300,300,72.98,7.15,TRACKED,RETAINED,data/phase2_roi_crops/retained/WhatsApp_Video_2026-08-11_at_6.55.18_AM/crop_000585.jpg
WhatsApp Video 2026-08-11 at 6.55.18 AM.mp4,22,Mild Steel,train,600,10.0,519,154,150,150,369,4,669,304,300,300,108.17,7.53,TRACKED,RETAINED,data/phase2_roi_crops/retained/WhatsApp_Video_2026-08-11_at_6.55.18_AM/crop_000600.jpg
WhatsApp Video 2026-08-11 at 6.55.18 AM.mp4,22,Mild Steel,train,615,10.25,513,156,150,150,363,6,663,306,300,300,75.25,5.28,TRACKED,RETAINED,data/phase2_roi_crops/retained/WhatsApp_Video_2026-08-11_at_6.55.18_AM/crop_000615.jpg
WhatsApp Video 2026-08-11 at 6.55.18 AM.mp4,22,Mild Steel,train,630,10.5,513,156,150,150,363,6,663,306,300,300,68.79,6.53,TRACKED,RETAINED,data/phase2_roi_crops/retained/WhatsApp_Video_2026-08-11_at_6.55.18_AM/crop_000630.jpg
WhatsApp Video 2026-08-11 at 6.55.18 AM.mp4,22,Mild Steel,train,645,10.75,511,156,150,150,361,6,661,306,300,300,72.9,4.14,TRACKED,RETAINED,data/phase2_roi_crops/retained/WhatsApp_Video_2026-08-11_at_6.55.18_AM/crop_000645.jpg
WhatsApp Video 2026-08-11 at 6.55.18 AM.mp4,22,Mild Steel,train,660,11.0,508,156,150,150,358,6,658,306,300,300,77.14,4.9,TRACKED,RETAINED,data/phase2_roi_crops/retained/WhatsApp_Video_2026-08-11_at_6.55.18_AM/crop_000660.jpg
WhatsApp Video 2026-08-11 at 6.55.18 AM.mp4,22,Mild Steel,train,675,11.25,508,158,150,150,358,8,658,308,300,300,71.65,3.22,TRACKED,RETAINED,data/phase2_roi_crops/retained/WhatsApp_Video_2026-08-11_at_6.55.18_AM/crop_000675.jpg
WhatsApp Video 2026-08-11 at 6.55.18 AM.mp4,22,Mild Steel,train,690,11.5,506,160,150,150,356,10,656,310,300,300,71.17,4.52,TRACKED,RETAINED,data/phase2_roi_crops/retained/WhatsApp_Video_2026-08-11_at_6.55.18_AM/crop_000690.jpg
WhatsApp Video 2026-08-11 at 6.55.18 AM.mp4,22,Mild Steel,train,705,11.75,504,158,150,150,354,8,654,308,300,300,71.04,3.42,TRACKED,RETAINED,data/phase2_roi_crops/retained/WhatsApp_Video_2026-08-11_at_6.55.18_AM/crop_000705.jpg
WhatsApp Video 2026-08-11 at 6.55.18 AM.mp4,22,Mild Steel,train,720,12.0,501,164,150,150,351,14,651,314,300,300,73.7,14.36,TRACKED,RETAINED,data/phase2_roi_crops/retained/WhatsApp_Video_2026-08-11_at_6.55.18_AM/crop_000720.jpg
WhatsApp Video 2026-08-11 at 6.55.18 AM.mp4,22,Mild Steel,train,735,12.25,500,164,150,150,350,14,650,314,300,300,70.8,6.52,TRACKED,RETAINED,data/phase2_roi_crops/retained/WhatsApp_Video_2026-08-11_at_6.55.18_AM/crop_000735.jpg
WhatsApp Video 2026-08-11 at 6.55.18 AM.mp4,22,Mild Steel,train,750,12.5,498,164,150,150,348,14,648,314,300,300,67.97,11.06,TRACKED,RETAINED,data/phase2_roi_crops/retained/WhatsApp_Video_2026-08-11_at_6.55.18_AM/crop_000750.jpg
WhatsApp Video 2026-08-11 at 6.55.18 AM.mp4,22,Mild Steel,train,765,12.75,498,168,150,150,348,18,648,318,300,300,70.89,3.93,TRACKED,RETAINED,data/phase2_roi_crops/retained/WhatsApp_Video_2026-08-11_at_6.55.18_AM/crop_000765.jpg
WhatsApp Video 2026-08-11 at 6.55.18 AM.mp4,22,Mild Steel,train,780,13.0,500,168,150,150,350,18,650,318,300,300,72.57,13.28,TRACKED,RETAINED,data/phase2_roi_crops/retained/WhatsApp_Video_2026-08-11_at_6.55.18_AM/crop_000780.jpg
WhatsApp Video 2026-08-11 at 6.55.18 AM.mp4,22,Mild Steel,train,795,13.25,494,169,150,150,344,19,644,319,300,300,71.67,16.97,TRACKED,RETAINED,data/phase2_roi_crops/retained/WhatsApp_Video_2026-08-11_at_6.55.18_AM/crop_000795.jpg
WhatsApp Video 2026-08-11 at 6.55.18 AM.mp4,22,Mild Steel,train,810,13.5,494,174,150,150,344,24,644,324,300,300,68.84,11.21,TRACKED,RETAINED,data/phase2_roi_crops/retained/WhatsApp_Video_2026-08-11_at_6.55.18_AM/crop_000810.jpg
WhatsApp Video 2026-08-11 at 6.55.18 AM.mp4,22,Mild Steel,train,825,13.75,497,174,150,150,347,24,647,324,300,300,65.71,13.37,TRACKED,RETAINED,data/phase2_roi_crops/retained/WhatsApp_Video_2026-08-11_at_6.55.18_AM/crop_000825.jpg
WhatsApp Video 2026-08-11 at 6.55.18 AM.mp4,22,Mild Steel,train,840,14.0,493,177,150,150,343,27,643,327,300,300,67.82,4.47,TRACKED,RETAINED,data/phase2_roi_crops/retained/WhatsApp_Video_2026-08-11_at_6.55.18_AM/crop_000840.jpg
WhatsApp Video 2026-08-11 at 6.55.18 AM.mp4,22,Mild Steel,train,855,14.25,490,176,150,150,340,26,640,326,300,300,71.47,12.68,TRACKED,RETAINED,data/phase2_roi_crops/retained/WhatsApp_Video_2026-08-11_at_6.55.18_AM/crop_000855.jpg
WhatsApp Video 2026-08-11 at 6.55.18 AM.mp4,22,Mild Steel,train,870,14.5,488,180,150,150,338,30,638,330,300,300,61.38,6.19,TRACKED,RETAINED,data/phase2_roi_crops/retained/WhatsApp_Video_2026-08-11_at_6.55.18_AM/crop_000870.jpg
WhatsApp Video 2026-08-11 at 6.55.18 AM.mp4,22,Mild Steel,train,885,14.75,489,177,150,150,339,27,639,327,300,300,65.39,17.19,TRACKED,RETAINED,data/phase2_roi_crops/retained/WhatsApp_Video_2026-08-11_at_6.55.18_AM/crop_000885.jpg
WhatsApp Video 2026-08-11 at 6.55.18 AM.mp4,22,Mild Steel,train,900,15.0,488,178,150,150,338,28,638,328,300,300,84.48,9.28,TRACKED,RETAINED,data/phase2_roi_crops/retained/WhatsApp_Video_2026-08-11_at_6.55.18_AM/crop_000900.jpg
WhatsApp Video 2026-08-11 at 6.55.18 AM.mp4,22,Mild Steel,train,915,15.25,486,182,150,150,336,32,636,332,300,300,62.09,17.31,TRACKED,RETAINED,data/phase2_roi_crops/retained/WhatsApp_Video_2026-08-11_at_6.55.18_AM/crop_000915.jpg
WhatsApp Video 2026-08-11 at 6.55.18 AM.mp4,22,Mild Steel,train,930,15.5,483,182,150,150,333,32,633,332,300,300,61.16,8.18,TRACKED,RETAINED,data/phase2_roi_crops/retained/WhatsApp_Video_2026-08-11_at_6.55.18_AM/crop_000930.jpg
WhatsApp Video 2026-08-11 at 6.55.18 AM.mp4,22,Mild Steel,train,945,15.75,481,179,150,150,331,29,631,329,300,300,53.52,8.29,TRACKED,RETAINED,data/phase2_roi_crops/retained/WhatsApp_Video_2026-08-11_at_6.55.18_AM/crop_000945.jpg
WhatsApp Video 2026-08-11 at 6.55.18 AM.mp4,22,Mild Steel,train,960,16.0,482,181,150,150,332,31,632,331,300,300,57.47,18.79,TRACKED,RETAINED,data/phase2_roi_crops/retained/WhatsApp_Video_2026-08-11_at_6.55.18_AM/crop_000960.jpg
WhatsApp Video 2026-08-11 at 6.55.18 AM.mp4,22,Mild Steel,train,975,16.25,476,188,150,150,326,38,626,338,300,300,54.24,12.97,TRACKED,RETAINED,data/phase2_roi_crops/retained/WhatsApp_Video_2026-08-11_at_6.55.18_AM/crop_000975.jpg
WhatsApp Video 2026-08-11 at 6.55.18 AM.mp4,22,Mild Steel,train,990,16.5,478,190,150,150,328,40,628,340,300,300,52.52,7.22,TRACKED,RETAINED,data/phase2_roi_crops/retained/WhatsApp_Video_2026-08-11_at_6.55.18_AM/crop_000990.jpg
WhatsApp Video 2026-08-11 at 6.55.18 AM.mp4,22,Mild Steel,train,1005,16.75,476,193,150,150,326,43,626,343,300,300,52.62,12.2,TRACKED,RETAINED,data/phase2_roi_crops/retained/WhatsApp_Video_2026-08-11_at_6.55.18_AM/crop_001005.jpg
WhatsApp Video 2026-08-11 at 6.55.18 AM.mp4,22,Mild Steel,train,1020,17.0,474,195,150,150,324,45,624,345,300,300,48.75,12.64,TRACKED,RETAINED,data/phase2_roi_crops/retained/WhatsApp_Video_2026-08-11_at_6.55.18_AM/crop_001020.jpg
WhatsApp Video 2026-08-11 at 6.55.18 AM.mp4,22,Mild Steel,train,1035,17.25,470,192,150,150,320,42,620,342,300,300,48.77,4.69,TRACKED,RETAINED,data/phase2_roi_crops/retained/WhatsApp_Video_2026-08-11_at_6.55.18_AM/crop_001035.jpg
WhatsApp Video 2026-08-11 at 6.55.18 AM.mp4,22,Mild Steel,train,1050,17.5,468,195,150,150,318,45,618,345,300,300,53.89,10.65,TRACKED,RETAINED,data/phase2_roi_crops/retained/WhatsApp_Video_2026-08-11_at_6.55.18_AM/crop_001050.jpg
WhatsApp Video 2026-08-11 at 6.55.18 AM.mp4,22,Mild Steel,train,1065,17.75,467,193,150,150,317,43,617,343,300,300,51.54,11.79,TRACKED,RETAINED,data/phase2_roi_crops/retained/WhatsApp_Video_2026-08-11_at_6.55.18_AM/crop_001065.jpg
WhatsApp Video 2026-08-11 at 6.55.18 AM.mp4,22,Mild Steel,train,1080,18.0,465,197,150,150,315,47,615,347,300,300,51.41,9.86,TRACKED,RETAINED,data/phase2_roi_crops/retained/WhatsApp_Video_2026-08-11_at_6.55.18_AM/crop_001080.jpg
WhatsApp Video 2026-08-11 at 6.55.18 AM.mp4,22,Mild Steel,train,1095,18.25,467,198,150,150,317,48,617,348,300,300,52.78,7.09,TRACKED,RETAINED,data/phase2_roi_crops/retained/WhatsApp_Video_2026-08-11_at_6.55.18_AM/crop_001095.jpg
WhatsApp Video 2026-08-11 at 6.55.18 AM.mp4,22,Mild Steel,train,1110,18.5,464,200,150,150,314,50,614,350,300,300,48.44,5.95,TRACKED,RETAINED,data/phase2_roi_crops/retained/WhatsApp_Video_2026-08-11_at_6.55.18_AM/crop_001110.jpg
WhatsApp Video 2026-08-11 at 6.55.18 AM.mp4,22,Mild Steel,train,1125,18.75,461,201,150,150,311,51,611,351,300,300,49.43,10.35,TRACKED,RETAINED,data/phase2_roi_crops/retained/WhatsApp_Video_2026-08-11_at_6.55.18_AM/crop_001125.jpg
WhatsApp Video 2026-08-11 at 6.55.18 AM.mp4,22,Mild Steel,train,1140,19.0,457,203,150,150,307,53,607,353,300,300,50.87,5.88,TRACKED,RETAINED,data/phase2_roi_crops/retained/WhatsApp_Video_2026-08-11_at_6.55.18_AM/crop_001140.jpg
WhatsApp Video 2026-08-11 at 6.55.18 AM.mp4,22,Mild Steel,train,1155,19.25,453,204,150,150,303,54,603,354,300,300,51.08,6.67,TRACKED,RETAINED,data/phase2_roi_crops/retained/WhatsApp_Video_2026-08-11_at_6.55.18_AM/crop_001155.jpg
WhatsApp Video 2026-08-11 at 6.55.18 AM.mp4,22,Mild Steel,train,1170,19.5,456,203,150,150,306,53,606,353,300,300,54.76,12.13,TRACKED,RETAINED,data/phase2_roi_crops/retained/WhatsApp_Video_2026-08-11_at_6.55.18_AM/crop_001170.jpg
WhatsApp Video 2026-08-11 at 6.55.18 AM.mp4,22,Mild Steel,train,1185,19.75,451,209,150,150,301,59,601,359,300,300,50.77,16.58,TRACKED,RETAINED,data/phase2_roi_crops/retained/WhatsApp_Video_2026-08-11_at_6.55.18_AM/crop_001185.jpg
WhatsApp Video 2026-08-11 at 6.55.18 AM.mp4,22,Mild Steel,train,1200,20.0,453,211,150,150,303,61,603,361,300,300,70.52,7.76,TRACKED,RETAINED,data/phase2_roi_crops/retained/WhatsApp_Video_2026-08-11_at_6.55.18_AM/crop_001200.jpg
WhatsApp Video 2026-08-11 at 6.55.18 AM.mp4,22,Mild Steel,train,1215,20.25,447,214,150,150,297,64,597,364,300,300,47.48,5.91,TRACKED,RETAINED,data/phase2_roi_crops/retained/WhatsApp_Video_2026-08-11_at_6.55.18_AM/crop_001215.jpg
WhatsApp Video 2026-08-11 at 6.55.18 AM.mp4,22,Mild Steel,train,1230,20.5,445,214,150,150,295,64,595,364,300,300,48.99,11.98,TRACKED,RETAINED,data/phase2_roi_crops/retained/WhatsApp_Video_2026-08-11_at_6.55.18_AM/crop_001230.jpg
WhatsApp Video 2026-08-11 at 6.55.18 AM.mp4,22,Mild Steel,train,1245,20.75,443,213,150,150,293,63,593,363,300,300,47.92,2.68,TRACKED,RETAINED,data/phase2_roi_crops/retained/WhatsApp_Video_2026-08-11_at_6.55.18_AM/crop_001245.jpg
WhatsApp Video 2026-08-11 at 6.55.18 AM.mp4,22,Mild Steel,train,1260,21.0,441,209,150,150,291,59,591,359,300,300,45.1,5.25,TRACKED,RETAINED,data/phase2_roi_crops/retained/WhatsApp_Video_2026-08-11_at_6.55.18_AM/crop_001260.jpg
WhatsApp Video 2026-08-11 at 6.55.18 AM.mp4,22,Mild Steel,train,1275,21.25,444,215,150,150,294,65,594,365,300,300,48.58,13.07,TRACKED,RETAINED,data/phase2_roi_crops/retained/WhatsApp_Video_2026-08-11_at_6.55.18_AM/crop_001275.jpg
WhatsApp Video 2026-08-11 at 6.55.18 AM.mp4,22,Mild Steel,train,1290,21.5,440,215,150,150,290,65,590,365,300,300,47.93,11.41,TRACKED,RETAINED,data/phase2_roi_crops/retained/WhatsApp_Video_2026-08-11_at_6.55.18_AM/crop_001290.jpg
WhatsApp Video 2026-08-11 at 6.55.18 AM.mp4,22,Mild Steel,train,1305,21.75,436,216,150,150,286,66,586,366,300,300,51.36,6.25,TRACKED,RETAINED,data/phase2_roi_crops/retained/WhatsApp_Video_2026-08-11_at_6.55.18_AM/crop_001305.jpg
WhatsApp Video 2026-08-11 at 6.55.18 AM.mp4,22,Mild Steel,train,1320,22.0,435,214,150,150,285,64,585,364,300,300,50.13,17.88,TRACKED,RETAINED,data/phase2_roi_crops/retained/WhatsApp_Video_2026-08-11_at_6.55.18_AM/crop_001320.jpg
WhatsApp Video 2026-08-11 at 6.55.18 AM.mp4,22,Mild Steel,train,1335,22.25,437,218,150,150,287,68,587,368,300,300,47.78,5.6,TRACKED,RETAINED,data/phase2_roi_crops/retained/WhatsApp_Video_2026-08-11_at_6.55.18_AM/crop_001335.jpg
WhatsApp Video 2026-08-11 at 6.55.18 AM.mp4,22,Mild Steel,train,1350,22.5,433,218,150,150,283,68,583,368,300,300,56.3,20.23,TRACKED,RETAINED,data/phase2_roi_crops/retained/WhatsApp_Video_2026-08-11_at_6.55.18_AM/crop_001350.jpg
WhatsApp Video 2026-08-11 at 6.55.18 AM.mp4,22,Mild Steel,train,1365,22.75,432,214,150,150,282,64,582,364,300,300,44.85,10.37,TRACKED,RETAINED,data/phase2_roi_crops/retained/WhatsApp_Video_2026-08-11_at_6.55.18_AM/crop_001365.jpg
WhatsApp Video 2026-08-11 at 6.55.18 AM.mp4,22,Mild Steel,train,1380,23.0,428,219,150,150,278,69,578,369,300,300,47.87,6.53,TRACKED,RETAINED,data/phase2_roi_crops/retained/WhatsApp_Video_2026-08-11_at_6.55.18_AM/crop_001380.jpg
WhatsApp Video 2026-08-11 at 6.55.18 AM.mp4,22,Mild Steel,train,1395,23.25,426,217,150,150,276,67,576,367,300,300,45.2,13.48,TRACKED,RETAINED,data/phase2_roi_crops/retained/WhatsApp_Video_2026-08-11_at_6.55.18_AM/crop_001395.jpg
WhatsApp Video 2026-08-11 at 6.55.18 AM.mp4,22,Mild Steel,train,1410,23.5,427,221,150,150,277,71,577,371,300,300,49.64,4.52,TRACKED,RETAINED,data/phase2_roi_crops/retained/WhatsApp_Video_2026-08-11_at_6.55.18_AM/crop_001410.jpg
WhatsApp Video 2026-08-11 at 6.55.18 AM.mp4,22,Mild Steel,train,1425,23.75,424,218,150,150,274,68,574,368,300,300,46.37,11.82,TRACKED,RETAINED,data/phase2_roi_crops/retained/WhatsApp_Video_2026-08-11_at_6.55.18_AM/crop_001425.jpg
WhatsApp Video 2026-08-11 at 6.55.18 AM.mp4,22,Mild Steel,train,1440,24.0,419,218,150,150,269,68,569,368,300,300,50.13,11.37,TRACKED,RETAINED,data/phase2_roi_crops/retained/WhatsApp_Video_2026-08-11_at_6.55.18_AM/crop_001440.jpg
WhatsApp Video 2026-08-11 at 6.55.18 AM.mp4,22,Mild Steel,train,1455,24.25,424,217,150,150,274,67,574,367,300,300,44.96,7.21,TRACKED,RETAINED,data/phase2_roi_crops/retained/WhatsApp_Video_2026-08-11_at_6.55.18_AM/crop_001455.jpg
WhatsApp Video 2026-08-11 at 6.55.18 AM.mp4,22,Mild Steel,train,1470,24.5,419,220,150,150,269,70,569,370,300,300,49.18,12.52,TRACKED,RETAINED,data/phase2_roi_crops/retained/WhatsApp_Video_2026-08-11_at_6.55.18_AM/crop_001470.jpg
WhatsApp Video 2026-08-11 at 6.55.18 AM.mp4,22,Mild Steel,train,1485,24.75,415,218,150,150,265,68,565,368,300,300,49.54,9.48,TRACKED,RETAINED,data/phase2_roi_crops/retained/WhatsApp_Video_2026-08-11_at_6.55.18_AM/crop_001485.jpg
WhatsApp Video 2026-08-11 at 6.55.18 AM.mp4,22,Mild Steel,train,1500,25.0,410,219,150,150,260,69,560,369,300,300,85.84,10.74,TRACKED,RETAINED,data/phase2_roi_crops/retained/WhatsApp_Video_2026-08-11_at_6.55.18_AM/crop_001500.jpg
WhatsApp Video 2026-08-11 at 6.55.18 AM.mp4,22,Mild Steel,train,1515,25.25,411,218,150,150,261,68,561,368,300,300,54.28,12.47,TRACKED,RETAINED,data/phase2_roi_crops/retained/WhatsApp_Video_2026-08-11_at_6.55.18_AM/crop_001515.jpg
WhatsApp Video 2026-08-11 at 6.55.18 AM.mp4,22,Mild Steel,train,1530,25.5,415,219,150,150,265,69,565,369,300,300,47.2,20.01,TRACKED,RETAINED,data/phase2_roi_crops/retained/WhatsApp_Video_2026-08-11_at_6.55.18_AM/crop_001530.jpg
WhatsApp Video 2026-08-11 at 6.55.18 AM.mp4,22,Mild Steel,train,1545,25.75,406,219,150,150,256,69,556,369,300,300,43.08,11.21,TRACKED,RETAINED,data/phase2_roi_crops/retained/WhatsApp_Video_2026-08-11_at_6.55.18_AM/crop_001545.jpg
WhatsApp Video 2026-08-11 at 6.55.18 AM.mp4,22,Mild Steel,train,1560,26.0,409,222,150,150,259,72,559,372,300,300,40.57,11.49,TRACKED,RETAINED,data/phase2_roi_crops/retained/WhatsApp_Video_2026-08-11_at_6.55.18_AM/crop_001560.jpg
WhatsApp Video 2026-08-11 at 6.55.18 AM.mp4,22,Mild Steel,train,1575,26.25,408,221,150,150,258,71,558,371,300,300,42.68,10.16,TRACKED,RETAINED,data/phase2_roi_crops/retained/WhatsApp_Video_2026-08-11_at_6.55.18_AM/crop_001575.jpg
WhatsApp Video 2026-08-11 at 6.55.18 AM.mp4,22,Mild Steel,train,1590,26.5,409,222,150,150,259,72,559,372,300,300,39.11,6.51,TRACKED,RETAINED,data/phase2_roi_crops/retained/WhatsApp_Video_2026-08-11_at_6.55.18_AM/crop_001590.jpg
WhatsApp Video 2026-08-11 at 6.55.18 AM.mp4,22,Mild Steel,train,1605,26.75,405,222,150,150,255,72,555,372,300,300,42.51,4.68,TRACKED,RETAINED,data/phase2_roi_crops/retained/WhatsApp_Video_2026-08-11_at_6.55.18_AM/crop_001605.jpg
WhatsApp Video 2026-08-11 at 6.55.18 AM.mp4,22,Mild Steel,train,1620,27.0,400,220,150,150,250,70,550,370,300,300,42.66,12.47,TRACKED,RETAINED,data/phase2_roi_crops/retained/WhatsApp_Video_2026-08-11_at_6.55.18_AM/crop_001620.jpg
WhatsApp Video 2026-08-11 at 6.55.18 AM.mp4,22,Mild Steel,train,1635,27.25,401,223,150,150,251,73,551,373,300,300,40.02,19.97,TRACKED,RETAINED,data/phase2_roi_crops/retained/WhatsApp_Video_2026-08-11_at_6.55.18_AM/crop_001635.jpg
WhatsApp Video 2026-08-11 at 6.55.17 AM (2).mp4,19,Mild Steel,train,0,0.0,505,191,150,150,355,41,655,341,300,300,92.75,0.0,TRACKED,RETAINED,data/phase2_roi_crops/retained/WhatsApp_Video_2026-08-11_at_6.55.17_AM_(2)/crop_000000.jpg
WhatsApp Video 2026-08-11 at 6.55.17 AM (2).mp4,19,Mild Steel,train,15,0.25,506,191,150,150,356,41,656,341,300,300,72.43,3.19,TRACKED,RETAINED,data/phase2_roi_crops/retained/WhatsApp_Video_2026-08-11_at_6.55.17_AM_(2)/crop_000015.jpg
WhatsApp Video 2026-08-11 at 6.55.17 AM (2).mp4,19,Mild Steel,train,30,0.5,505,192,150,150,355,42,655,342,300,300,75.95,5.89,TRACKED,RETAINED,data/phase2_roi_crops/retained/WhatsApp_Video_2026-08-11_at_6.55.17_AM_(2)/crop_000030.jpg
WhatsApp Video 2026-08-11 at 6.55.17 AM (2).mp4,19,Mild Steel,train,45,0.75,502,190,150,150,352,40,652,340,300,300,72.02,14.84,TRACKED,RETAINED,data/phase2_roi_crops/retained/WhatsApp_Video_2026-08-11_at_6.55.17_AM_(2)/crop_000045.jpg
WhatsApp Video 2026-08-11 at 6.55.17 AM (2).mp4,19,Mild Steel,train,60,1.0,501,190,150,150,351,40,651,340,300,300,78.29,17.67,TRACKED,RETAINED,data/phase2_roi_crops/retained/WhatsApp_Video_2026-08-11_at_6.55.17_AM_(2)/crop_000060.jpg
WhatsApp Video 2026-08-11 at 6.55.17 AM (2).mp4,19,Mild Steel,train,75,1.25,502,187,150,150,352,37,652,337,300,300,74.3,14.64,TRACKED,RETAINED,data/phase2_roi_crops/retained/WhatsApp_Video_2026-08-11_at_6.55.17_AM_(2)/crop_000075.jpg
WhatsApp Video 2026-08-11 at 6.55.17 AM (2).mp4,19,Mild Steel,train,90,1.5,502,188,150,150,352,38,652,338,300,300,74.25,7.38,TRACKED,RETAINED,data/phase2_roi_crops/retained/WhatsApp_Video_2026-08-11_at_6.55.17_AM_(2)/crop_000090.jpg
WhatsApp Video 2026-08-11 at 6.55.17 AM (2).mp4,19,Mild Steel,train,105,1.75,503,187,150,150,353,37,653,337,300,300,75.48,12.77,TRACKED,RETAINED,data/phase2_roi_crops/retained/WhatsApp_Video_2026-08-11_at_6.55.17_AM_(2)/crop_000105.jpg
WhatsApp Video 2026-08-11 at 6.55.17 AM (2).mp4,19,Mild Steel,train,120,2.0,501,185,150,150,351,35,651,335,300,300,63.98,24.66,TRACKED,RETAINED,data/phase2_roi_crops/retained/WhatsApp_Video_2026-08-11_at_6.55.17_AM_(2)/crop_000120.jpg
WhatsApp Video 2026-08-11 at 6.55.17 AM (2).mp4,19,Mild Steel,train,135,2.25,500,183,150,150,350,33,650,333,300,300,59.74,19.3,TRACKED,RETAINED,data/phase2_roi_crops/retained/WhatsApp_Video_2026-08-11_at_6.55.17_AM_(2)/crop_000135.jpg
WhatsApp Video 2026-08-11 at 6.55.17 AM (2).mp4,19,Mild Steel,train,150,2.5,499,184,150,150,349,34,649,334,300,300,65.61,9.18,TRACKED,RETAINED,data/phase2_roi_crops/retained/WhatsApp_Video_2026-08-11_at_6.55.17_AM_(2)/crop_000150.jpg
WhatsApp Video 2026-08-11 at 6.55.17 AM (2).mp4,19,Mild Steel,train,165,2.75,498,184,150,150,348,34,648,334,300,300,136.93,5.04,TRACKED,RETAINED,data/phase2_roi_crops/retained/WhatsApp_Video_2026-08-11_at_6.55.17_AM_(2)/crop_000165.jpg
WhatsApp Video 2026-08-11 at 6.55.17 AM (2).mp4,19,Mild Steel,train,180,3.0,494,182,150,150,344,32,644,332,300,300,118.89,10.69,TRACKED,RETAINED,data/phase2_roi_crops/retained/WhatsApp_Video_2026-08-11_at_6.55.17_AM_(2)/crop_000180.jpg
WhatsApp Video 2026-08-11 at 6.55.17 AM (2).mp4,19,Mild Steel,train,195,3.25,500,175,150,150,350,25,650,325,300,300,131.97,14.65,TRACKED,RETAINED,data/phase2_roi_crops/retained/WhatsApp_Video_2026-08-11_at_6.55.17_AM_(2)/crop_000195.jpg
WhatsApp Video 2026-08-11 at 6.55.17 AM (2).mp4,19,Mild Steel,train,210,3.5,493,179,150,150,343,29,643,329,300,300,149.49,23.58,TRACKED,RETAINED,data/phase2_roi_crops/retained/WhatsApp_Video_2026-08-11_at_6.55.17_AM_(2)/crop_000210.jpg
WhatsApp Video 2026-08-11 at 6.55.17 AM (2).mp4,19,Mild Steel,train,225,3.75,497,175,150,150,347,25,647,325,300,300,155.77,20.48,TRACKED,RETAINED,data/phase2_roi_crops/retained/WhatsApp_Video_2026-08-11_at_6.55.17_AM_(2)/crop_000225.jpg
WhatsApp Video 2026-08-11 at 6.55.17 AM (2).mp4,19,Mild Steel,train,240,4.0,496,174,150,150,346,24,646,324,300,300,161.7,21.44,TRACKED,RETAINED,data/phase2_roi_crops/retained/WhatsApp_Video_2026-08-11_at_6.55.17_AM_(2)/crop_000240.jpg
WhatsApp Video 2026-08-11 at 6.55.17 AM (2).mp4,19,Mild Steel,train,255,4.25,490,179,150,150,340,29,640,329,300,300,175.34,20.0,TRACKED,RETAINED,data/phase2_roi_crops/retained/WhatsApp_Video_2026-08-11_at_6.55.17_AM_(2)/crop_000255.jpg
WhatsApp Video 2026-08-11 at 6.55.17 AM (2).mp4,19,Mild Steel,train,270,4.5,495,177,150,150,345,27,645,327,300,300,169.99,18.83,TRACKED,RETAINED,data/phase2_roi_crops/retained/WhatsApp_Video_2026-08-11_at_6.55.17_AM_(2)/crop_000270.jpg
WhatsApp Video 2026-08-11 at 6.55.17 AM (2).mp4,19,Mild Steel,train,285,4.75,494,176,150,150,344,26,644,326,300,300,165.92,15.3,TRACKED,RETAINED,data/phase2_roi_crops/retained/WhatsApp_Video_2026-08-11_at_6.55.17_AM_(2)/crop_000285.jpg
WhatsApp Video 2026-08-11 at 6.55.17 AM (2).mp4,19,Mild Steel,train,300,5.0,492,174,150,150,342,24,642,324,300,300,185.51,26.4,TRACKED,RETAINED,data/phase2_roi_crops/retained/WhatsApp_Video_2026-08-11_at_6.55.17_AM_(2)/crop_000300.jpg
WhatsApp Video 2026-08-11 at 6.55.17 AM (2).mp4,19,Mild Steel,train,315,5.25,491,172,150,150,341,22,641,322,300,300,137.9,22.52,TRACKED,RETAINED,data/phase2_roi_crops/retained/WhatsApp_Video_2026-08-11_at_6.55.17_AM_(2)/crop_000315.jpg
WhatsApp Video 2026-08-11 at 6.55.17 AM (2).mp4,19,Mild Steel,train,330,5.5,491,173,150,150,341,23,641,323,300,300,141.31,25.85,TRACKED,RETAINED,data/phase2_roi_crops/retained/WhatsApp_Video_2026-08-11_at_6.55.17_AM_(2)/crop_000330.jpg
WhatsApp Video 2026-08-11 at 6.55.17 AM (2).mp4,19,Mild Steel,train,345,5.75,491,171,150,150,341,21,641,321,300,300,133.72,29.59,TRACKED,RETAINED,data/phase2_roi_crops/retained/WhatsApp_Video_2026-08-11_at_6.55.17_AM_(2)/crop_000345.jpg
WhatsApp Video 2026-08-11 at 6.55.17 AM (2).mp4,19,Mild Steel,train,360,6.0,490,171,150,150,340,21,640,321,300,300,147.96,19.97,TRACKED,RETAINED,data/phase2_roi_crops/retained/WhatsApp_Video_2026-08-11_at_6.55.17_AM_(2)/crop_000360.jpg
WhatsApp Video 2026-08-11 at 6.55.17 AM (2).mp4,19,Mild Steel,train,375,6.25,489,172,150,150,339,22,639,322,300,300,133.48,18.35,TRACKED,RETAINED,data/phase2_roi_crops/retained/WhatsApp_Video_2026-08-11_at_6.55.17_AM_(2)/crop_000375.jpg
WhatsApp Video 2026-08-11 at 6.55.17 AM (2).mp4,19,Mild Steel,train,390,6.5,486,172,150,150,336,22,636,322,300,300,138.64,10.5,TRACKED,RETAINED,data/phase2_roi_crops/retained/WhatsApp_Video_2026-08-11_at_6.55.17_AM_(2)/crop_000390.jpg
WhatsApp Video 2026-08-11 at 6.55.17 AM (2).mp4,19,Mild Steel,train,405,6.75,491,169,150,150,341,19,641,319,300,300,141.87,7.35,TRACKED,RETAINED,data/phase2_roi_crops/retained/WhatsApp_Video_2026-08-11_at_6.55.17_AM_(2)/crop_000405.jpg
WhatsApp Video 2026-08-11 at 6.55.17 AM (2).mp4,19,Mild Steel,train,420,7.0,486,168,150,150,336,18,636,318,300,300,134.02,9.55,TRACKED,RETAINED,data/phase2_roi_crops/retained/WhatsApp_Video_2026-08-11_at_6.55.17_AM_(2)/crop_000420.jpg
WhatsApp Video 2026-08-11 at 6.55.17 AM (2).mp4,19,Mild Steel,train,435,7.25,492,166,150,150,342,16,642,316,300,300,134.4,6.81,TRACKED,RETAINED,data/phase2_roi_crops/retained/WhatsApp_Video_2026-08-11_at_6.55.17_AM_(2)/crop_000435.jpg
WhatsApp Video 2026-08-11 at 6.55.17 AM (2).mp4,19,Mild Steel,train,450,7.5,486,167,150,150,336,17,636,317,300,300,132.1,18.27,TRACKED,RETAINED,data/phase2_roi_crops/retained/WhatsApp_Video_2026-08-11_at_6.55.17_AM_(2)/crop_000450.jpg
WhatsApp Video 2026-08-11 at 6.55.17 AM (2).mp4,19,Mild Steel,train,465,7.75,486,167,150,150,336,17,636,317,300,300,136.71,19.98,TRACKED,RETAINED,data/phase2_roi_crops/retained/WhatsApp_Video_2026-08-11_at_6.55.17_AM_(2)/crop_000465.jpg
WhatsApp Video 2026-08-11 at 6.55.17 AM (2).mp4,19,Mild Steel,train,480,8.0,484,165,150,150,334,15,634,315,300,300,135.04,9.85,TRACKED,RETAINED,data/phase2_roi_crops/retained/WhatsApp_Video_2026-08-11_at_6.55.17_AM_(2)/crop_000480.jpg
WhatsApp Video 2026-08-11 at 6.55.17 AM (2).mp4,19,Mild Steel,train,495,8.25,484,164,150,150,334,14,634,314,300,300,120.24,17.51,TRACKED,RETAINED,data/phase2_roi_crops/retained/WhatsApp_Video_2026-08-11_at_6.55.17_AM_(2)/crop_000495.jpg
WhatsApp Video 2026-08-11 at 6.55.17 AM (2).mp4,19,Mild Steel,train,510,8.5,484,163,150,150,334,13,634,313,300,300,127.68,5.65,TRACKED,RETAINED,data/phase2_roi_crops/retained/WhatsApp_Video_2026-08-11_at_6.55.17_AM_(2)/crop_000510.jpg
WhatsApp Video 2026-08-11 at 6.55.17 AM (2).mp4,19,Mild Steel,train,525,8.75,480,159,150,150,330,9,630,309,300,300,132.63,5.85,TRACKED,RETAINED,data/phase2_roi_crops/retained/WhatsApp_Video_2026-08-11_at_6.55.17_AM_(2)/crop_000525.jpg
WhatsApp Video 2026-08-11 at 6.55.17 AM (2).mp4,19,Mild Steel,train,540,9.0,482,155,150,150,332,5,632,305,300,300,125.58,5.0,TRACKED,RETAINED,data/phase2_roi_crops/retained/WhatsApp_Video_2026-08-11_at_6.55.17_AM_(2)/crop_000540.jpg
WhatsApp Video 2026-08-11 at 6.55.17 AM (2).mp4,19,Mild Steel,train,555,9.25,486,157,150,150,336,7,636,307,300,300,132.8,9.06,TRACKED,RETAINED,data/phase2_roi_crops/retained/WhatsApp_Video_2026-08-11_at_6.55.17_AM_(2)/crop_000555.jpg
WhatsApp Video 2026-08-11 at 6.55.17 AM (2).mp4,19,Mild Steel,train,570,9.5,482,159,150,150,332,9,632,309,300,300,137.21,18.93,TRACKED,RETAINED,data/phase2_roi_crops/retained/WhatsApp_Video_2026-08-11_at_6.55.17_AM_(2)/crop_000570.jpg
WhatsApp Video 2026-08-11 at 6.55.17 AM (2).mp4,19,Mild Steel,train,585,9.75,481,158,150,150,331,8,631,308,300,300,119.64,20.13,TRACKED,RETAINED,data/phase2_roi_crops/retained/WhatsApp_Video_2026-08-11_at_6.55.17_AM_(2)/crop_000585.jpg
WhatsApp Video 2026-08-11 at 6.55.17 AM (2).mp4,19,Mild Steel,train,600,10.0,481,160,150,150,331,10,631,310,300,300,183.51,5.53,TRACKED,RETAINED,data/phase2_roi_crops/retained/WhatsApp_Video_2026-08-11_at_6.55.17_AM_(2)/crop_000600.jpg
WhatsApp Video 2026-08-11 at 6.55.17 AM (2).mp4,19,Mild Steel,train,615,10.25,483,160,150,150,333,10,633,310,300,300,139.13,4.27,TRACKED,RETAINED,data/phase2_roi_crops/retained/WhatsApp_Video_2026-08-11_at_6.55.17_AM_(2)/crop_000615.jpg
WhatsApp Video 2026-08-11 at 6.55.17 AM (2).mp4,19,Mild Steel,train,630,10.5,484,160,150,150,334,10,634,310,300,300,134.14,7.05,TRACKED,RETAINED,data/phase2_roi_crops/retained/WhatsApp_Video_2026-08-11_at_6.55.17_AM_(2)/crop_000630.jpg
WhatsApp Video 2026-08-11 at 6.55.17 AM (2).mp4,19,Mild Steel,train,645,10.75,481,163,150,150,331,13,631,313,300,300,129.3,3.37,TRACKED,RETAINED,data/phase2_roi_crops/retained/WhatsApp_Video_2026-08-11_at_6.55.17_AM_(2)/crop_000645.jpg
WhatsApp Video 2026-08-11 at 6.55.17 AM (2).mp4,19,Mild Steel,train,660,11.0,480,161,150,150,330,11,630,311,300,300,137.54,5.07,TRACKED,RETAINED,data/phase2_roi_crops/retained/WhatsApp_Video_2026-08-11_at_6.55.17_AM_(2)/crop_000660.jpg
WhatsApp Video 2026-08-11 at 6.55.17 AM (2).mp4,19,Mild Steel,train,675,11.25,480,159,150,150,330,9,630,309,300,300,134.41,7.15,TRACKED,RETAINED,data/phase2_roi_crops/retained/WhatsApp_Video_2026-08-11_at_6.55.17_AM_(2)/crop_000675.jpg
WhatsApp Video 2026-08-11 at 6.55.17 AM (2).mp4,19,Mild Steel,train,690,11.5,480,161,150,150,330,11,630,311,300,300,119.23,4.4,TRACKED,RETAINED,data/phase2_roi_crops/retained/WhatsApp_Video_2026-08-11_at_6.55.17_AM_(2)/crop_000690.jpg
WhatsApp Video 2026-08-11 at 6.55.17 AM (2).mp4,19,Mild Steel,train,705,11.75,476,163,150,150,326,13,626,313,300,300,120.82,16.78,TRACKED,RETAINED,data/phase2_roi_crops/retained/WhatsApp_Video_2026-08-11_at_6.55.17_AM_(2)/crop_000705.jpg
WhatsApp Video 2026-08-11 at 6.55.17 AM (2).mp4,19,Mild Steel,train,720,12.0,477,163,150,150,327,13,627,313,300,300,133.97,6.67,TRACKED,RETAINED,data/phase2_roi_crops/retained/WhatsApp_Video_2026-08-11_at_6.55.17_AM_(2)/crop_000720.jpg
WhatsApp Video 2026-08-11 at 6.55.17 AM (2).mp4,19,Mild Steel,train,735,12.25,477,163,150,150,327,13,627,313,300,300,128.68,5.1,TRACKED,RETAINED,data/phase2_roi_crops/retained/WhatsApp_Video_2026-08-11_at_6.55.17_AM_(2)/crop_000735.jpg
WhatsApp Video 2026-08-11 at 6.55.17 AM (2).mp4,19,Mild Steel,train,750,12.5,477,163,150,150,327,13,627,313,300,300,131.98,6.04,TRACKED,RETAINED,data/phase2_roi_crops/retained/WhatsApp_Video_2026-08-11_at_6.55.17_AM_(2)/crop_000750.jpg
WhatsApp Video 2026-08-11 at 6.55.17 AM (2).mp4,19,Mild Steel,train,765,12.75,474,166,150,150,324,16,624,316,300,300,111.4,3.01,TRACKED,RETAINED,data/phase2_roi_crops/retained/WhatsApp_Video_2026-08-11_at_6.55.17_AM_(2)/crop_000765.jpg
WhatsApp Video 2026-08-11 at 6.55.17 AM (2).mp4,19,Mild Steel,train,780,13.0,473,162,150,150,323,12,623,312,300,300,98.11,23.1,TRACKED,RETAINED,data/phase2_roi_crops/retained/WhatsApp_Video_2026-08-11_at_6.55.17_AM_(2)/crop_000780.jpg
WhatsApp Video 2026-08-11 at 6.55.17 AM (2).mp4,19,Mild Steel,train,795,13.25,475,161,150,150,325,11,625,311,300,300,113.8,7.81,TRACKED,RETAINED,data/phase2_roi_crops/retained/WhatsApp_Video_2026-08-11_at_6.55.17_AM_(2)/crop_000795.jpg
WhatsApp Video 2026-08-11 at 6.55.17 AM (2).mp4,19,Mild Steel,train,810,13.5,472,166,150,150,322,16,622,316,300,300,255.36,18.66,TRACKED,RETAINED,data/phase2_roi_crops/retained/WhatsApp_Video_2026-08-11_at_6.55.17_AM_(2)/crop_000810.jpg
WhatsApp Video 2026-08-11 at 6.55.17 AM (2).mp4,19,Mild Steel,train,825,13.75,473,163,150,150,323,13,623,313,300,300,261.21,19.59,TRACKED,RETAINED,data/phase2_roi_crops/retained/WhatsApp_Video_2026-08-11_at_6.55.17_AM_(2)/crop_000825.jpg
WhatsApp Video 2026-08-11 at 6.55.17 AM (2).mp4,19,Mild Steel,train,840,14.0,475,165,150,150,325,15,625,315,300,300,236.38,7.01,TRACKED,RETAINED,data/phase2_roi_crops/retained/WhatsApp_Video_2026-08-11_at_6.55.17_AM_(2)/crop_000840.jpg
WhatsApp Video 2026-08-11 at 6.55.17 AM (2).mp4,19,Mild Steel,train,855,14.25,471,165,150,150,321,15,621,315,300,300,257.85,9.6,TRACKED,RETAINED,data/phase2_roi_crops/retained/WhatsApp_Video_2026-08-11_at_6.55.17_AM_(2)/crop_000855.jpg
WhatsApp Video 2026-08-11 at 6.55.17 AM (2).mp4,19,Mild Steel,train,870,14.5,471,164,150,150,321,14,621,314,300,300,272.14,5.47,TRACKED,RETAINED,data/phase2_roi_crops/retained/WhatsApp_Video_2026-08-11_at_6.55.17_AM_(2)/crop_000870.jpg
WhatsApp Video 2026-08-11 at 6.55.17 AM (2).mp4,19,Mild Steel,train,885,14.75,466,161,150,150,316,11,616,311,300,300,243.31,12.79,TRACKED,RETAINED,data/phase2_roi_crops/retained/WhatsApp_Video_2026-08-11_at_6.55.17_AM_(2)/crop_000885.jpg
WhatsApp Video 2026-08-11 at 6.55.17 AM (2).mp4,19,Mild Steel,train,900,15.0,469,165,150,150,319,15,619,315,300,300,345.0,27.07,TRACKED,RETAINED,data/phase2_roi_crops/retained/WhatsApp_Video_2026-08-11_at_6.55.17_AM_(2)/crop_000900.jpg
WhatsApp Video 2026-08-11 at 6.55.17 AM (2).mp4,19,Mild Steel,train,915,15.25,467,169,150,150,317,19,617,319,300,300,255.66,8.04,TRACKED,RETAINED,data/phase2_roi_crops/retained/WhatsApp_Video_2026-08-11_at_6.55.17_AM_(2)/crop_000915.jpg
WhatsApp Video 2026-08-11 at 6.55.17 AM (2).mp4,19,Mild Steel,train,930,15.5,469,166,150,150,319,16,619,316,300,300,235.36,21.65,TRACKED,RETAINED,data/phase2_roi_crops/retained/WhatsApp_Video_2026-08-11_at_6.55.17_AM_(2)/crop_000930.jpg
WhatsApp Video 2026-08-11 at 6.55.17 AM (2).mp4,19,Mild Steel,train,945,15.75,468,167,150,150,318,17,618,317,300,300,228.12,2.87,TRACKED,RETAINED,data/phase2_roi_crops/retained/WhatsApp_Video_2026-08-11_at_6.55.17_AM_(2)/crop_000945.jpg
WhatsApp Video 2026-08-11 at 6.55.17 AM (2).mp4,19,Mild Steel,train,960,16.0,466,167,150,150,316,17,616,317,300,300,240.46,6.74,TRACKED,RETAINED,data/phase2_roi_crops/retained/WhatsApp_Video_2026-08-11_at_6.55.17_AM_(2)/crop_000960.jpg
WhatsApp Video 2026-08-11 at 6.55.17 AM (2).mp4,19,Mild Steel,train,975,16.25,466,165,150,150,316,15,616,315,300,300,228.4,13.88,TRACKED,RETAINED,data/phase2_roi_crops/retained/WhatsApp_Video_2026-08-11_at_6.55.17_AM_(2)/crop_000975.jpg
WhatsApp Video 2026-08-11 at 6.55.17 AM (2).mp4,19,Mild Steel,train,990,16.5,460,165,150,150,310,15,610,315,300,300,223.38,6.32,TRACKED,RETAINED,data/phase2_roi_crops/retained/WhatsApp_Video_2026-08-11_at_6.55.17_AM_(2)/crop_000990.jpg
WhatsApp Video 2026-08-11 at 6.55.17 AM (2).mp4,19,Mild Steel,train,1005,16.75,466,168,150,150,316,18,616,318,300,300,239.66,16.98,TRACKED,RETAINED,data/phase2_roi_crops/retained/WhatsApp_Video_2026-08-11_at_6.55.17_AM_(2)/crop_001005.jpg
WhatsApp Video 2026-08-11 at 6.55.17 AM (2).mp4,19,Mild Steel,train,1020,17.0,462,167,150,150,312,17,612,317,300,300,206.69,7.61,TRACKED,RETAINED,data/phase2_roi_crops/retained/WhatsApp_Video_2026-08-11_at_6.55.17_AM_(2)/crop_001020.jpg
WhatsApp Video 2026-08-11 at 6.55.17 AM (2).mp4,19,Mild Steel,train,1035,17.25,464,169,150,150,314,19,614,319,300,300,210.39,15.74,TRACKED,RETAINED,data/phase2_roi_crops/retained/WhatsApp_Video_2026-08-11_at_6.55.17_AM_(2)/crop_001035.jpg
WhatsApp Video 2026-08-11 at 6.55.17 AM (2).mp4,19,Mild Steel,train,1050,17.5,466,171,150,150,316,21,616,321,300,300,238.98,4.58,TRACKED,RETAINED,data/phase2_roi_crops/retained/WhatsApp_Video_2026-08-11_at_6.55.17_AM_(2)/crop_001050.jpg
WhatsApp Video 2026-08-11 at 6.55.17 AM (2).mp4,19,Mild Steel,train,1065,17.75,462,169,150,150,312,19,612,319,300,300,210.63,17.61,TRACKED,RETAINED,data/phase2_roi_crops/retained/WhatsApp_Video_2026-08-11_at_6.55.17_AM_(2)/crop_001065.jpg
WhatsApp Video 2026-08-11 at 6.55.17 AM (2).mp4,19,Mild Steel,train,1080,18.0,465,169,150,150,315,19,615,319,300,300,218.26,5.04,TRACKED,RETAINED,data/phase2_roi_crops/retained/WhatsApp_Video_2026-08-11_at_6.55.17_AM_(2)/crop_001080.jpg
WhatsApp Video 2026-08-11 at 6.55.17 AM (2).mp4,19,Mild Steel,train,1095,18.25,463,168,150,150,313,18,613,318,300,300,235.15,13.86,TRACKED,RETAINED,data/phase2_roi_crops/retained/WhatsApp_Video_2026-08-11_at_6.55.17_AM_(2)/crop_001095.jpg
WhatsApp Video 2026-08-11 at 6.55.17 AM (2).mp4,19,Mild Steel,train,1110,18.5,462,168,150,150,312,18,612,318,300,300,219.63,22.26,TRACKED,RETAINED,data/phase2_roi_crops/retained/WhatsApp_Video_2026-08-11_at_6.55.17_AM_(2)/crop_001110.jpg
WhatsApp Video 2026-08-11 at 6.55.17 AM (2).mp4,19,Mild Steel,train,1125,18.75,461,168,150,150,311,18,611,318,300,300,231.17,11.79,TRACKED,RETAINED,data/phase2_roi_crops/retained/WhatsApp_Video_2026-08-11_at_6.55.17_AM_(2)/crop_001125.jpg
WhatsApp Video 2026-08-11 at 6.55.17 AM (2).mp4,19,Mild Steel,train,1140,19.0,460,165,150,150,310,15,610,315,300,300,231.38,14.05,TRACKED,RETAINED,data/phase2_roi_crops/retained/WhatsApp_Video_2026-08-11_at_6.55.17_AM_(2)/crop_001140.jpg
WhatsApp Video 2026-08-11 at 6.55.17 AM (2).mp4,19,Mild Steel,train,1155,19.25,458,169,150,150,308,19,608,319,300,300,219.16,19.45,TRACKED,RETAINED,data/phase2_roi_crops/retained/WhatsApp_Video_2026-08-11_at_6.55.17_AM_(2)/crop_001155.jpg
WhatsApp Video 2026-08-11 at 6.55.17 AM (2).mp4,19,Mild Steel,train,1170,19.5,456,172,150,150,306,22,606,322,300,300,220.51,2.88,TRACKED,RETAINED,data/phase2_roi_crops/retained/WhatsApp_Video_2026-08-11_at_6.55.17_AM_(2)/crop_001170.jpg
WhatsApp Video 2026-08-11 at 6.55.17 AM (2).mp4,19,Mild Steel,train,1185,19.75,458,168,150,150,308,18,608,318,300,300,229.06,11.49,TRACKED,RETAINED,data/phase2_roi_crops/retained/WhatsApp_Video_2026-08-11_at_6.55.17_AM_(2)/crop_001185.jpg
WhatsApp Video 2026-08-11 at 6.55.17 AM (2).mp4,19,Mild Steel,train,1200,20.0,458,166,150,150,308,16,608,316,300,300,322.52,10.89,TRACKED,RETAINED,data/phase2_roi_crops/retained/WhatsApp_Video_2026-08-11_at_6.55.17_AM_(2)/crop_001200.jpg
WhatsApp Video 2026-08-11 at 6.55.17 AM (2).mp4,19,Mild Steel,train,1215,20.25,458,167,150,150,308,17,608,317,300,300,257.53,21.92,TRACKED,RETAINED,data/phase2_roi_crops/retained/WhatsApp_Video_2026-08-11_at_6.55.17_AM_(2)/crop_001215.jpg
WhatsApp Video 2026-08-11 at 6.55.17 AM (2).mp4,19,Mild Steel,train,1230,20.5,461,166,150,150,311,16,611,316,300,300,230.33,4.48,TRACKED,RETAINED,data/phase2_roi_crops/retained/WhatsApp_Video_2026-08-11_at_6.55.17_AM_(2)/crop_001230.jpg
WhatsApp Video 2026-08-11 at 6.55.17 AM (2).mp4,19,Mild Steel,train,1245,20.75,458,165,150,150,308,15,608,315,300,300,245.02,11.13,TRACKED,RETAINED,data/phase2_roi_crops/retained/WhatsApp_Video_2026-08-11_at_6.55.17_AM_(2)/crop_001245.jpg
WhatsApp Video 2026-08-11 at 6.55.17 AM (2).mp4,19,Mild Steel,train,1260,21.0,454,164,150,150,304,14,604,314,300,300,221.27,3.14,TRACKED,RETAINED,data/phase2_roi_crops/retained/WhatsApp_Video_2026-08-11_at_6.55.17_AM_(2)/crop_001260.jpg
WhatsApp Video 2026-08-11 at 6.55.17 AM (2).mp4,19,Mild Steel,train,1275,21.25,452,168,150,150,302,18,602,318,300,300,227.82,6.21,TRACKED,RETAINED,data/phase2_roi_crops/retained/WhatsApp_Video_2026-08-11_at_6.55.17_AM_(2)/crop_001275.jpg
WhatsApp Video 2026-08-11 at 6.55.17 AM (2).mp4,19,Mild Steel,train,1290,21.5,454,166,150,150,304,16,604,316,300,300,203.49,15.45,TRACKED,RETAINED,data/phase2_roi_crops/retained/WhatsApp_Video_2026-08-11_at_6.55.17_AM_(2)/crop_001290.jpg
WhatsApp Video 2026-08-11 at 6.55.17 AM (2).mp4,19,Mild Steel,train,1305,21.75,454,164,150,150,304,14,604,314,300,300,210.89,17.18,TRACKED,RETAINED,data/phase2_roi_crops/retained/WhatsApp_Video_2026-08-11_at_6.55.17_AM_(2)/crop_001305.jpg
WhatsApp Video 2026-08-11 at 6.55.17 AM (2).mp4,19,Mild Steel,train,1320,22.0,454,163,150,150,304,13,604,313,300,300,197.61,5.21,TRACKED,RETAINED,data/phase2_roi_crops/retained/WhatsApp_Video_2026-08-11_at_6.55.17_AM_(2)/crop_001320.jpg
WhatsApp Video 2026-08-11 at 6.55.17 AM (2).mp4,19,Mild Steel,train,1335,22.25,455,163,150,150,305,13,605,313,300,300,210.68,4.55,TRACKED,RETAINED,data/phase2_roi_crops/retained/WhatsApp_Video_2026-08-11_at_6.55.17_AM_(2)/crop_001335.jpg
WhatsApp Video 2026-08-11 at 6.55.17 AM (2).mp4,19,Mild Steel,train,1350,22.5,453,159,150,150,303,9,603,309,300,300,203.49,7.07,TRACKED,RETAINED,data/phase2_roi_crops/retained/WhatsApp_Video_2026-08-11_at_6.55.17_AM_(2)/crop_001350.jpg
WhatsApp Video 2026-08-11 at 6.55.17 AM (2).mp4,19,Mild Steel,train,1365,22.75,455,159,150,150,305,9,605,309,300,300,212.89,20.6,TRACKED,RETAINED,data/phase2_roi_crops/retained/WhatsApp_Video_2026-08-11_at_6.55.17_AM_(2)/crop_001365.jpg
WhatsApp Video 2026-08-11 at 6.55.17 AM (2).mp4,19,Mild Steel,train,1380,23.0,455,156,150,150,305,6,605,306,300,300,189.78,6.43,TRACKED,RETAINED,data/phase2_roi_crops/retained/WhatsApp_Video_2026-08-11_at_6.55.17_AM_(2)/crop_001380.jpg
WhatsApp Video 2026-08-11 at 6.55.17 AM (2).mp4,19,Mild Steel,train,1395,23.25,455,158,150,150,305,8,605,308,300,300,198.97,6.42,TRACKED,RETAINED,data/phase2_roi_crops/retained/WhatsApp_Video_2026-08-11_at_6.55.17_AM_(2)/crop_001395.jpg
WhatsApp Video 2026-08-11 at 6.55.17 AM (2).mp4,19,Mild Steel,train,1410,23.5,454,160,150,150,304,10,604,310,300,300,195.54,7.64,TRACKED,RETAINED,data/phase2_roi_crops/retained/WhatsApp_Video_2026-08-11_at_6.55.17_AM_(2)/crop_001410.jpg
WhatsApp Video 2026-08-11 at 6.55.17 AM (2).mp4,19,Mild Steel,train,1425,23.75,455,160,150,150,305,10,605,310,300,300,205.93,5.95,TRACKED,RETAINED,data/phase2_roi_crops/retained/WhatsApp_Video_2026-08-11_at_6.55.17_AM_(2)/crop_001425.jpg
WhatsApp Video 2026-08-11 at 6.55.17 AM (2).mp4,19,Mild Steel,train,1440,24.0,451,158,150,150,301,8,601,308,300,300,211.6,21.46,TRACKED,RETAINED,data/phase2_roi_crops/retained/WhatsApp_Video_2026-08-11_at_6.55.17_AM_(2)/crop_001440.jpg
WhatsApp Video 2026-08-11 at 6.55.17 AM (2).mp4,19,Mild Steel,train,1455,24.25,452,159,150,150,302,9,602,309,300,300,201.92,4.1,TRACKED,RETAINED,data/phase2_roi_crops/retained/WhatsApp_Video_2026-08-11_at_6.55.17_AM_(2)/crop_001455.jpg
WhatsApp Video 2026-08-11 at 6.55.17 AM (2).mp4,19,Mild Steel,train,1470,24.5,451,156,150,150,301,6,601,306,300,300,191.63,21.78,TRACKED,RETAINED,data/phase2_roi_crops/retained/WhatsApp_Video_2026-08-11_at_6.55.17_AM_(2)/crop_001470.jpg
WhatsApp Video 2026-08-11 at 6.55.17 AM (2).mp4,19,Mild Steel,train,1485,24.75,450,157,150,150,300,7,600,307,300,300,175.73,4.44,TRACKED,RETAINED,data/phase2_roi_crops/retained/WhatsApp_Video_2026-08-11_at_6.55.17_AM_(2)/crop_001485.jpg
WhatsApp Video 2026-08-11 at 6.55.17 AM (2).mp4,19,Mild Steel,train,1500,25.0,450,156,150,150,300,6,600,306,300,300,278.01,5.92,TRACKED,RETAINED,data/phase2_roi_crops/retained/WhatsApp_Video_2026-08-11_at_6.55.17_AM_(2)/crop_001500.jpg
WhatsApp Video 2026-08-11 at 6.55.17 AM (2).mp4,19,Mild Steel,train,1515,25.25,454,153,150,150,304,3,604,303,300,300,183.81,4.94,TRACKED,RETAINED,data/phase2_roi_crops/retained/WhatsApp_Video_2026-08-11_at_6.55.17_AM_(2)/crop_001515.jpg
WhatsApp Video 2026-08-11 at 6.55.17 AM (2).mp4,19,Mild Steel,train,1530,25.5,455,155,150,150,305,5,605,305,300,300,168.36,6.27,TRACKED,RETAINED,data/phase2_roi_crops/retained/WhatsApp_Video_2026-08-11_at_6.55.17_AM_(2)/crop_001530.jpg
WhatsApp Video 2026-08-11 at 6.55.17 AM (2).mp4,19,Mild Steel,train,1545,25.75,450,154,150,150,300,4,600,304,300,300,171.56,20.69,TRACKED,RETAINED,data/phase2_roi_crops/retained/WhatsApp_Video_2026-08-11_at_6.55.17_AM_(2)/crop_001545.jpg
WhatsApp Video 2026-08-11 at 6.55.17 AM (2).mp4,19,Mild Steel,train,1560,26.0,451,151,150,150,301,1,601,301,300,300,169.13,6.55,TRACKED,RETAINED,data/phase2_roi_crops/retained/WhatsApp_Video_2026-08-11_at_6.55.17_AM_(2)/crop_001560.jpg
WhatsApp Video 2026-08-11 at 6.55.17 AM (2).mp4,19,Mild Steel,train,1575,26.25,452,147,150,147,302,0,602,300,300,300,174.51,15.18,TRACKED,RETAINED,data/phase2_roi_crops/retained/WhatsApp_Video_2026-08-11_at_6.55.17_AM_(2)/crop_001575.jpg
WhatsApp Video 2026-08-11 at 6.55.17 AM (2).mp4,19,Mild Steel,train,1590,26.5,452,149,150,149,302,0,602,300,300,300,179.54,17.81,TRACKED,RETAINED,data/phase2_roi_crops/retained/WhatsApp_Video_2026-08-11_at_6.55.17_AM_(2)/crop_001590.jpg
WhatsApp Video 2026-08-11 at 6.55.17 AM (2).mp4,19,Mild Steel,train,1605,26.75,452,147,150,147,302,0,602,300,300,300,186.23,11.0,TRACKED,RETAINED,data/phase2_roi_crops/retained/WhatsApp_Video_2026-08-11_at_6.55.17_AM_(2)/crop_001605.jpg
WhatsApp Video 2026-08-11 at 6.55.17 AM (2).mp4,19,Mild Steel,train,1620,27.0,450,146,150,146,300,0,600,300,300,300,180.6,10.24,TRACKED,RETAINED,data/phase2_roi_crops/retained/WhatsApp_Video_2026-08-11_at_6.55.17_AM_(2)/crop_001620.jpg
WhatsApp Video 2026-08-11 at 6.55.17 AM (2).mp4,19,Mild Steel,train,1635,27.25,447,150,150,150,297,0,597,300,300,300,241.81,11.8,TRACKED,RETAINED,data/phase2_roi_crops/retained/WhatsApp_Video_2026-08-11_at_6.55.17_AM_(2)/crop_001635.jpg
WhatsApp Video 2026-08-11 at 6.55.17 AM (2).mp4,19,Mild Steel,train,1650,27.5,445,149,150,149,295,0,595,300,300,300,289.31,5.73,TRACKED,RETAINED,data/phase2_roi_crops/retained/WhatsApp_Video_2026-08-11_at_6.55.17_AM_(2)/crop_001650.jpg
WhatsApp Video 2026-08-11 at 6.55.17 AM (2).mp4,19,Mild Steel,train,1665,27.75,445,151,150,150,295,1,595,301,300,300,236.62,11.69,TRACKED,RETAINED,data/phase2_roi_crops/retained/WhatsApp_Video_2026-08-11_at_6.55.17_AM_(2)/crop_001665.jpg
WhatsApp Video 2026-08-11 at 6.55.17 AM (2).mp4,19,Mild Steel,train,1680,28.0,447,145,150,145,297,0,597,300,300,300,225.93,6.2,TRACKED,RETAINED,data/phase2_roi_crops/retained/WhatsApp_Video_2026-08-11_at_6.55.17_AM_(2)/crop_001680.jpg
WhatsApp Video 2026-08-11 at 6.55.17 AM (2).mp4,19,Mild Steel,train,1695,28.25,448,145,150,145,298,0,598,300,300,300,192.29,14.63,TRACKED,RETAINED,data/phase2_roi_crops/retained/WhatsApp_Video_2026-08-11_at_6.55.17_AM_(2)/crop_001695.jpg
WhatsApp Video 2026-08-11 at 6.55.17 AM (2).mp4,19,Mild Steel,train,1710,28.5,447,145,150,145,297,0,597,300,300,300,197.72,16.49,TRACKED,RETAINED,data/phase2_roi_crops/retained/WhatsApp_Video_2026-08-11_at_6.55.17_AM_(2)/crop_001710.jpg
WhatsApp Video 2026-08-11 at 6.55.17 AM (2).mp4,19,Mild Steel,train,1725,28.75,446,145,150,145,296,0,596,300,300,300,206.95,18.57,TRACKED,RETAINED,data/phase2_roi_crops/retained/WhatsApp_Video_2026-08-11_at_6.55.17_AM_(2)/crop_001725.jpg
WhatsApp Video 2026-08-11 at 6.55.17 AM (2).mp4,19,Mild Steel,train,1740,29.0,444,146,150,146,294,0,594,300,300,300,213.81,6.03,TRACKED,RETAINED,data/phase2_roi_crops/retained/WhatsApp_Video_2026-08-11_at_6.55.17_AM_(2)/crop_001740.jpg
WhatsApp Video 2026-08-11 at 6.55.17 AM (2).mp4,19,Mild Steel,train,1755,29.25,440,148,150,148,290,0,590,300,300,300,193.03,5.52,TRACKED,RETAINED,data/phase2_roi_crops/retained/WhatsApp_Video_2026-08-11_at_6.55.17_AM_(2)/crop_001755.jpg
WhatsApp Video 2026-08-11 at 6.55.17 AM (2).mp4,19,Mild Steel,train,1770,29.5,438,149,150,149,288,0,588,300,300,300,200.56,16.54,TRACKED,RETAINED,data/phase2_roi_crops/retained/WhatsApp_Video_2026-08-11_at_6.55.17_AM_(2)/crop_001770.jpg
WhatsApp Video 2026-08-11 at 6.55.17 AM (2).mp4,19,Mild Steel,train,1785,29.75,443,149,150,149,293,0,593,300,300,300,219.93,11.1,TRACKED,RETAINED,data/phase2_roi_crops/retained/WhatsApp_Video_2026-08-11_at_6.55.17_AM_(2)/crop_001785.jpg
WhatsApp Video 2026-08-11 at 6.55.17 AM (2).mp4,19,Mild Steel,train,1800,30.0,444,148,150,148,294,0,594,300,300,300,339.4,12.35,TRACKED,RETAINED,data/phase2_roi_crops/retained/WhatsApp_Video_2026-08-11_at_6.55.17_AM_(2)/crop_001800.jpg
WhatsApp Video 2026-08-11 at 6.55.17 AM (2).mp4,19,Mild Steel,train,1815,30.25,442,151,150,150,292,1,592,301,300,300,254.4,14.82,TRACKED,RETAINED,data/phase2_roi_crops/retained/WhatsApp_Video_2026-08-11_at_6.55.17_AM_(2)/crop_001815.jpg
WhatsApp Video 2026-08-11 at 6.55.17 AM (2).mp4,19,Mild Steel,train,1830,30.5,443,152,150,150,293,2,593,302,300,300,245.24,7.45,TRACKED,RETAINED,data/phase2_roi_crops/retained/WhatsApp_Video_2026-08-11_at_6.55.17_AM_(2)/crop_001830.jpg
WhatsApp Video 2026-08-11 at 6.55.17 AM (2).mp4,19,Mild Steel,train,1845,30.75,438,152,150,150,288,2,588,302,300,300,180.54,16.71,TRACKED,RETAINED,data/phase2_roi_crops/retained/WhatsApp_Video_2026-08-11_at_6.55.17_AM_(2)/crop_001845.jpg
WhatsApp Video 2026-08-11 at 6.55.17 AM (2).mp4,19,Mild Steel,train,1860,31.0,435,155,150,150,285,5,585,305,300,300,198.23,18.89,TRACKED,RETAINED,data/phase2_roi_crops/retained/WhatsApp_Video_2026-08-11_at_6.55.17_AM_(2)/crop_001860.jpg
WhatsApp Video 2026-08-11 at 6.55.17 AM (2).mp4,19,Mild Steel,train,1875,31.25,435,155,150,150,285,5,585,305,300,300,203.13,19.37,TRACKED,RETAINED,data/phase2_roi_crops/retained/WhatsApp_Video_2026-08-11_at_6.55.17_AM_(2)/crop_001875.jpg
WhatsApp Video 2026-08-11 at 6.55.17 AM (2).mp4,19,Mild Steel,train,1890,31.5,435,157,150,150,285,7,585,307,300,300,195.13,22.39,TRACKED,RETAINED,data/phase2_roi_crops/retained/WhatsApp_Video_2026-08-11_at_6.55.17_AM_(2)/crop_001890.jpg
WhatsApp Video 2026-08-11 at 6.55.17 AM (2).mp4,19,Mild Steel,train,1905,31.75,437,154,150,150,287,4,587,304,300,300,211.22,5.65,TRACKED,RETAINED,data/phase2_roi_crops/retained/WhatsApp_Video_2026-08-11_at_6.55.17_AM_(2)/crop_001905.jpg
WhatsApp Video 2026-08-11 at 6.55.17 AM (2).mp4,19,Mild Steel,train,1920,32.0,434,153,150,150,284,3,584,303,300,300,201.75,7.4,TRACKED,RETAINED,data/phase2_roi_crops/retained/WhatsApp_Video_2026-08-11_at_6.55.17_AM_(2)/crop_001920.jpg
WhatsApp Video 2026-08-11 at 6.55.17 AM (2).mp4,19,Mild Steel,train,1935,32.25,434,155,150,150,284,5,584,305,300,300,188.39,19.21,TRACKED,RETAINED,data/phase2_roi_crops/retained/WhatsApp_Video_2026-08-11_at_6.55.17_AM_(2)/crop_001935.jpg
WhatsApp Video 2026-08-11 at 6.55.17 AM (2).mp4,19,Mild Steel,train,1950,32.5,431,158,150,150,281,8,581,308,300,300,193.13,16.58,TRACKED,RETAINED,data/phase2_roi_crops/retained/WhatsApp_Video_2026-08-11_at_6.55.17_AM_(2)/crop_001950.jpg
WhatsApp Video 2026-08-11 at 6.55.17 AM (2).mp4,19,Mild Steel,train,1965,32.75,426,157,150,150,276,7,576,307,300,300,192.34,16.55,TRACKED,RETAINED,data/phase2_roi_crops/retained/WhatsApp_Video_2026-08-11_at_6.55.17_AM_(2)/crop_001965.jpg
WhatsApp Video 2026-08-11 at 6.55.17 AM (2).mp4,19,Mild Steel,train,1980,33.0,427,158,150,150,277,8,577,308,300,300,189.32,19.75,TRACKED,RETAINED,data/phase2_roi_crops/retained/WhatsApp_Video_2026-08-11_at_6.55.17_AM_(2)/crop_001980.jpg
WhatsApp Video 2026-08-11 at 6.55.17 AM (2).mp4,19,Mild Steel,train,1995,33.25,428,158,150,150,278,8,578,308,300,300,190.97,12.3,TRACKED,RETAINED,data/phase2_roi_crops/retained/WhatsApp_Video_2026-08-11_at_6.55.17_AM_(2)/crop_001995.jpg
WhatsApp Video 2026-08-11 at 6.55.17 AM (2).mp4,19,Mild Steel,train,2010,33.5,421,162,150,150,271,12,571,312,300,300,193.53,15.31,TRACKED,RETAINED,data/phase2_roi_crops/retained/WhatsApp_Video_2026-08-11_at_6.55.17_AM_(2)/crop_002010.jpg
WhatsApp Video 2026-08-11 at 6.55.17 AM (2).mp4,19,Mild Steel,train,2025,33.75,424,160,150,150,274,10,574,310,300,300,199.94,12.99,TRACKED,RETAINED,data/phase2_roi_crops/retained/WhatsApp_Video_2026-08-11_at_6.55.17_AM_(2)/crop_002025.jpg
WhatsApp Video 2026-08-11 at 6.55.17 AM (2).mp4,19,Mild Steel,train,2040,34.0,424,163,150,150,274,13,574,313,300,300,196.35,11.62,TRACKED,RETAINED,data/phase2_roi_crops/retained/WhatsApp_Video_2026-08-11_at_6.55.17_AM_(2)/crop_002040.jpg
WhatsApp Video 2026-08-11 at 6.55.17 AM (2).mp4,19,Mild Steel,train,2055,34.25,425,165,150,150,275,15,575,315,300,300,186.98,8.8,TRACKED,RETAINED,data/phase2_roi_crops/retained/WhatsApp_Video_2026-08-11_at_6.55.17_AM_(2)/crop_002055.jpg
WhatsApp Video 2026-08-11 at 6.55.17 AM (2).mp4,19,Mild Steel,train,2070,34.5,424,163,150,150,274,13,574,313,300,300,197.46,4.68,TRACKED,RETAINED,data/phase2_roi_crops/retained/WhatsApp_Video_2026-08-11_at_6.55.17_AM_(2)/crop_002070.jpg
WhatsApp Video 2026-08-11 at 6.55.17 AM (2).mp4,19,Mild Steel,train,2085,34.75,417,169,150,150,267,19,567,319,300,300,174.97,19.43,TRACKED,RETAINED,data/phase2_roi_crops/retained/WhatsApp_Video_2026-08-11_at_6.55.17_AM_(2)/crop_002085.jpg
WhatsApp Video 2026-08-11 at 6.55.17 AM (2).mp4,19,Mild Steel,train,2100,35.0,424,166,150,150,274,16,574,316,300,300,300.0,20.78,TRACKED,RETAINED,data/phase2_roi_crops/retained/WhatsApp_Video_2026-08-11_at_6.55.17_AM_(2)/crop_002100.jpg
WhatsApp Video 2026-08-11 at 6.55.17 AM (2).mp4,19,Mild Steel,train,2115,35.25,419,167,150,150,269,17,569,317,300,300,189.82,19.6,TRACKED,RETAINED,data/phase2_roi_crops/retained/WhatsApp_Video_2026-08-11_at_6.55.17_AM_(2)/crop_002115.jpg
WhatsApp Video 2026-08-11 at 6.55.17 AM (2).mp4,19,Mild Steel,train,2130,35.5,422,167,150,150,272,17,572,317,300,300,191.04,9.47,TRACKED,RETAINED,data/phase2_roi_crops/retained/WhatsApp_Video_2026-08-11_at_6.55.17_AM_(2)/crop_002130.jpg
WhatsApp Video 2026-08-11 at 6.55.17 AM (2).mp4,19,Mild Steel,train,2145,35.75,412,169,150,150,262,19,562,319,300,300,201.51,12.14,TRACKED,RETAINED,data/phase2_roi_crops/retained/WhatsApp_Video_2026-08-11_at_6.55.17_AM_(2)/crop_002145.jpg
WhatsApp Video 2026-08-11 at 6.55.17 AM (2).mp4,19,Mild Steel,train,2160,36.0,415,170,150,150,265,20,565,320,300,300,197.51,16.37,TRACKED,RETAINED,data/phase2_roi_crops/retained/WhatsApp_Video_2026-08-11_at_6.55.17_AM_(2)/crop_002160.jpg
WhatsApp Video 2026-08-11 at 6.55.17 AM (2).mp4,19,Mild Steel,train,2175,36.25,413,169,150,150,263,19,563,319,300,300,195.05,7.51,TRACKED,RETAINED,data/phase2_roi_crops/retained/WhatsApp_Video_2026-08-11_at_6.55.17_AM_(2)/crop_002175.jpg
WhatsApp Video 2026-08-11 at 6.55.17 AM (2).mp4,19,Mild Steel,train,2190,36.5,413,172,150,150,263,22,563,322,300,300,194.71,15.43,TRACKED,RETAINED,data/phase2_roi_crops/retained/WhatsApp_Video_2026-08-11_at_6.55.17_AM_(2)/crop_002190.jpg
WhatsApp Video 2026-08-11 at 6.55.17 AM (2).mp4,19,Mild Steel,train,2205,36.75,412,175,150,150,262,25,562,325,300,300,210.69,7.18,TRACKED,RETAINED,data/phase2_roi_crops/retained/WhatsApp_Video_2026-08-11_at_6.55.17_AM_(2)/crop_002205.jpg
WhatsApp Video 2026-08-11 at 6.55.17 AM (2).mp4,19,Mild Steel,train,2220,37.0,411,175,150,150,261,25,561,325,300,300,219.01,4.22,TRACKED,RETAINED,data/phase2_roi_crops/retained/WhatsApp_Video_2026-08-11_at_6.55.17_AM_(2)/crop_002220.jpg
WhatsApp Video 2026-08-11 at 6.55.17 AM (2).mp4,19,Mild Steel,train,2235,37.25,408,178,150,150,258,28,558,328,300,300,215.96,5.12,TRACKED,RETAINED,data/phase2_roi_crops/retained/WhatsApp_Video_2026-08-11_at_6.55.17_AM_(2)/crop_002235.jpg
WhatsApp Video 2026-08-11 at 6.55.17 AM (2).mp4,19,Mild Steel,train,2250,37.5,408,178,150,150,258,28,558,328,300,300,206.58,12.43,TRACKED,RETAINED,data/phase2_roi_crops/retained/WhatsApp_Video_2026-08-11_at_6.55.17_AM_(2)/crop_002250.jpg
WhatsApp Video 2026-08-11 at 6.55.17 AM (2).mp4,19,Mild Steel,train,2265,37.75,409,180,150,150,259,30,559,330,300,300,210.53,13.06,TRACKED,RETAINED,data/phase2_roi_crops/retained/WhatsApp_Video_2026-08-11_at_6.55.17_AM_(2)/crop_002265.jpg
WhatsApp Video 2026-08-11 at 6.55.17 AM (2).mp4,19,Mild Steel,train,2280,38.0,406,177,150,150,256,27,556,327,300,300,222.72,17.84,TRACKED,RETAINED,data/phase2_roi_crops/retained/WhatsApp_Video_2026-08-11_at_6.55.17_AM_(2)/crop_002280.jpg
WhatsApp Video 2026-08-11 at 6.55.17 AM (2).mp4,19,Mild Steel,train,2295,38.25,407,178,150,150,257,28,557,328,300,300,226.06,7.11,TRACKED,RETAINED,data/phase2_roi_crops/retained/WhatsApp_Video_2026-08-11_at_6.55.17_AM_(2)/crop_002295.jpg
WhatsApp Video 2026-08-11 at 6.55.16 AM (1).mp4,16,Mild Steel,train,0,0.0,503,245,150,150,353,95,653,395,300,300,68.88,0.0,TRACKED,RETAINED,data/phase2_roi_crops/retained/WhatsApp_Video_2026-08-11_at_6.55.16_AM_(1)/crop_000000.jpg
WhatsApp Video 2026-08-11 at 6.55.16 AM (1).mp4,16,Mild Steel,train,15,0.25,501,243,150,150,351,93,651,393,300,300,51.24,39.45,TRACKED,RETAINED,data/phase2_roi_crops/retained/WhatsApp_Video_2026-08-11_at_6.55.16_AM_(1)/crop_000015.jpg
WhatsApp Video 2026-08-11 at 6.55.16 AM (1).mp4,16,Mild Steel,train,30,0.5,502,250,150,150,352,100,652,400,300,300,53.0,8.65,TRACKED,RETAINED,data/phase2_roi_crops/retained/WhatsApp_Video_2026-08-11_at_6.55.16_AM_(1)/crop_000030.jpg
WhatsApp Video 2026-08-11 at 6.55.16 AM (1).mp4,16,Mild Steel,train,45,0.75,502,244,150,150,352,94,652,394,300,300,56.1,14.74,TRACKED,RETAINED,data/phase2_roi_crops/retained/WhatsApp_Video_2026-08-11_at_6.55.16_AM_(1)/crop_000045.jpg
WhatsApp Video 2026-08-11 at 6.55.16 AM (1).mp4,16,Mild Steel,train,60,1.0,498,246,150,150,348,96,648,396,300,300,63.98,6.52,TRACKED,RETAINED,data/phase2_roi_crops/retained/WhatsApp_Video_2026-08-11_at_6.55.16_AM_(1)/crop_000060.jpg
WhatsApp Video 2026-08-11 at 6.55.16 AM (1).mp4,16,Mild Steel,train,75,1.25,501,250,150,150,351,100,651,400,300,300,62.27,15.54,TRACKED,RETAINED,data/phase2_roi_crops/retained/WhatsApp_Video_2026-08-11_at_6.55.16_AM_(1)/crop_000075.jpg
WhatsApp Video 2026-08-11 at 6.55.16 AM (1).mp4,16,Mild Steel,train,90,1.5,498,245,150,150,348,95,648,395,300,300,67.73,16.6,TRACKED,RETAINED,data/phase2_roi_crops/retained/WhatsApp_Video_2026-08-11_at_6.55.16_AM_(1)/crop_000090.jpg
WhatsApp Video 2026-08-11 at 6.55.16 AM (1).mp4,16,Mild Steel,train,105,1.75,498,252,150,150,348,102,648,402,300,300,70.14,10.97,TRACKED,RETAINED,data/phase2_roi_crops/retained/WhatsApp_Video_2026-08-11_at_6.55.16_AM_(1)/crop_000105.jpg
WhatsApp Video 2026-08-11 at 6.55.16 AM (1).mp4,16,Mild Steel,train,120,2.0,502,249,150,150,352,99,652,399,300,300,66.84,25.31,TRACKED,RETAINED,data/phase2_roi_crops/retained/WhatsApp_Video_2026-08-11_at_6.55.16_AM_(1)/crop_000120.jpg
WhatsApp Video 2026-08-11 at 6.55.16 AM (1).mp4,16,Mild Steel,train,135,2.25,502,247,150,150,352,97,652,397,300,300,59.28,24.08,TRACKED,RETAINED,data/phase2_roi_crops/retained/WhatsApp_Video_2026-08-11_at_6.55.16_AM_(1)/crop_000135.jpg
WhatsApp Video 2026-08-11 at 6.55.16 AM (1).mp4,16,Mild Steel,train,150,2.5,496,247,150,150,346,97,646,397,300,300,56.08,15.54,TRACKED,RETAINED,data/phase2_roi_crops/retained/WhatsApp_Video_2026-08-11_at_6.55.16_AM_(1)/crop_000150.jpg
WhatsApp Video 2026-08-11 at 6.55.16 AM (1).mp4,16,Mild Steel,train,165,2.75,493,248,150,150,343,98,643,398,300,300,60.33,7.21,TRACKED,RETAINED,data/phase2_roi_crops/retained/WhatsApp_Video_2026-08-11_at_6.55.16_AM_(1)/crop_000165.jpg
WhatsApp Video 2026-08-11 at 6.55.16 AM (1).mp4,16,Mild Steel,train,180,3.0,498,246,150,150,348,96,648,396,300,300,61.73,8.46,TRACKED,RETAINED,data/phase2_roi_crops/retained/WhatsApp_Video_2026-08-11_at_6.55.16_AM_(1)/crop_000180.jpg
WhatsApp Video 2026-08-11 at 6.55.16 AM (1).mp4,16,Mild Steel,train,195,3.25,495,248,150,150,345,98,645,398,300,300,54.66,23.61,TRACKED,RETAINED,data/phase2_roi_crops/retained/WhatsApp_Video_2026-08-11_at_6.55.16_AM_(1)/crop_000195.jpg
WhatsApp Video 2026-08-11 at 6.55.16 AM (1).mp4,16,Mild Steel,train,210,3.5,495,250,150,150,345,100,645,400,300,300,63.21,8.12,TRACKED,RETAINED,data/phase2_roi_crops/retained/WhatsApp_Video_2026-08-11_at_6.55.16_AM_(1)/crop_000210.jpg
WhatsApp Video 2026-08-11 at 6.55.16 AM (1).mp4,16,Mild Steel,train,225,3.75,499,249,150,150,349,99,649,399,300,300,59.74,10.69,TRACKED,RETAINED,data/phase2_roi_crops/retained/WhatsApp_Video_2026-08-11_at_6.55.16_AM_(1)/crop_000225.jpg
WhatsApp Video 2026-08-11 at 6.55.16 AM (1).mp4,16,Mild Steel,train,240,4.0,497,255,150,150,347,105,647,405,300,300,61.08,13.58,TRACKED,RETAINED,data/phase2_roi_crops/retained/WhatsApp_Video_2026-08-11_at_6.55.16_AM_(1)/crop_000240.jpg
WhatsApp Video 2026-08-11 at 6.55.16 AM (1).mp4,16,Mild Steel,train,255,4.25,494,250,150,150,344,100,644,400,300,300,56.45,15.35,TRACKED,RETAINED,data/phase2_roi_crops/retained/WhatsApp_Video_2026-08-11_at_6.55.16_AM_(1)/crop_000255.jpg
WhatsApp Video 2026-08-11 at 6.55.16 AM (1).mp4,16,Mild Steel,train,270,4.5,490,252,150,150,340,102,640,402,300,300,64.55,4.49,TRACKED,RETAINED,data/phase2_roi_crops/retained/WhatsApp_Video_2026-08-11_at_6.55.16_AM_(1)/crop_000270.jpg
WhatsApp Video 2026-08-11 at 6.55.16 AM (1).mp4,16,Mild Steel,train,285,4.75,488,251,150,150,338,101,638,401,300,300,67.65,5.23,TRACKED,RETAINED,data/phase2_roi_crops/retained/WhatsApp_Video_2026-08-11_at_6.55.16_AM_(1)/crop_000285.jpg
WhatsApp Video 2026-08-11 at 6.55.16 AM (1).mp4,16,Mild Steel,train,300,5.0,492,250,150,150,342,100,642,400,300,300,94.59,14.6,TRACKED,RETAINED,data/phase2_roi_crops/retained/WhatsApp_Video_2026-08-11_at_6.55.16_AM_(1)/crop_000300.jpg
WhatsApp Video 2026-08-11 at 6.55.16 AM (1).mp4,16,Mild Steel,train,315,5.25,491,251,150,150,341,101,641,401,300,300,61.04,32.54,TRACKED,RETAINED,data/phase2_roi_crops/retained/WhatsApp_Video_2026-08-11_at_6.55.16_AM_(1)/crop_000315.jpg
WhatsApp Video 2026-08-11 at 6.55.16 AM (1).mp4,16,Mild Steel,train,330,5.5,490,249,150,150,340,99,640,399,300,300,54.27,12.53,TRACKED,RETAINED,data/phase2_roi_crops/retained/WhatsApp_Video_2026-08-11_at_6.55.16_AM_(1)/crop_000330.jpg
WhatsApp Video 2026-08-11 at 6.55.16 AM (1).mp4,16,Mild Steel,train,345,5.75,488,249,150,150,338,99,638,399,300,300,63.26,24.31,TRACKED,RETAINED,data/phase2_roi_crops/retained/WhatsApp_Video_2026-08-11_at_6.55.16_AM_(1)/crop_000345.jpg
WhatsApp Video 2026-08-11 at 6.55.16 AM (1).mp4,16,Mild Steel,train,360,6.0,489,251,150,150,339,101,639,401,300,300,59.78,19.21,TRACKED,RETAINED,data/phase2_roi_crops/retained/WhatsApp_Video_2026-08-11_at_6.55.16_AM_(1)/crop_000360.jpg
WhatsApp Video 2026-08-11 at 6.55.16 AM (1).mp4,16,Mild Steel,train,375,6.25,487,250,150,150,337,100,637,400,300,300,61.09,14.06,TRACKED,RETAINED,data/phase2_roi_crops/retained/WhatsApp_Video_2026-08-11_at_6.55.16_AM_(1)/crop_000375.jpg
WhatsApp Video 2026-08-11 at 6.55.16 AM (1).mp4,16,Mild Steel,train,390,6.5,488,253,150,150,338,103,638,403,300,300,60.0,10.97,TRACKED,RETAINED,data/phase2_roi_crops/retained/WhatsApp_Video_2026-08-11_at_6.55.16_AM_(1)/crop_000390.jpg
WhatsApp Video 2026-08-11 at 6.55.16 AM (1).mp4,16,Mild Steel,train,405,6.75,487,258,150,150,337,108,637,408,300,300,68.13,7.69,TRACKED,RETAINED,data/phase2_roi_crops/retained/WhatsApp_Video_2026-08-11_at_6.55.16_AM_(1)/crop_000405.jpg
WhatsApp Video 2026-08-11 at 6.55.16 AM (1).mp4,16,Mild Steel,train,420,7.0,490,258,150,150,340,108,640,408,300,300,72.36,5.2,TRACKED,RETAINED,data/phase2_roi_crops/retained/WhatsApp_Video_2026-08-11_at_6.55.16_AM_(1)/crop_000420.jpg
WhatsApp Video 2026-08-11 at 6.55.16 AM (1).mp4,16,Mild Steel,train,435,7.25,482,256,150,150,332,106,632,406,300,300,63.46,16.38,TRACKED,RETAINED,data/phase2_roi_crops/retained/WhatsApp_Video_2026-08-11_at_6.55.16_AM_(1)/crop_000435.jpg
WhatsApp Video 2026-08-11 at 6.55.16 AM (1).mp4,16,Mild Steel,train,450,7.5,486,256,150,150,336,106,636,406,300,300,54.14,15.31,TRACKED,RETAINED,data/phase2_roi_crops/retained/WhatsApp_Video_2026-08-11_at_6.55.16_AM_(1)/crop_000450.jpg
WhatsApp Video 2026-08-11 at 6.55.16 AM (1).mp4,16,Mild Steel,train,465,7.75,485,256,150,150,335,106,635,406,300,300,59.79,13.22,TRACKED,RETAINED,data/phase2_roi_crops/retained/WhatsApp_Video_2026-08-11_at_6.55.16_AM_(1)/crop_000465.jpg
WhatsApp Video 2026-08-11 at 6.55.16 AM (1).mp4,16,Mild Steel,train,480,8.0,488,256,150,150,338,106,638,406,300,300,57.95,8.06,TRACKED,RETAINED,data/phase2_roi_crops/retained/WhatsApp_Video_2026-08-11_at_6.55.16_AM_(1)/crop_000480.jpg
WhatsApp Video 2026-08-11 at 6.55.16 AM (1).mp4,16,Mild Steel,train,495,8.25,484,256,150,150,334,106,634,406,300,300,52.44,10.67,TRACKED,RETAINED,data/phase2_roi_crops/retained/WhatsApp_Video_2026-08-11_at_6.55.16_AM_(1)/crop_000495.jpg
WhatsApp Video 2026-08-11 at 6.55.16 AM (1).mp4,16,Mild Steel,train,510,8.5,485,256,150,150,335,106,635,406,300,300,51.32,16.46,TRACKED,RETAINED,data/phase2_roi_crops/retained/WhatsApp_Video_2026-08-11_at_6.55.16_AM_(1)/crop_000510.jpg
WhatsApp Video 2026-08-11 at 6.55.16 AM (1).mp4,16,Mild Steel,train,525,8.75,482,257,150,150,332,107,632,407,300,300,48.56,21.24,TRACKED,RETAINED,data/phase2_roi_crops/retained/WhatsApp_Video_2026-08-11_at_6.55.16_AM_(1)/crop_000525.jpg
WhatsApp Video 2026-08-11 at 6.55.16 AM (1).mp4,16,Mild Steel,train,540,9.0,483,256,150,150,333,106,633,406,300,300,42.23,10.32,TRACKED,RETAINED,data/phase2_roi_crops/retained/WhatsApp_Video_2026-08-11_at_6.55.16_AM_(1)/crop_000540.jpg
WhatsApp Video 2026-08-11 at 6.55.16 AM (1).mp4,16,Mild Steel,train,555,9.25,482,260,150,150,332,110,632,410,300,300,39.5,4.88,TRACKED,RETAINED,data/phase2_roi_crops/retained/WhatsApp_Video_2026-08-11_at_6.55.16_AM_(1)/crop_000555.jpg
WhatsApp Video 2026-08-11 at 6.55.16 AM (1).mp4,16,Mild Steel,train,570,9.5,481,256,150,150,331,106,631,406,300,300,46.9,16.22,TRACKED,RETAINED,data/phase2_roi_crops/retained/WhatsApp_Video_2026-08-11_at_6.55.16_AM_(1)/crop_000570.jpg
WhatsApp Video 2026-08-11 at 6.55.16 AM (1).mp4,16,Mild Steel,train,585,9.75,482,256,150,150,332,106,632,406,300,300,46.59,8.16,TRACKED,RETAINED,data/phase2_roi_crops/retained/WhatsApp_Video_2026-08-11_at_6.55.16_AM_(1)/crop_000585.jpg
WhatsApp Video 2026-08-11 at 6.55.16 AM (1).mp4,16,Mild Steel,train,600,10.0,482,258,150,150,332,108,632,408,300,300,81.24,5.63,TRACKED,RETAINED,data/phase2_roi_crops/retained/WhatsApp_Video_2026-08-11_at_6.55.16_AM_(1)/crop_000600.jpg
WhatsApp Video 2026-08-11 at 6.55.16 AM (1).mp4,16,Mild Steel,train,615,10.25,479,258,150,150,329,108,629,408,300,300,44.97,12.23,TRACKED,RETAINED,data/phase2_roi_crops/retained/WhatsApp_Video_2026-08-11_at_6.55.16_AM_(1)/crop_000615.jpg
WhatsApp Video 2026-08-11 at 6.55.16 AM (1).mp4,16,Mild Steel,train,630,10.5,481,258,150,150,331,108,631,408,300,300,40.31,3.3,TRACKED,RETAINED,data/phase2_roi_crops/retained/WhatsApp_Video_2026-08-11_at_6.55.16_AM_(1)/crop_000630.jpg
WhatsApp Video 2026-08-11 at 6.55.16 AM (1).mp4,16,Mild Steel,train,645,10.75,478,260,150,150,328,110,628,410,300,300,47.93,5.36,TRACKED,RETAINED,data/phase2_roi_crops/retained/WhatsApp_Video_2026-08-11_at_6.55.16_AM_(1)/crop_000645.jpg
WhatsApp Video 2026-08-11 at 6.55.16 AM (1).mp4,16,Mild Steel,train,660,11.0,478,258,150,150,328,108,628,408,300,300,43.09,5.54,TRACKED,RETAINED,data/phase2_roi_crops/retained/WhatsApp_Video_2026-08-11_at_6.55.16_AM_(1)/crop_000660.jpg
WhatsApp Video 2026-08-11 at 6.55.16 AM (1).mp4,16,Mild Steel,train,675,11.25,475,258,150,150,325,108,625,408,300,300,44.44,6.13,TRACKED,RETAINED,data/phase2_roi_crops/retained/WhatsApp_Video_2026-08-11_at_6.55.16_AM_(1)/crop_000675.jpg
WhatsApp Video 2026-08-11 at 6.55.16 AM (1).mp4,16,Mild Steel,train,690,11.5,474,259,150,150,324,109,624,409,300,300,45.12,9.01,TRACKED,RETAINED,data/phase2_roi_crops/retained/WhatsApp_Video_2026-08-11_at_6.55.16_AM_(1)/crop_000690.jpg
WhatsApp Video 2026-08-11 at 6.55.16 AM (1).mp4,16,Mild Steel,train,705,11.75,475,261,150,150,325,111,625,411,300,300,44.22,6.33,TRACKED,RETAINED,data/phase2_roi_crops/retained/WhatsApp_Video_2026-08-11_at_6.55.16_AM_(1)/crop_000705.jpg
WhatsApp Video 2026-08-11 at 6.55.16 AM (1).mp4,16,Mild Steel,train,720,12.0,475,260,150,150,325,110,625,410,300,300,47.22,7.55,TRACKED,RETAINED,data/phase2_roi_crops/retained/WhatsApp_Video_2026-08-11_at_6.55.16_AM_(1)/crop_000720.jpg
WhatsApp Video 2026-08-11 at 6.55.16 AM (1).mp4,16,Mild Steel,train,735,12.25,475,261,150,150,325,111,625,411,300,300,49.59,11.84,TRACKED,RETAINED,data/phase2_roi_crops/retained/WhatsApp_Video_2026-08-11_at_6.55.16_AM_(1)/crop_000735.jpg
WhatsApp Video 2026-08-11 at 6.55.16 AM (1).mp4,16,Mild Steel,train,750,12.5,474,262,150,150,324,112,624,412,300,300,53.54,6.81,TRACKED,RETAINED,data/phase2_roi_crops/retained/WhatsApp_Video_2026-08-11_at_6.55.16_AM_(1)/crop_000750.jpg
WhatsApp Video 2026-08-11 at 6.55.16 AM (1).mp4,16,Mild Steel,train,765,12.75,471,265,150,150,321,115,621,415,300,300,48.03,16.2,TRACKED,RETAINED,data/phase2_roi_crops/retained/WhatsApp_Video_2026-08-11_at_6.55.16_AM_(1)/crop_000765.jpg
WhatsApp Video 2026-08-11 at 6.55.16 AM (1).mp4,16,Mild Steel,train,780,13.0,472,263,150,150,322,113,622,413,300,300,47.14,5.65,TRACKED,RETAINED,data/phase2_roi_crops/retained/WhatsApp_Video_2026-08-11_at_6.55.16_AM_(1)/crop_000780.jpg
WhatsApp Video 2026-08-11 at 6.55.16 AM (1).mp4,16,Mild Steel,train,795,13.25,468,262,150,150,318,112,618,412,300,300,43.98,10.41,TRACKED,RETAINED,data/phase2_roi_crops/retained/WhatsApp_Video_2026-08-11_at_6.55.16_AM_(1)/crop_000795.jpg
WhatsApp Video 2026-08-11 at 6.55.16 AM (1).mp4,16,Mild Steel,train,810,13.5,471,264,150,150,321,114,621,414,300,300,46.32,6.9,TRACKED,RETAINED,data/phase2_roi_crops/retained/WhatsApp_Video_2026-08-11_at_6.55.16_AM_(1)/crop_000810.jpg
WhatsApp Video 2026-08-11 at 6.55.16 AM (1).mp4,16,Mild Steel,train,825,13.75,471,265,150,150,321,115,621,415,300,300,48.97,11.05,TRACKED,RETAINED,data/phase2_roi_crops/retained/WhatsApp_Video_2026-08-11_at_6.55.16_AM_(1)/crop_000825.jpg
WhatsApp Video 2026-08-11 at 6.55.16 AM (1).mp4,16,Mild Steel,train,840,14.0,468,263,150,150,318,113,618,413,300,300,42.88,4.78,TRACKED,RETAINED,data/phase2_roi_crops/retained/WhatsApp_Video_2026-08-11_at_6.55.16_AM_(1)/crop_000840.jpg
WhatsApp Video 2026-08-11 at 6.55.16 AM (1).mp4,16,Mild Steel,train,855,14.25,470,265,150,150,320,115,620,415,300,300,52.38,14.68,TRACKED,RETAINED,data/phase2_roi_crops/retained/WhatsApp_Video_2026-08-11_at_6.55.16_AM_(1)/crop_000855.jpg
WhatsApp Video 2026-08-11 at 6.55.16 AM (1).mp4,16,Mild Steel,train,870,14.5,469,265,150,150,319,115,619,415,300,300,45.33,16.68,TRACKED,RETAINED,data/phase2_roi_crops/retained/WhatsApp_Video_2026-08-11_at_6.55.16_AM_(1)/crop_000870.jpg
WhatsApp Video 2026-08-11 at 6.55.16 AM (1).mp4,16,Mild Steel,train,885,14.75,469,266,150,150,319,116,619,416,300,300,39.77,8.18,TRACKED,RETAINED,data/phase2_roi_crops/retained/WhatsApp_Video_2026-08-11_at_6.55.16_AM_(1)/crop_000885.jpg
WhatsApp Video 2026-08-11 at 6.55.16 AM (1).mp4,16,Mild Steel,train,900,15.0,468,266,150,150,318,116,618,416,300,300,73.75,7.34,TRACKED,RETAINED,data/phase2_roi_crops/retained/WhatsApp_Video_2026-08-11_at_6.55.16_AM_(1)/crop_000900.jpg
WhatsApp Video 2026-08-11 at 6.55.16 AM (1).mp4,16,Mild Steel,train,915,15.25,468,263,150,150,318,113,618,413,300,300,49.95,4.86,TRACKED,RETAINED,data/phase2_roi_crops/retained/WhatsApp_Video_2026-08-11_at_6.55.16_AM_(1)/crop_000915.jpg
WhatsApp Video 2026-08-11 at 6.55.16 AM (1).mp4,16,Mild Steel,train,930,15.5,467,265,150,150,317,115,617,415,300,300,49.62,7.77,TRACKED,RETAINED,data/phase2_roi_crops/retained/WhatsApp_Video_2026-08-11_at_6.55.16_AM_(1)/crop_000930.jpg
WhatsApp Video 2026-08-11 at 6.55.16 AM (1).mp4,16,Mild Steel,train,945,15.75,465,272,150,150,315,122,615,422,300,300,61.0,9.27,TRACKED,RETAINED,data/phase2_roi_crops/retained/WhatsApp_Video_2026-08-11_at_6.55.16_AM_(1)/crop_000945.jpg
WhatsApp Video 2026-08-11 at 6.55.16 AM (1).mp4,16,Mild Steel,train,960,16.0,465,265,150,150,315,115,615,415,300,300,44.95,19.72,TRACKED,RETAINED,data/phase2_roi_crops/retained/WhatsApp_Video_2026-08-11_at_6.55.16_AM_(1)/crop_000960.jpg
WhatsApp Video 2026-08-11 at 6.55.16 AM (1).mp4,16,Mild Steel,train,975,16.25,466,272,150,150,316,122,616,422,300,300,47.55,6.02,TRACKED,RETAINED,data/phase2_roi_crops/retained/WhatsApp_Video_2026-08-11_at_6.55.16_AM_(1)/crop_000975.jpg
WhatsApp Video 2026-08-11 at 6.55.16 AM (1).mp4,16,Mild Steel,train,990,16.5,465,266,150,150,315,116,615,416,300,300,46.79,17.79,TRACKED,RETAINED,data/phase2_roi_crops/retained/WhatsApp_Video_2026-08-11_at_6.55.16_AM_(1)/crop_000990.jpg
WhatsApp Video 2026-08-11 at 6.55.16 AM (1).mp4,16,Mild Steel,train,1005,16.75,465,268,150,150,315,118,615,418,300,300,44.48,9.96,TRACKED,RETAINED,data/phase2_roi_crops/retained/WhatsApp_Video_2026-08-11_at_6.55.16_AM_(1)/crop_001005.jpg
WhatsApp Video 2026-08-11 at 6.55.16 AM (1).mp4,16,Mild Steel,train,1020,17.0,465,272,150,150,315,122,615,422,300,300,46.52,3.89,TRACKED,RETAINED,data/phase2_roi_crops/retained/WhatsApp_Video_2026-08-11_at_6.55.16_AM_(1)/crop_001020.jpg
WhatsApp Video 2026-08-11 at 6.55.16 AM (1).mp4,16,Mild Steel,train,1035,17.25,461,267,150,150,311,117,611,417,300,300,52.61,15.16,TRACKED,RETAINED,data/phase2_roi_crops/retained/WhatsApp_Video_2026-08-11_at_6.55.16_AM_(1)/crop_001035.jpg
WhatsApp Video 2026-08-11 at 6.55.16 AM (1).mp4,16,Mild Steel,train,1050,17.5,466,266,150,150,316,116,616,416,300,300,57.98,15.87,TRACKED,RETAINED,data/phase2_roi_crops/retained/WhatsApp_Video_2026-08-11_at_6.55.16_AM_(1)/crop_001050.jpg
WhatsApp Video 2026-08-11 at 6.55.16 AM (1).mp4,16,Mild Steel,train,1065,17.75,467,263,150,150,317,113,617,413,300,300,58.22,15.19,TRACKED,RETAINED,data/phase2_roi_crops/retained/WhatsApp_Video_2026-08-11_at_6.55.16_AM_(1)/crop_001065.jpg
WhatsApp Video 2026-08-11 at 6.55.16 AM (1).mp4,16,Mild Steel,train,1080,18.0,465,262,150,150,315,112,615,412,300,300,48.92,7.85,TRACKED,RETAINED,data/phase2_roi_crops/retained/WhatsApp_Video_2026-08-11_at_6.55.16_AM_(1)/crop_001080.jpg
WhatsApp Video 2026-08-11 at 6.55.16 AM (1).mp4,16,Mild Steel,train,1095,18.25,465,260,150,150,315,110,615,410,300,300,47.6,3.91,TRACKED,RETAINED,data/phase2_roi_crops/retained/WhatsApp_Video_2026-08-11_at_6.55.16_AM_(1)/crop_001095.jpg
WhatsApp Video 2026-08-11 at 6.55.16 AM (1).mp4,16,Mild Steel,train,1110,18.5,463,259,150,150,313,109,613,409,300,300,46.26,15.65,TRACKED,RETAINED,data/phase2_roi_crops/retained/WhatsApp_Video_2026-08-11_at_6.55.16_AM_(1)/crop_001110.jpg
WhatsApp Video 2026-08-11 at 6.55.16 AM (1).mp4,16,Mild Steel,train,1125,18.75,463,257,150,150,313,107,613,407,300,300,47.19,2.94,TRACKED,RETAINED,data/phase2_roi_crops/retained/WhatsApp_Video_2026-08-11_at_6.55.16_AM_(1)/crop_001125.jpg
WhatsApp Video 2026-08-11 at 6.55.16 AM (1).mp4,16,Mild Steel,train,1140,19.0,463,256,150,150,313,106,613,406,300,300,50.19,17.57,TRACKED,RETAINED,data/phase2_roi_crops/retained/WhatsApp_Video_2026-08-11_at_6.55.16_AM_(1)/crop_001140.jpg
WhatsApp Video 2026-08-11 at 6.55.16 AM (1).mp4,16,Mild Steel,train,1155,19.25,465,256,150,150,315,106,615,406,300,300,42.76,5.79,TRACKED,RETAINED,data/phase2_roi_crops/retained/WhatsApp_Video_2026-08-11_at_6.55.16_AM_(1)/crop_001155.jpg
WhatsApp Video 2026-08-11 at 6.55.16 AM (1).mp4,16,Mild Steel,train,1170,19.5,466,257,150,150,316,107,616,407,300,300,45.31,7.75,TRACKED,RETAINED,data/phase2_roi_crops/retained/WhatsApp_Video_2026-08-11_at_6.55.16_AM_(1)/crop_001170.jpg
WhatsApp Video 2026-08-11 at 6.55.16 AM (1).mp4,16,Mild Steel,train,1185,19.75,462,255,150,150,312,105,612,405,300,300,47.95,8.96,TRACKED,RETAINED,data/phase2_roi_crops/retained/WhatsApp_Video_2026-08-11_at_6.55.16_AM_(1)/crop_001185.jpg
WhatsApp Video 2026-08-11 at 6.55.16 AM (1).mp4,16,Mild Steel,train,1200,20.0,467,257,150,150,317,107,617,407,300,300,74.29,6.51,TRACKED,RETAINED,data/phase2_roi_crops/retained/WhatsApp_Video_2026-08-11_at_6.55.16_AM_(1)/crop_001200.jpg
WhatsApp Video 2026-08-11 at 6.55.16 AM (1).mp4,16,Mild Steel,train,1215,20.25,467,255,150,150,317,105,617,405,300,300,53.1,6.46,TRACKED,RETAINED,data/phase2_roi_crops/retained/WhatsApp_Video_2026-08-11_at_6.55.16_AM_(1)/crop_001215.jpg
WhatsApp Video 2026-08-11 at 6.55.16 AM (1).mp4,16,Mild Steel,train,1230,20.5,463,253,150,150,313,103,613,403,300,300,48.8,9.51,TRACKED,RETAINED,data/phase2_roi_crops/retained/WhatsApp_Video_2026-08-11_at_6.55.16_AM_(1)/crop_001230.jpg
WhatsApp Video 2026-08-11 at 6.55.16 AM (1).mp4,16,Mild Steel,train,1245,20.75,464,253,150,150,314,103,614,403,300,300,45.17,17.28,TRACKED,RETAINED,data/phase2_roi_crops/retained/WhatsApp_Video_2026-08-11_at_6.55.16_AM_(1)/crop_001245.jpg
WhatsApp Video 2026-08-11 at 6.55.16 AM (1).mp4,16,Mild Steel,train,1260,21.0,462,257,150,150,312,107,612,407,300,300,46.73,13.1,TRACKED,RETAINED,data/phase2_roi_crops/retained/WhatsApp_Video_2026-08-11_at_6.55.16_AM_(1)/crop_001260.jpg
WhatsApp Video 2026-08-11 at 6.55.16 AM (1).mp4,16,Mild Steel,train,1275,21.25,465,247,150,150,315,97,615,397,300,300,45.4,10.25,TRACKED,RETAINED,data/phase2_roi_crops/retained/WhatsApp_Video_2026-08-11_at_6.55.16_AM_(1)/crop_001275.jpg
WhatsApp Video 2026-08-11 at 6.55.16 AM (1).mp4,16,Mild Steel,train,1290,21.5,464,249,150,150,314,99,614,399,300,300,49.6,13.23,TRACKED,RETAINED,data/phase2_roi_crops/retained/WhatsApp_Video_2026-08-11_at_6.55.16_AM_(1)/crop_001290.jpg
WhatsApp Video 2026-08-11 at 6.55.16 AM (1).mp4,16,Mild Steel,train,1305,21.75,465,249,150,150,315,99,615,399,300,300,53.31,13.6,TRACKED,RETAINED,data/phase2_roi_crops/retained/WhatsApp_Video_2026-08-11_at_6.55.16_AM_(1)/crop_001305.jpg
WhatsApp Video 2026-08-11 at 6.55.16 AM (1).mp4,16,Mild Steel,train,1320,22.0,464,248,150,150,314,98,614,398,300,300,53.67,10.65,TRACKED,RETAINED,data/phase2_roi_crops/retained/WhatsApp_Video_2026-08-11_at_6.55.16_AM_(1)/crop_001320.jpg
WhatsApp Video 2026-08-11 at 6.55.16 AM (1).mp4,16,Mild Steel,train,1335,22.25,466,249,150,150,316,99,616,399,300,300,50.35,3.46,TRACKED,RETAINED,data/phase2_roi_crops/retained/WhatsApp_Video_2026-08-11_at_6.55.16_AM_(1)/crop_001335.jpg
WhatsApp Video 2026-08-11 at 6.55.16 AM (1).mp4,16,Mild Steel,train,1350,22.5,465,249,150,150,315,99,615,399,300,300,52.1,13.05,TRACKED,RETAINED,data/phase2_roi_crops/retained/WhatsApp_Video_2026-08-11_at_6.55.16_AM_(1)/crop_001350.jpg
WhatsApp Video 2026-08-11 at 6.55.16 AM (1).mp4,16,Mild Steel,train,1365,22.75,464,248,150,150,314,98,614,398,300,300,52.1,11.62,TRACKED,RETAINED,data/phase2_roi_crops/retained/WhatsApp_Video_2026-08-11_at_6.55.16_AM_(1)/crop_001365.jpg
WhatsApp Video 2026-08-11 at 6.55.16 AM (1).mp4,16,Mild Steel,train,1380,23.0,463,242,150,150,313,92,613,392,300,300,45.56,6.55,TRACKED,RETAINED,data/phase2_roi_crops/retained/WhatsApp_Video_2026-08-11_at_6.55.16_AM_(1)/crop_001380.jpg
WhatsApp Video 2026-08-11 at 6.55.16 AM (1).mp4,16,Mild Steel,train,1395,23.25,463,244,150,150,313,94,613,394,300,300,51.27,12.5,TRACKED,RETAINED,data/phase2_roi_crops/retained/WhatsApp_Video_2026-08-11_at_6.55.16_AM_(1)/crop_001395.jpg
WhatsApp Video 2026-08-11 at 6.55.16 AM (1).mp4,16,Mild Steel,train,1410,23.5,460,243,150,150,310,93,610,393,300,300,60.87,7.8,TRACKED,RETAINED,data/phase2_roi_crops/retained/WhatsApp_Video_2026-08-11_at_6.55.16_AM_(1)/crop_001410.jpg
WhatsApp Video 2026-08-11 at 6.55.16 AM (1).mp4,16,Mild Steel,train,1425,23.75,461,242,150,150,311,92,611,392,300,300,62.66,11.38,TRACKED,RETAINED,data/phase2_roi_crops/retained/WhatsApp_Video_2026-08-11_at_6.55.16_AM_(1)/crop_001425.jpg
WhatsApp Video 2026-08-11 at 6.55.16 AM (1).mp4,16,Mild Steel,train,1440,24.0,460,241,150,150,310,91,610,391,300,300,58.41,3.21,TRACKED,RETAINED,data/phase2_roi_crops/retained/WhatsApp_Video_2026-08-11_at_6.55.16_AM_(1)/crop_001440.jpg
WhatsApp Video 2026-08-11 at 6.55.16 AM (1).mp4,16,Mild Steel,train,1455,24.25,462,237,150,150,312,87,612,387,300,300,57.18,7.0,TRACKED,RETAINED,data/phase2_roi_crops/retained/WhatsApp_Video_2026-08-11_at_6.55.16_AM_(1)/crop_001455.jpg
WhatsApp Video 2026-08-11 at 6.55.16 AM (1).mp4,16,Mild Steel,train,1470,24.5,464,243,150,150,314,93,614,393,300,300,57.32,6.84,TRACKED,RETAINED,data/phase2_roi_crops/retained/WhatsApp_Video_2026-08-11_at_6.55.16_AM_(1)/crop_001470.jpg
WhatsApp Video 2026-08-11 at 6.55.16 AM (1).mp4,16,Mild Steel,train,1485,24.75,464,243,150,150,314,93,614,393,300,300,55.98,4.23,TRACKED,RETAINED,data/phase2_roi_crops/retained/WhatsApp_Video_2026-08-11_at_6.55.16_AM_(1)/crop_001485.jpg
WhatsApp Video 2026-08-11 at 6.55.16 AM (1).mp4,16,Mild Steel,train,1500,25.0,464,239,150,150,314,89,614,389,300,300,76.73,12.13,TRACKED,RETAINED,data/phase2_roi_crops/retained/WhatsApp_Video_2026-08-11_at_6.55.16_AM_(1)/crop_001500.jpg
WhatsApp Video 2026-08-11 at 6.55.16 AM (1).mp4,16,Mild Steel,train,1515,25.25,466,236,150,150,316,86,616,386,300,300,54.72,15.89,TRACKED,RETAINED,data/phase2_roi_crops/retained/WhatsApp_Video_2026-08-11_at_6.55.16_AM_(1)/crop_001515.jpg
WhatsApp Video 2026-08-11 at 6.55.16 AM (1).mp4,16,Mild Steel,train,1530,25.5,466,235,150,150,316,85,616,385,300,300,50.51,7.02,TRACKED,RETAINED,data/phase2_roi_crops/retained/WhatsApp_Video_2026-08-11_at_6.55.16_AM_(1)/crop_001530.jpg
WhatsApp Video 2026-08-11 at 6.55.16 AM (1).mp4,16,Mild Steel,train,1545,25.75,462,230,150,150,312,80,612,380,300,300,45.09,11.82,TRACKED,RETAINED,data/phase2_roi_crops/retained/WhatsApp_Video_2026-08-11_at_6.55.16_AM_(1)/crop_001545.jpg
WhatsApp Video 2026-08-11 at 6.55.16 AM (1).mp4,16,Mild Steel,train,1560,26.0,465,234,150,150,315,84,615,384,300,300,46.15,5.88,TRACKED,RETAINED,data/phase2_roi_crops/retained/WhatsApp_Video_2026-08-11_at_6.55.16_AM_(1)/crop_001560.jpg
WhatsApp Video 2026-08-11 at 6.55.16 AM (1).mp4,16,Mild Steel,train,1575,26.25,464,234,150,150,314,84,614,384,300,300,46.58,9.76,TRACKED,RETAINED,data/phase2_roi_crops/retained/WhatsApp_Video_2026-08-11_at_6.55.16_AM_(1)/crop_001575.jpg
WhatsApp Video 2026-08-11 at 6.55.16 AM (1).mp4,16,Mild Steel,train,1590,26.5,458,233,150,150,308,83,608,383,300,300,44.65,6.3,TRACKED,RETAINED,data/phase2_roi_crops/retained/WhatsApp_Video_2026-08-11_at_6.55.16_AM_(1)/crop_001590.jpg
WhatsApp Video 2026-08-11 at 6.55.16 AM (1).mp4,16,Mild Steel,train,1605,26.75,462,229,150,150,312,79,612,379,300,300,47.45,9.38,TRACKED,RETAINED,data/phase2_roi_crops/retained/WhatsApp_Video_2026-08-11_at_6.55.16_AM_(1)/crop_001605.jpg
WhatsApp Video 2026-08-11 at 6.55.16 AM (1).mp4,16,Mild Steel,train,1620,27.0,459,230,150,150,309,80,609,380,300,300,42.57,3.5,TRACKED,RETAINED,data/phase2_roi_crops/retained/WhatsApp_Video_2026-08-11_at_6.55.16_AM_(1)/crop_001620.jpg
WhatsApp Video 2026-08-11 at 6.55.16 AM (1).mp4,16,Mild Steel,train,1635,27.25,459,230,150,150,309,80,609,380,300,300,48.49,2.98,TRACKED,RETAINED,data/phase2_roi_crops/retained/WhatsApp_Video_2026-08-11_at_6.55.16_AM_(1)/crop_001635.jpg
WhatsApp Video 2026-08-11 at 6.55.16 AM (1).mp4,16,Mild Steel,train,1650,27.5,459,226,150,150,309,76,609,376,300,300,39.25,5.29,TRACKED,RETAINED,data/phase2_roi_crops/retained/WhatsApp_Video_2026-08-11_at_6.55.16_AM_(1)/crop_001650.jpg
WhatsApp Video 2026-08-11 at 6.55.16 AM (1).mp4,16,Mild Steel,train,1665,27.75,464,225,150,150,314,75,614,375,300,300,47.19,13.62,TRACKED,RETAINED,data/phase2_roi_crops/retained/WhatsApp_Video_2026-08-11_at_6.55.16_AM_(1)/crop_001665.jpg
WhatsApp Video 2026-08-11 at 6.55.16 AM (1).mp4,16,Mild Steel,train,1680,28.0,466,224,150,150,316,74,616,374,300,300,47.03,8.33,TRACKED,RETAINED,data/phase2_roi_crops/retained/WhatsApp_Video_2026-08-11_at_6.55.16_AM_(1)/crop_001680.jpg
WhatsApp Video 2026-08-11 at 6.55.16 AM (1).mp4,16,Mild Steel,train,1695,28.25,464,223,150,150,314,73,614,373,300,300,49.02,14.01,TRACKED,RETAINED,data/phase2_roi_crops/retained/WhatsApp_Video_2026-08-11_at_6.55.16_AM_(1)/crop_001695.jpg
WhatsApp Video 2026-08-11 at 6.55.16 AM (1).mp4,16,Mild Steel,train,1710,28.5,464,224,150,150,314,74,614,374,300,300,51.25,10.59,TRACKED,RETAINED,data/phase2_roi_crops/retained/WhatsApp_Video_2026-08-11_at_6.55.16_AM_(1)/crop_001710.jpg
WhatsApp Video 2026-08-11 at 6.55.16 AM (1).mp4,16,Mild Steel,train,1725,28.75,461,221,150,150,311,71,611,371,300,300,56.18,6.04,TRACKED,RETAINED,data/phase2_roi_crops/retained/WhatsApp_Video_2026-08-11_at_6.55.16_AM_(1)/crop_001725.jpg
WhatsApp Video 2026-08-11 at 6.55.16 AM (1).mp4,16,Mild Steel,train,1740,29.0,460,223,150,150,310,73,610,373,300,300,49.29,4.49,TRACKED,RETAINED,data/phase2_roi_crops/retained/WhatsApp_Video_2026-08-11_at_6.55.16_AM_(1)/crop_001740.jpg
WhatsApp Video 2026-08-11 at 6.55.16 AM (1).mp4,16,Mild Steel,train,1755,29.25,461,222,150,150,311,72,611,372,300,300,51.59,5.1,TRACKED,RETAINED,data/phase2_roi_crops/retained/WhatsApp_Video_2026-08-11_at_6.55.16_AM_(1)/crop_001755.jpg
WhatsApp Video 2026-08-11 at 6.55.16 AM (1).mp4,16,Mild Steel,train,1770,29.5,461,222,150,150,311,72,611,372,300,300,52.38,5.98,TRACKED,RETAINED,data/phase2_roi_crops/retained/WhatsApp_Video_2026-08-11_at_6.55.16_AM_(1)/crop_001770.jpg
WhatsApp Video 2026-08-11 at 6.55.16 AM (1).mp4,16,Mild Steel,train,1785,29.75,461,223,150,150,311,73,611,373,300,300,51.13,5.19,TRACKED,RETAINED,data/phase2_roi_crops/retained/WhatsApp_Video_2026-08-11_at_6.55.16_AM_(1)/crop_001785.jpg
WhatsApp Video 2026-08-11 at 6.55.16 AM (1).mp4,16,Mild Steel,train,1800,30.0,465,220,150,150,315,70,615,370,300,300,101.79,20.3,TRACKED,RETAINED,data/phase2_roi_crops/retained/WhatsApp_Video_2026-08-11_at_6.55.16_AM_(1)/crop_001800.jpg
WhatsApp Video 2026-08-11 at 6.55.16 AM (1).mp4,16,Mild Steel,train,1815,30.25,465,218,150,150,315,68,615,368,300,300,60.46,9.61,TRACKED,RETAINED,data/phase2_roi_crops/retained/WhatsApp_Video_2026-08-11_at_6.55.16_AM_(1)/crop_001815.jpg
WhatsApp Video 2026-08-11 at 6.55.16 AM (1).mp4,16,Mild Steel,train,1830,30.5,464,215,150,150,314,65,614,365,300,300,59.02,12.11,TRACKED,RETAINED,data/phase2_roi_crops/retained/WhatsApp_Video_2026-08-11_at_6.55.16_AM_(1)/crop_001830.jpg
WhatsApp Video 2026-08-11 at 6.55.16 AM (1).mp4,16,Mild Steel,train,1845,30.75,462,218,150,150,312,68,612,368,300,300,58.47,12.26,TRACKED,RETAINED,data/phase2_roi_crops/retained/WhatsApp_Video_2026-08-11_at_6.55.16_AM_(1)/crop_001845.jpg
WhatsApp Video 2026-08-11 at 6.55.16 AM (1).mp4,16,Mild Steel,train,1860,31.0,463,213,150,150,313,63,613,363,300,300,52.32,4.23,TRACKED,RETAINED,data/phase2_roi_crops/retained/WhatsApp_Video_2026-08-11_at_6.55.16_AM_(1)/crop_001860.jpg
WhatsApp Video 2026-08-11 at 6.55.16 AM (1).mp4,16,Mild Steel,train,1875,31.25,465,214,150,150,315,64,615,364,300,300,52.57,11.14,TRACKED,RETAINED,data/phase2_roi_crops/retained/WhatsApp_Video_2026-08-11_at_6.55.16_AM_(1)/crop_001875.jpg
WhatsApp Video 2026-08-11 at 6.55.16 AM (1).mp4,16,Mild Steel,train,1890,31.5,466,214,150,150,316,64,616,364,300,300,58.2,12.96,TRACKED,RETAINED,data/phase2_roi_crops/retained/WhatsApp_Video_2026-08-11_at_6.55.16_AM_(1)/crop_001890.jpg
WhatsApp Video 2026-08-11 at 6.55.16 AM (1).mp4,16,Mild Steel,train,1905,31.75,462,214,150,150,312,64,612,364,300,300,51.58,16.57,TRACKED,RETAINED,data/phase2_roi_crops/retained/WhatsApp_Video_2026-08-11_at_6.55.16_AM_(1)/crop_001905.jpg
WhatsApp Video 2026-08-11 at 6.55.16 AM (1).mp4,16,Mild Steel,train,1920,32.0,464,211,150,150,314,61,614,361,300,300,58.4,14.42,TRACKED,RETAINED,data/phase2_roi_crops/retained/WhatsApp_Video_2026-08-11_at_6.55.16_AM_(1)/crop_001920.jpg
WhatsApp Video 2026-08-11 at 6.55.16 AM (1).mp4,16,Mild Steel,train,1935,32.25,461,212,150,150,311,62,611,362,300,300,55.45,20.06,TRACKED,RETAINED,data/phase2_roi_crops/retained/WhatsApp_Video_2026-08-11_at_6.55.16_AM_(1)/crop_001935.jpg
WhatsApp Video 2026-08-11 at 6.55.16 AM (1).mp4,16,Mild Steel,train,1950,32.5,462,212,150,150,312,62,612,362,300,300,52.67,16.19,TRACKED,RETAINED,data/phase2_roi_crops/retained/WhatsApp_Video_2026-08-11_at_6.55.16_AM_(1)/crop_001950.jpg
WhatsApp Video 2026-08-11 at 6.55.16 AM (1).mp4,16,Mild Steel,train,1965,32.75,464,209,150,150,314,59,614,359,300,300,53.48,8.44,TRACKED,RETAINED,data/phase2_roi_crops/retained/WhatsApp_Video_2026-08-11_at_6.55.16_AM_(1)/crop_001965.jpg
WhatsApp Video 2026-08-11 at 6.55.16 AM (1).mp4,16,Mild Steel,train,1980,33.0,461,209,150,150,311,59,611,359,300,300,58.48,12.2,TRACKED,RETAINED,data/phase2_roi_crops/retained/WhatsApp_Video_2026-08-11_at_6.55.16_AM_(1)/crop_001980.jpg
WhatsApp Video 2026-08-11 at 6.55.16 AM (1).mp4,16,Mild Steel,train,1995,33.25,462,210,150,150,312,60,612,360,300,300,49.28,11.24,TRACKED,RETAINED,data/phase2_roi_crops/retained/WhatsApp_Video_2026-08-11_at_6.55.16_AM_(1)/crop_001995.jpg
WhatsApp Video 2026-08-11 at 6.55.16 AM (1).mp4,16,Mild Steel,train,2010,33.5,461,212,150,150,311,62,611,362,300,300,51.66,19.05,TRACKED,RETAINED,data/phase2_roi_crops/retained/WhatsApp_Video_2026-08-11_at_6.55.16_AM_(1)/crop_002010.jpg
WhatsApp Video 2026-08-11 at 6.55.16 AM (1).mp4,16,Mild Steel,train,2025,33.75,459,211,150,150,309,61,609,361,300,300,47.81,4.51,TRACKED,RETAINED,data/phase2_roi_crops/retained/WhatsApp_Video_2026-08-11_at_6.55.16_AM_(1)/crop_002025.jpg
WhatsApp Video 2026-08-11 at 6.55.16 AM (1).mp4,16,Mild Steel,train,2040,34.0,461,209,150,150,311,59,611,359,300,300,46.46,3.78,TRACKED,RETAINED,data/phase2_roi_crops/retained/WhatsApp_Video_2026-08-11_at_6.55.16_AM_(1)/crop_002040.jpg
WhatsApp Video 2026-08-11 at 6.55.16 AM (1).mp4,16,Mild Steel,train,2055,34.25,461,214,150,150,311,64,611,364,300,300,42.3,4.73,TRACKED,RETAINED,data/phase2_roi_crops/retained/WhatsApp_Video_2026-08-11_at_6.55.16_AM_(1)/crop_002055.jpg
WhatsApp Video 2026-08-11 at 6.55.16 AM (1).mp4,16,Mild Steel,train,2070,34.5,464,210,150,150,314,60,614,360,300,300,45.71,2.79,TRACKED,RETAINED,data/phase2_roi_crops/retained/WhatsApp_Video_2026-08-11_at_6.55.16_AM_(1)/crop_002070.jpg
WhatsApp Video 2026-08-11 at 6.55.16 AM (1).mp4,16,Mild Steel,train,2085,34.75,460,213,150,150,310,63,610,363,300,300,47.4,11.85,TRACKED,RETAINED,data/phase2_roi_crops/retained/WhatsApp_Video_2026-08-11_at_6.55.16_AM_(1)/crop_002085.jpg
WhatsApp Video 2026-08-11 at 6.55.16 AM (1).mp4,16,Mild Steel,train,2100,35.0,460,212,150,150,310,62,610,362,300,300,93.28,8.41,TRACKED,RETAINED,data/phase2_roi_crops/retained/WhatsApp_Video_2026-08-11_at_6.55.16_AM_(1)/crop_002100.jpg
WhatsApp Video 2026-08-11 at 6.55.16 AM (1).mp4,16,Mild Steel,train,2115,35.25,463,215,150,150,313,65,613,365,300,300,61.37,14.9,TRACKED,RETAINED,data/phase2_roi_crops/retained/WhatsApp_Video_2026-08-11_at_6.55.16_AM_(1)/crop_002115.jpg
WhatsApp Video 2026-08-11 at 6.55.16 AM (1).mp4,16,Mild Steel,train,2130,35.5,465,217,150,150,315,67,615,367,300,300,67.78,11.88,TRACKED,RETAINED,data/phase2_roi_crops/retained/WhatsApp_Video_2026-08-11_at_6.55.16_AM_(1)/crop_002130.jpg
WhatsApp Video 2026-08-11 at 6.55.16 AM (1).mp4,16,Mild Steel,train,2145,35.75,462,214,150,150,312,64,612,364,300,300,56.63,17.93,TRACKED,RETAINED,data/phase2_roi_crops/retained/WhatsApp_Video_2026-08-11_at_6.55.16_AM_(1)/crop_002145.jpg
WhatsApp Video 2026-08-11 at 6.55.16 AM (1).mp4,16,Mild Steel,train,2160,36.0,462,216,150,150,312,66,612,366,300,300,52.09,17.91,TRACKED,RETAINED,data/phase2_roi_crops/retained/WhatsApp_Video_2026-08-11_at_6.55.16_AM_(1)/crop_002160.jpg
WhatsApp Video 2026-08-11 at 6.55.16 AM (1).mp4,16,Mild Steel,train,2175,36.25,458,216,150,150,308,66,608,366,300,300,59.73,6.21,TRACKED,RETAINED,data/phase2_roi_crops/retained/WhatsApp_Video_2026-08-11_at_6.55.16_AM_(1)/crop_002175.jpg
WhatsApp Video 2026-08-11 at 6.55.16 AM (1).mp4,16,Mild Steel,train,2190,36.5,459,220,150,150,309,70,609,370,300,300,53.31,14.45,TRACKED,RETAINED,data/phase2_roi_crops/retained/WhatsApp_Video_2026-08-11_at_6.55.16_AM_(1)/crop_002190.jpg
WhatsApp Video 2026-08-11 at 6.55.16 AM (1).mp4,16,Mild Steel,train,2205,36.75,461,218,150,150,311,68,611,368,300,300,51.88,17.96,TRACKED,RETAINED,data/phase2_roi_crops/retained/WhatsApp_Video_2026-08-11_at_6.55.16_AM_(1)/crop_002205.jpg
WhatsApp Video 2026-08-11 at 6.55.16 AM (1).mp4,16,Mild Steel,train,2220,37.0,459,220,150,150,309,70,609,370,300,300,57.92,5.63,TRACKED,RETAINED,data/phase2_roi_crops/retained/WhatsApp_Video_2026-08-11_at_6.55.16_AM_(1)/crop_002220.jpg
WhatsApp Video 2026-08-11 at 6.55.16 AM (1).mp4,16,Mild Steel,train,2235,37.25,459,217,150,150,309,67,609,367,300,300,62.44,7.48,TRACKED,RETAINED,data/phase2_roi_crops/retained/WhatsApp_Video_2026-08-11_at_6.55.16_AM_(1)/crop_002235.jpg
WhatsApp Video 2026-08-11 at 6.55.16 AM (1).mp4,16,Mild Steel,train,2250,37.5,458,219,150,150,308,69,608,369,300,300,50.15,7.13,TRACKED,RETAINED,data/phase2_roi_crops/retained/WhatsApp_Video_2026-08-11_at_6.55.16_AM_(1)/crop_002250.jpg
WhatsApp Video 2026-08-11 at 6.55.16 AM (1).mp4,16,Mild Steel,train,2265,37.75,457,220,150,150,307,70,607,370,300,300,70.55,4.32,TRACKED,RETAINED,data/phase2_roi_crops/retained/WhatsApp_Video_2026-08-11_at_6.55.16_AM_(1)/crop_002265.jpg
WhatsApp Video 2026-08-11 at 6.55.16 AM (1).mp4,16,Mild Steel,train,2280,38.0,457,220,150,150,307,70,607,370,300,300,65.47,8.68,TRACKED,RETAINED,data/phase2_roi_crops/retained/WhatsApp_Video_2026-08-11_at_6.55.16_AM_(1)/crop_002280.jpg
WhatsApp Video 2026-08-11 at 6.55.16 AM (1).mp4,16,Mild Steel,train,2295,38.25,455,219,150,150,305,69,605,369,300,300,55.54,4.43,TRACKED,RETAINED,data/phase2_roi_crops/retained/WhatsApp_Video_2026-08-11_at_6.55.16_AM_(1)/crop_002295.jpg
WhatsApp Video 2026-08-11 at 6.55.16 AM (1).mp4,16,Mild Steel,train,2310,38.5,460,221,150,150,310,71,610,371,300,300,60.29,6.26,TRACKED,RETAINED,data/phase2_roi_crops/retained/WhatsApp_Video_2026-08-11_at_6.55.16_AM_(1)/crop_002310.jpg
WhatsApp Video 2026-08-11 at 6.55.16 AM (1).mp4,16,Mild Steel,train,2325,38.75,459,222,150,150,309,72,609,372,300,300,54.54,3.49,TRACKED,RETAINED,data/phase2_roi_crops/retained/WhatsApp_Video_2026-08-11_at_6.55.16_AM_(1)/crop_002325.jpg
WhatsApp Video 2026-08-11 at 6.55.16 AM (1).mp4,16,Mild Steel,train,2340,39.0,464,223,150,150,314,73,614,373,300,300,66.13,3.96,TRACKED,RETAINED,data/phase2_roi_crops/retained/WhatsApp_Video_2026-08-11_at_6.55.16_AM_(1)/crop_002340.jpg
WhatsApp Video 2026-08-11 at 6.55.16 AM (1).mp4,16,Mild Steel,train,2355,39.25,458,222,150,150,308,72,608,372,300,300,58.65,8.02,TRACKED,RETAINED,data/phase2_roi_crops/retained/WhatsApp_Video_2026-08-11_at_6.55.16_AM_(1)/crop_002355.jpg
WhatsApp Video 2026-08-11 at 6.55.16 AM (1).mp4,16,Mild Steel,train,2370,39.5,464,224,150,150,314,74,614,374,300,300,55.55,14.82,TRACKED,RETAINED,data/phase2_roi_crops/retained/WhatsApp_Video_2026-08-11_at_6.55.16_AM_(1)/crop_002370.jpg
WhatsApp Video 2026-08-11 at 6.55.16 AM (1).mp4,16,Mild Steel,train,2385,39.75,457,224,150,150,307,74,607,374,300,300,62.37,16.15,TRACKED,RETAINED,data/phase2_roi_crops/retained/WhatsApp_Video_2026-08-11_at_6.55.16_AM_(1)/crop_002385.jpg
WhatsApp Video 2026-08-11 at 6.55.16 AM (1).mp4,16,Mild Steel,train,2400,40.0,460,225,150,150,310,75,610,375,300,300,103.52,4.84,TRACKED,RETAINED,data/phase2_roi_crops/retained/WhatsApp_Video_2026-08-11_at_6.55.16_AM_(1)/crop_002400.jpg
WhatsApp Video 2026-08-11 at 6.55.16 AM (1).mp4,16,Mild Steel,train,2415,40.25,457,223,150,150,307,73,607,373,300,300,55.31,3.32,TRACKED,RETAINED,data/phase2_roi_crops/retained/WhatsApp_Video_2026-08-11_at_6.55.16_AM_(1)/crop_002415.jpg
WhatsApp Video 2026-08-11 at 6.55.16 AM (1).mp4,16,Mild Steel,train,2430,40.5,460,224,150,150,310,74,610,374,300,300,52.78,4.09,TRACKED,RETAINED,data/phase2_roi_crops/retained/WhatsApp_Video_2026-08-11_at_6.55.16_AM_(1)/crop_002430.jpg
WhatsApp Video 2026-08-11 at 6.55.16 AM (1).mp4,16,Mild Steel,train,2445,40.75,460,223,150,150,310,73,610,373,300,300,47.68,3.0,TRACKED,RETAINED,data/phase2_roi_crops/retained/WhatsApp_Video_2026-08-11_at_6.55.16_AM_(1)/crop_002445.jpg
WhatsApp Video 2026-08-11 at 6.55.16 AM (1).mp4,16,Mild Steel,train,2460,41.0,457,226,150,150,307,76,607,376,300,300,55.62,12.08,TRACKED,RETAINED,data/phase2_roi_crops/retained/WhatsApp_Video_2026-08-11_at_6.55.16_AM_(1)/crop_002460.jpg
WhatsApp Video 2026-08-11 at 6.55.16 AM (1).mp4,16,Mild Steel,train,2475,41.25,458,228,150,150,308,78,608,378,300,300,60.49,3.04,TRACKED,RETAINED,data/phase2_roi_crops/retained/WhatsApp_Video_2026-08-11_at_6.55.16_AM_(1)/crop_002475.jpg
WhatsApp Video 2026-08-11 at 6.55.16 AM (1).mp4,16,Mild Steel,train,2490,41.5,454,226,150,150,304,76,604,376,300,300,64.54,6.04,TRACKED,RETAINED,data/phase2_roi_crops/retained/WhatsApp_Video_2026-08-11_at_6.55.16_AM_(1)/crop_002490.jpg
WhatsApp Video 2026-08-11 at 6.55.16 AM (1).mp4,16,Mild Steel,train,2505,41.75,459,226,150,150,309,76,609,376,300,300,61.75,14.12,TRACKED,RETAINED,data/phase2_roi_crops/retained/WhatsApp_Video_2026-08-11_at_6.55.16_AM_(1)/crop_002505.jpg
WhatsApp Video 2026-08-11 at 6.55.16 AM (1).mp4,16,Mild Steel,train,2520,42.0,457,225,150,150,307,75,607,375,300,300,49.51,8.23,TRACKED,RETAINED,data/phase2_roi_crops/retained/WhatsApp_Video_2026-08-11_at_6.55.16_AM_(1)/crop_002520.jpg
WhatsApp Video 2026-08-11 at 6.55.16 AM (1).mp4,16,Mild Steel,train,2535,42.25,456,229,150,150,306,79,606,379,300,300,52.77,15.7,TRACKED,RETAINED,data/phase2_roi_crops/retained/WhatsApp_Video_2026-08-11_at_6.55.16_AM_(1)/crop_002535.jpg
WhatsApp Video 2026-08-11 at 6.55.16 AM (1).mp4,16,Mild Steel,train,2550,42.5,460,228,150,150,310,78,610,378,300,300,57.14,7.89,TRACKED,RETAINED,data/phase2_roi_crops/retained/WhatsApp_Video_2026-08-11_at_6.55.16_AM_(1)/crop_002550.jpg
WhatsApp Video 2026-08-11 at 6.55.16 AM (1).mp4,16,Mild Steel,train,2565,42.75,459,229,150,150,309,79,609,379,300,300,53.04,6.7,TRACKED,RETAINED,data/phase2_roi_crops/retained/WhatsApp_Video_2026-08-11_at_6.55.16_AM_(1)/crop_002565.jpg
WhatsApp Video 2026-08-11 at 6.55.16 AM (1).mp4,16,Mild Steel,train,2580,43.0,460,230,150,150,310,80,610,380,300,300,60.59,3.8,TRACKED,RETAINED,data/phase2_roi_crops/retained/WhatsApp_Video_2026-08-11_at_6.55.16_AM_(1)/crop_002580.jpg
WhatsApp Video 2026-08-11 at 6.55.16 AM (1).mp4,16,Mild Steel,train,2595,43.25,455,232,150,150,305,82,605,382,300,300,63.93,14.01,TRACKED,RETAINED,data/phase2_roi_crops/retained/WhatsApp_Video_2026-08-11_at_6.55.16_AM_(1)/crop_002595.jpg
WhatsApp Video 2026-08-11 at 6.55.16 AM (1).mp4,16,Mild Steel,train,2610,43.5,455,232,150,150,305,82,605,382,300,300,57.48,6.21,TRACKED,RETAINED,data/phase2_roi_crops/retained/WhatsApp_Video_2026-08-11_at_6.55.16_AM_(1)/crop_002610.jpg
WhatsApp Video 2026-08-11 at 6.55.16 AM (1).mp4,16,Mild Steel,train,2625,43.75,455,232,150,150,305,82,605,382,300,300,50.96,8.79,TRACKED,RETAINED,data/phase2_roi_crops/retained/WhatsApp_Video_2026-08-11_at_6.55.16_AM_(1)/crop_002625.jpg
WhatsApp Video 2026-08-11 at 6.55.16 AM (1).mp4,16,Mild Steel,train,2640,44.0,460,234,150,150,310,84,610,384,300,300,56.04,10.68,TRACKED,RETAINED,data/phase2_roi_crops/retained/WhatsApp_Video_2026-08-11_at_6.55.16_AM_(1)/crop_002640.jpg
WhatsApp Video 2026-08-11 at 6.55.16 AM (1).mp4,16,Mild Steel,train,2655,44.25,456,235,150,150,306,85,606,385,300,300,65.06,13.56,TRACKED,RETAINED,data/phase2_roi_crops/retained/WhatsApp_Video_2026-08-11_at_6.55.16_AM_(1)/crop_002655.jpg
WhatsApp Video 2026-08-11 at 6.55.16 AM (1).mp4,16,Mild Steel,train,2670,44.5,456,235,150,150,306,85,606,385,300,300,55.58,5.82,TRACKED,RETAINED,data/phase2_roi_crops/retained/WhatsApp_Video_2026-08-11_at_6.55.16_AM_(1)/crop_002670.jpg
WhatsApp Video 2026-08-11 at 6.55.16 AM (1).mp4,16,Mild Steel,train,2685,44.75,454,236,150,150,304,86,604,386,300,300,55.86,9.63,TRACKED,RETAINED,data/phase2_roi_crops/retained/WhatsApp_Video_2026-08-11_at_6.55.16_AM_(1)/crop_002685.jpg
WhatsApp Video 2026-08-11 at 6.55.16 AM (1).mp4,16,Mild Steel,train,2700,45.0,456,236,150,150,306,86,606,386,300,300,98.47,7.63,TRACKED,RETAINED,data/phase2_roi_crops/retained/WhatsApp_Video_2026-08-11_at_6.55.16_AM_(1)/crop_002700.jpg
WhatsApp Video 2026-08-11 at 6.55.16 AM (1).mp4,16,Mild Steel,train,2715,45.25,454,237,150,150,304,87,604,387,300,300,52.84,14.88,TRACKED,RETAINED,data/phase2_roi_crops/retained/WhatsApp_Video_2026-08-11_at_6.55.16_AM_(1)/crop_002715.jpg
WhatsApp Video 2026-08-11 at 6.55.16 AM (1).mp4,16,Mild Steel,train,2730,45.5,456,237,150,150,306,87,606,387,300,300,59.47,4.85,TRACKED,RETAINED,data/phase2_roi_crops/retained/WhatsApp_Video_2026-08-11_at_6.55.16_AM_(1)/crop_002730.jpg
WhatsApp Video 2026-08-11 at 6.55.16 AM (1).mp4,16,Mild Steel,train,2745,45.75,454,237,150,150,304,87,604,387,300,300,66.24,17.92,TRACKED,RETAINED,data/phase2_roi_crops/retained/WhatsApp_Video_2026-08-11_at_6.55.16_AM_(1)/crop_002745.jpg
WhatsApp Video 2026-08-11 at 6.55.16 AM (1).mp4,16,Mild Steel,train,2760,46.0,454,241,150,150,304,91,604,391,300,300,54.47,5.62,TRACKED,RETAINED,data/phase2_roi_crops/retained/WhatsApp_Video_2026-08-11_at_6.55.16_AM_(1)/crop_002760.jpg
WhatsApp Video 2026-08-11 at 6.55.16 AM (1).mp4,16,Mild Steel,train,2775,46.25,454,238,150,150,304,88,604,388,300,300,65.72,15.72,TRACKED,RETAINED,data/phase2_roi_crops/retained/WhatsApp_Video_2026-08-11_at_6.55.16_AM_(1)/crop_002775.jpg
WhatsApp Video 2026-08-11 at 6.55.16 AM (1).mp4,16,Mild Steel,train,2790,46.5,453,239,150,150,303,89,603,389,300,300,54.48,6.05,TRACKED,RETAINED,data/phase2_roi_crops/retained/WhatsApp_Video_2026-08-11_at_6.55.16_AM_(1)/crop_002790.jpg
WhatsApp Video 2026-08-11 at 6.55.16 AM (1).mp4,16,Mild Steel,train,2805,46.75,453,238,150,150,303,88,603,388,300,300,43.72,8.3,TRACKED,RETAINED,data/phase2_roi_crops/retained/WhatsApp_Video_2026-08-11_at_6.55.16_AM_(1)/crop_002805.jpg
WhatsApp Video 2026-08-11 at 6.55.16 AM (1).mp4,16,Mild Steel,train,2820,47.0,453,240,150,150,303,90,603,390,300,300,53.86,13.98,TRACKED,RETAINED,data/phase2_roi_crops/retained/WhatsApp_Video_2026-08-11_at_6.55.16_AM_(1)/crop_002820.jpg
WhatsApp Video 2026-08-11 at 6.55.16 AM (1).mp4,16,Mild Steel,train,2835,47.25,454,241,150,150,304,91,604,391,300,300,47.66,8.9,TRACKED,RETAINED,data/phase2_roi_crops/retained/WhatsApp_Video_2026-08-11_at_6.55.16_AM_(1)/crop_002835.jpg
WhatsApp Video 2026-08-11 at 6.55.16 AM (1).mp4,16,Mild Steel,train,2850,47.5,455,240,150,150,305,90,605,390,300,300,48.19,10.19,TRACKED,RETAINED,data/phase2_roi_crops/retained/WhatsApp_Video_2026-08-11_at_6.55.16_AM_(1)/crop_002850.jpg
WhatsApp Video 2026-08-11 at 6.55.16 AM (1).mp4,16,Mild Steel,train,2865,47.75,457,238,150,150,307,88,607,388,300,300,44.77,6.39,TRACKED,RETAINED,data/phase2_roi_crops/retained/WhatsApp_Video_2026-08-11_at_6.55.16_AM_(1)/crop_002865.jpg
WhatsApp Video 2026-08-11 at 6.55.16 AM (1).mp4,16,Mild Steel,train,2880,48.0,454,240,150,150,304,90,604,390,300,300,40.2,3.03,TRACKED,RETAINED,data/phase2_roi_crops/retained/WhatsApp_Video_2026-08-11_at_6.55.16_AM_(1)/crop_002880.jpg
WhatsApp Video 2026-08-11 at 6.55.16 AM (1).mp4,16,Mild Steel,train,2895,48.25,454,244,150,150,304,94,604,394,300,300,44.28,5.46,TRACKED,RETAINED,data/phase2_roi_crops/retained/WhatsApp_Video_2026-08-11_at_6.55.16_AM_(1)/crop_002895.jpg
WhatsApp Video 2026-08-11 at 6.55.16 AM (1).mp4,16,Mild Steel,train,2910,48.5,452,246,150,150,302,96,602,396,300,300,56.26,15.03,TRACKED,RETAINED,data/phase2_roi_crops/retained/WhatsApp_Video_2026-08-11_at_6.55.16_AM_(1)/crop_002910.jpg
WhatsApp Video 2026-08-11 at 6.55.16 AM (1).mp4,16,Mild Steel,train,2925,48.75,454,241,150,150,304,91,604,391,300,300,53.63,8.32,TRACKED,RETAINED,data/phase2_roi_crops/retained/WhatsApp_Video_2026-08-11_at_6.55.16_AM_(1)/crop_002925.jpg
WhatsApp Video 2026-08-11 at 6.55.16 AM (1).mp4,16,Mild Steel,train,2940,49.0,459,242,150,150,309,92,609,392,300,300,53.92,4.65,TRACKED,RETAINED,data/phase2_roi_crops/retained/WhatsApp_Video_2026-08-11_at_6.55.16_AM_(1)/crop_002940.jpg
WhatsApp Video 2026-08-11 at 6.55.16 AM (1).mp4,16,Mild Steel,train,2955,49.25,451,241,150,150,301,91,601,391,300,300,56.5,18.1,TRACKED,RETAINED,data/phase2_roi_crops/retained/WhatsApp_Video_2026-08-11_at_6.55.16_AM_(1)/crop_002955.jpg
WhatsApp Video 2026-08-11 at 6.55.16 AM (1).mp4,16,Mild Steel,train,2970,49.5,452,243,150,150,302,93,602,393,300,300,50.78,16.5,TRACKED,RETAINED,data/phase2_roi_crops/retained/WhatsApp_Video_2026-08-11_at_6.55.16_AM_(1)/crop_002970.jpg
WhatsApp Video 2026-08-11 at 6.55.16 AM (1).mp4,16,Mild Steel,train,2985,49.75,452,245,150,150,302,95,602,395,300,300,47.56,17.89,TRACKED,RETAINED,data/phase2_roi_crops/retained/WhatsApp_Video_2026-08-11_at_6.55.16_AM_(1)/crop_002985.jpg
WhatsApp Video 2026-08-11 at 6.55.16 AM (1).mp4,16,Mild Steel,train,3000,50.0,454,245,150,150,304,95,604,395,300,300,123.09,21.7,TRACKED,RETAINED,data/phase2_roi_crops/retained/WhatsApp_Video_2026-08-11_at_6.55.16_AM_(1)/crop_003000.jpg
WhatsApp Video 2026-08-11 at 6.55.16 AM (1).mp4,16,Mild Steel,train,3015,50.25,457,242,150,150,307,92,607,392,300,300,84.55,6.61,TRACKED,RETAINED,data/phase2_roi_crops/retained/WhatsApp_Video_2026-08-11_at_6.55.16_AM_(1)/crop_003015.jpg
WhatsApp Video 2026-08-11 at 6.55.16 AM (1).mp4,16,Mild Steel,train,3030,50.5,454,246,150,150,304,96,604,396,300,300,79.77,18.36,TRACKED,RETAINED,data/phase2_roi_crops/retained/WhatsApp_Video_2026-08-11_at_6.55.16_AM_(1)/crop_003030.jpg
WhatsApp Video 2026-08-11 at 6.55.16 AM (1).mp4,16,Mild Steel,train,3045,50.75,450,246,150,150,300,96,600,396,300,300,69.51,11.56,TRACKED,RETAINED,data/phase2_roi_crops/retained/WhatsApp_Video_2026-08-11_at_6.55.16_AM_(1)/crop_003045.jpg
WhatsApp Video 2026-08-11 at 6.55.16 AM (1).mp4,16,Mild Steel,train,3060,51.0,446,247,150,150,296,97,596,397,300,300,62.48,5.83,TRACKED,RETAINED,data/phase2_roi_crops/retained/WhatsApp_Video_2026-08-11_at_6.55.16_AM_(1)/crop_003060.jpg
WhatsApp Video 2026-08-11 at 6.55.16 AM (1).mp4,16,Mild Steel,train,3075,51.25,450,248,150,150,300,98,600,398,300,300,67.22,13.69,TRACKED,RETAINED,data/phase2_roi_crops/retained/WhatsApp_Video_2026-08-11_at_6.55.16_AM_(1)/crop_003075.jpg
WhatsApp Video 2026-08-11 at 6.55.16 AM (1).mp4,16,Mild Steel,train,3090,51.5,451,250,150,150,301,100,601,400,300,300,68.75,2.88,TRACKED,RETAINED,data/phase2_roi_crops/retained/WhatsApp_Video_2026-08-11_at_6.55.16_AM_(1)/crop_003090.jpg
WhatsApp Video 2026-08-11 at 6.55.16 AM (1).mp4,16,Mild Steel,train,3105,51.75,447,250,150,150,297,100,597,400,300,300,75.73,4.75,TRACKED,RETAINED,data/phase2_roi_crops/retained/WhatsApp_Video_2026-08-11_at_6.55.16_AM_(1)/crop_003105.jpg
WhatsApp Video 2026-08-11 at 6.55.16 AM (1).mp4,16,Mild Steel,train,3120,52.0,445,251,150,150,295,101,595,401,300,300,75.55,3.84,TRACKED,RETAINED,data/phase2_roi_crops/retained/WhatsApp_Video_2026-08-11_at_6.55.16_AM_(1)/crop_003120.jpg
WhatsApp Video 2026-08-11 at 6.55.16 AM (1).mp4,16,Mild Steel,train,3135,52.25,446,249,150,150,296,99,596,399,300,300,70.77,12.62,TRACKED,RETAINED,data/phase2_roi_crops/retained/WhatsApp_Video_2026-08-11_at_6.55.16_AM_(1)/crop_003135.jpg
WhatsApp Video 2026-08-11 at 6.55.16 AM (1).mp4,16,Mild Steel,train,3150,52.5,444,248,150,150,294,98,594,398,300,300,77.12,3.58,TRACKED,RETAINED,data/phase2_roi_crops/retained/WhatsApp_Video_2026-08-11_at_6.55.16_AM_(1)/crop_003150.jpg
WhatsApp Video 2026-08-11 at 6.55.16 AM (1).mp4,16,Mild Steel,train,3165,52.75,442,250,150,150,292,100,592,400,300,300,70.03,5.07,TRACKED,RETAINED,data/phase2_roi_crops/retained/WhatsApp_Video_2026-08-11_at_6.55.16_AM_(1)/crop_003165.jpg
WhatsApp Video 2026-08-11 at 6.55.16 AM (1).mp4,16,Mild Steel,train,3180,53.0,445,250,150,150,295,100,595,400,300,300,79.8,6.15,TRACKED,RETAINED,data/phase2_roi_crops/retained/WhatsApp_Video_2026-08-11_at_6.55.16_AM_(1)/crop_003180.jpg
WhatsApp Video 2026-08-11 at 6.55.16 AM (1).mp4,16,Mild Steel,train,3195,53.25,446,247,150,150,296,97,596,397,300,300,72.89,4.75,TRACKED,RETAINED,data/phase2_roi_crops/retained/WhatsApp_Video_2026-08-11_at_6.55.16_AM_(1)/crop_003195.jpg
WhatsApp Video 2026-08-11 at 6.55.16 AM (1).mp4,16,Mild Steel,train,3210,53.5,444,252,150,150,294,102,594,402,300,300,73.61,11.5,TRACKED,RETAINED,data/phase2_roi_crops/retained/WhatsApp_Video_2026-08-11_at_6.55.16_AM_(1)/crop_003210.jpg
WhatsApp Video 2026-08-11 at 6.55.16 AM (1).mp4,16,Mild Steel,train,3225,53.75,439,249,150,150,289,99,589,399,300,300,73.02,9.54,TRACKED,RETAINED,data/phase2_roi_crops/retained/WhatsApp_Video_2026-08-11_at_6.55.16_AM_(1)/crop_003225.jpg
WhatsApp Video 2026-08-11 at 6.55.16 AM (1).mp4,16,Mild Steel,train,3240,54.0,437,249,150,150,287,99,587,399,300,300,84.02,9.92,TRACKED,RETAINED,data/phase2_roi_crops/retained/WhatsApp_Video_2026-08-11_at_6.55.16_AM_(1)/crop_003240.jpg
WhatsApp Video 2026-08-11 at 6.55.16 AM (1).mp4,16,Mild Steel,train,3255,54.25,438,248,150,150,288,98,588,398,300,300,71.39,5.38,TRACKED,RETAINED,data/phase2_roi_crops/retained/WhatsApp_Video_2026-08-11_at_6.55.16_AM_(1)/crop_003255.jpg
WhatsApp Video 2026-08-11 at 6.55.16 AM (1).mp4,16,Mild Steel,train,3270,54.5,438,247,150,150,288,97,588,397,300,300,77.54,6.32,TRACKED,RETAINED,data/phase2_roi_crops/retained/WhatsApp_Video_2026-08-11_at_6.55.16_AM_(1)/crop_003270.jpg
WhatsApp Video 2026-08-11 at 6.55.16 AM (1).mp4,16,Mild Steel,train,3285,54.75,434,247,150,150,284,97,584,397,300,300,70.58,5.36,TRACKED,RETAINED,data/phase2_roi_crops/retained/WhatsApp_Video_2026-08-11_at_6.55.16_AM_(1)/crop_003285.jpg
WhatsApp Video 2026-08-11 at 6.55.16 AM (1).mp4,16,Mild Steel,train,3300,55.0,435,254,150,150,285,104,585,404,300,300,140.86,13.54,TRACKED,RETAINED,data/phase2_roi_crops/retained/WhatsApp_Video_2026-08-11_at_6.55.16_AM_(1)/crop_003300.jpg
WhatsApp Video 2026-08-11 at 6.55.16 AM (1).mp4,16,Mild Steel,train,3315,55.25,429,254,150,150,279,104,579,404,300,300,72.06,11.57,TRACKED,RETAINED,data/phase2_roi_crops/retained/WhatsApp_Video_2026-08-11_at_6.55.16_AM_(1)/crop_003315.jpg
WhatsApp Video 2026-08-11 at 6.55.16 AM (1).mp4,16,Mild Steel,train,3330,55.5,431,252,150,150,281,102,581,402,300,300,76.57,20.1,TRACKED,RETAINED,data/phase2_roi_crops/retained/WhatsApp_Video_2026-08-11_at_6.55.16_AM_(1)/crop_003330.jpg
WhatsApp Video 2026-08-11 at 6.55.16 AM (1).mp4,16,Mild Steel,train,3345,55.75,429,255,150,150,279,105,579,405,300,300,85.86,5.36,TRACKED,RETAINED,data/phase2_roi_crops/retained/WhatsApp_Video_2026-08-11_at_6.55.16_AM_(1)/crop_003345.jpg
WhatsApp Video 2026-08-11 at 6.55.16 AM (1).mp4,16,Mild Steel,train,3360,56.0,434,252,150,150,284,102,584,402,300,300,80.86,6.3,TRACKED,RETAINED,data/phase2_roi_crops/retained/WhatsApp_Video_2026-08-11_at_6.55.16_AM_(1)/crop_003360.jpg
WhatsApp Video 2026-08-11 at 6.55.16 AM (1).mp4,16,Mild Steel,train,3375,56.25,432,256,150,150,282,106,582,406,300,300,76.53,8.54,TRACKED,RETAINED,data/phase2_roi_crops/retained/WhatsApp_Video_2026-08-11_at_6.55.16_AM_(1)/crop_003375.jpg
WhatsApp Video 2026-08-11 at 6.55.16 AM (1).mp4,16,Mild Steel,train,3390,56.5,432,255,150,150,282,105,582,405,300,300,81.97,13.26,TRACKED,RETAINED,data/phase2_roi_crops/retained/WhatsApp_Video_2026-08-11_at_6.55.16_AM_(1)/crop_003390.jpg
WhatsApp Video 2026-08-11 at 6.55.16 AM (1).mp4,16,Mild Steel,train,3405,56.75,429,255,150,150,279,105,579,405,300,300,77.5,18.24,TRACKED,RETAINED,data/phase2_roi_crops/retained/WhatsApp_Video_2026-08-11_at_6.55.16_AM_(1)/crop_003405.jpg
WhatsApp Video 2026-08-11 at 6.55.16 AM (1).mp4,16,Mild Steel,train,3420,57.0,426,254,150,150,276,104,576,404,300,300,70.24,16.79,TRACKED,RETAINED,data/phase2_roi_crops/retained/WhatsApp_Video_2026-08-11_at_6.55.16_AM_(1)/crop_003420.jpg
WhatsApp Video 2026-08-11 at 6.55.16 AM (1).mp4,16,Mild Steel,train,3435,57.25,423,255,150,150,273,105,573,405,300,300,90.94,12.12,TRACKED,RETAINED,data/phase2_roi_crops/retained/WhatsApp_Video_2026-08-11_at_6.55.16_AM_(1)/crop_003435.jpg
WhatsApp Video 2026-08-11 at 6.55.16 AM (1).mp4,16,Mild Steel,train,3450,57.5,427,251,150,150,277,101,577,401,300,300,83.8,18.91,TRACKED,RETAINED,data/phase2_roi_crops/retained/WhatsApp_Video_2026-08-11_at_6.55.16_AM_(1)/crop_003450.jpg
WhatsApp Video 2026-08-11 at 6.55.16 AM (1).mp4,16,Mild Steel,train,3465,57.75,423,255,150,150,273,105,573,405,300,300,71.31,8.65,TRACKED,RETAINED,data/phase2_roi_crops/retained/WhatsApp_Video_2026-08-11_at_6.55.16_AM_(1)/crop_003465.jpg
WhatsApp Video 2026-08-11 at 6.55.16 AM (1).mp4,16,Mild Steel,train,3480,58.0,422,257,150,150,272,107,572,407,300,300,69.61,3.15,TRACKED,RETAINED,data/phase2_roi_crops/retained/WhatsApp_Video_2026-08-11_at_6.55.16_AM_(1)/crop_003480.jpg
WhatsApp Video 2026-08-11 at 6.55.16 AM (1).mp4,16,Mild Steel,train,3495,58.25,420,256,150,150,270,106,570,406,300,300,64.56,6.94,TRACKED,RETAINED,data/phase2_roi_crops/retained/WhatsApp_Video_2026-08-11_at_6.55.16_AM_(1)/crop_003495.jpg
WhatsApp Video 2026-08-11 at 6.55.16 AM (1).mp4,16,Mild Steel,train,3510,58.5,420,254,150,150,270,104,570,404,300,300,75.29,12.12,TRACKED,RETAINED,data/phase2_roi_crops/retained/WhatsApp_Video_2026-08-11_at_6.55.16_AM_(1)/crop_003510.jpg
WhatsApp Video 2026-08-11 at 6.55.16 AM (1).mp4,16,Mild Steel,train,3525,58.75,418,255,150,150,268,105,568,405,300,300,76.78,10.37,TRACKED,RETAINED,data/phase2_roi_crops/retained/WhatsApp_Video_2026-08-11_at_6.55.16_AM_(1)/crop_003525.jpg
WhatsApp Video 2026-08-11 at 6.55.16 AM (1).mp4,16,Mild Steel,train,3540,59.0,418,257,150,150,268,107,568,407,300,300,82.36,10.37,TRACKED,RETAINED,data/phase2_roi_crops/retained/WhatsApp_Video_2026-08-11_at_6.55.16_AM_(1)/crop_003540.jpg
WhatsApp Video 2026-08-11 at 6.55.16 AM (1).mp4,16,Mild Steel,train,3555,59.25,416,253,150,150,266,103,566,403,300,300,76.95,4.54,TRACKED,RETAINED,data/phase2_roi_crops/retained/WhatsApp_Video_2026-08-11_at_6.55.16_AM_(1)/crop_003555.jpg
WhatsApp Video 2026-08-11 at 6.55.16 AM (1).mp4,16,Mild Steel,train,3570,59.5,415,257,150,150,265,107,565,407,300,300,76.23,13.78,TRACKED,RETAINED,data/phase2_roi_crops/retained/WhatsApp_Video_2026-08-11_at_6.55.16_AM_(1)/crop_003570.jpg
WhatsApp Video 2026-08-11 at 6.55.16 AM (1).mp4,16,Mild Steel,train,3585,59.75,414,261,150,150,264,111,564,411,300,300,72.68,19.24,TRACKED,RETAINED,data/phase2_roi_crops/retained/WhatsApp_Video_2026-08-11_at_6.55.16_AM_(1)/crop_003585.jpg
WhatsApp Video 2026-08-11 at 6.55.16 AM (1).mp4,16,Mild Steel,train,3600,60.0,415,260,150,150,265,110,565,410,300,300,138.84,11.04,TRACKED,RETAINED,data/phase2_roi_crops/retained/WhatsApp_Video_2026-08-11_at_6.55.16_AM_(1)/crop_003600.jpg
WhatsApp Video 2026-08-11 at 6.55.16 AM (1).mp4,16,Mild Steel,train,3615,60.25,415,258,150,150,265,108,565,408,300,300,84.55,9.04,TRACKED,RETAINED,data/phase2_roi_crops/retained/WhatsApp_Video_2026-08-11_at_6.55.16_AM_(1)/crop_003615.jpg
WhatsApp Video 2026-08-11 at 6.55.16 AM (1).mp4,16,Mild Steel,train,3630,60.5,414,261,150,150,264,111,564,411,300,300,85.41,3.68,TRACKED,RETAINED,data/phase2_roi_crops/retained/WhatsApp_Video_2026-08-11_at_6.55.16_AM_(1)/crop_003630.jpg
WhatsApp Video 2026-08-11 at 6.55.16 AM (1).mp4,16,Mild Steel,train,3645,60.75,411,263,150,150,261,113,561,413,300,300,85.18,9.93,TRACKED,RETAINED,data/phase2_roi_crops/retained/WhatsApp_Video_2026-08-11_at_6.55.16_AM_(1)/crop_003645.jpg
WhatsApp Video 2026-08-11 at 6.55.16 AM (1).mp4,16,Mild Steel,train,3660,61.0,406,260,150,150,256,110,556,410,300,300,102.84,11.39,TRACKED,RETAINED,data/phase2_roi_crops/retained/WhatsApp_Video_2026-08-11_at_6.55.16_AM_(1)/crop_003660.jpg
WhatsApp Video 2026-08-11 at 6.55.16 AM (1).mp4,16,Mild Steel,train,3675,61.25,409,260,150,150,259,110,559,410,300,300,91.16,8.18,TRACKED,RETAINED,data/phase2_roi_crops/retained/WhatsApp_Video_2026-08-11_at_6.55.16_AM_(1)/crop_003675.jpg
WhatsApp Video 2026-08-11 at 6.55.16 AM (1).mp4,16,Mild Steel,train,3690,61.5,408,262,150,150,258,112,558,412,300,300,99.12,22.3,TRACKED,RETAINED,data/phase2_roi_crops/retained/WhatsApp_Video_2026-08-11_at_6.55.16_AM_(1)/crop_003690.jpg
WhatsApp Video 2026-08-11 at 6.55.16 AM (1).mp4,16,Mild Steel,train,3705,61.75,406,260,150,150,256,110,556,410,300,300,95.25,15.09,TRACKED,RETAINED,data/phase2_roi_crops/retained/WhatsApp_Video_2026-08-11_at_6.55.16_AM_(1)/crop_003705.jpg
WhatsApp Video 2026-08-11 at 6.55.16 AM (1).mp4,16,Mild Steel,train,3720,62.0,405,259,150,150,255,109,555,409,300,300,81.87,5.3,TRACKED,RETAINED,data/phase2_roi_crops/retained/WhatsApp_Video_2026-08-11_at_6.55.16_AM_(1)/crop_003720.jpg
WhatsApp Video 2026-08-11 at 6.55.16 AM (1).mp4,16,Mild Steel,train,3735,62.25,404,259,150,150,254,109,554,409,300,300,74.49,5.46,TRACKED,RETAINED,data/phase2_roi_crops/retained/WhatsApp_Video_2026-08-11_at_6.55.16_AM_(1)/crop_003735.jpg
WhatsApp Video 2026-08-11 at 6.55.16 AM (1).mp4,16,Mild Steel,train,3750,62.5,406,261,150,150,256,111,556,411,300,300,91.23,5.3,TRACKED,RETAINED,data/phase2_roi_crops/retained/WhatsApp_Video_2026-08-11_at_6.55.16_AM_(1)/crop_003750.jpg
WhatsApp Video 2026-08-11 at 6.55.16 AM (1).mp4,16,Mild Steel,train,3765,62.75,403,263,150,150,253,113,553,413,300,300,99.62,8.11,TRACKED,RETAINED,data/phase2_roi_crops/retained/WhatsApp_Video_2026-08-11_at_6.55.16_AM_(1)/crop_003765.jpg
WhatsApp Video 2026-08-11 at 6.55.16 AM (1).mp4,16,Mild Steel,train,3780,63.0,401,264,150,150,251,114,551,414,300,300,95.42,14.46,TRACKED,RETAINED,data/phase2_roi_crops/retained/WhatsApp_Video_2026-08-11_at_6.55.16_AM_(1)/crop_003780.jpg
WhatsApp Video 2026-08-11 at 6.55.16 AM (1).mp4,16,Mild Steel,train,3795,63.25,399,260,150,150,249,110,549,410,300,300,91.25,13.77,TRACKED,RETAINED,data/phase2_roi_crops/retained/WhatsApp_Video_2026-08-11_at_6.55.16_AM_(1)/crop_003795.jpg
WhatsApp Video 2026-08-11 at 6.55.16 AM (1).mp4,16,Mild Steel,train,3810,63.5,401,264,150,150,251,114,551,414,300,300,72.81,27.52,TRACKED,RETAINED,data/phase2_roi_crops/retained/WhatsApp_Video_2026-08-11_at_6.55.16_AM_(1)/crop_003810.jpg
WhatsApp Video 2026-08-11 at 6.55.16 AM (1).mp4,16,Mild Steel,train,3825,63.75,402,261,150,150,252,111,552,411,300,300,86.7,7.55,TRACKED,RETAINED,data/phase2_roi_crops/retained/WhatsApp_Video_2026-08-11_at_6.55.16_AM_(1)/crop_003825.jpg
WhatsApp Video 2026-08-11 at 6.55.16 AM (1).mp4,16,Mild Steel,train,3840,64.0,393,259,150,150,243,109,543,409,300,300,91.08,12.43,TRACKED,RETAINED,data/phase2_roi_crops/retained/WhatsApp_Video_2026-08-11_at_6.55.16_AM_(1)/crop_003840.jpg
WhatsApp Video 2026-08-11 at 6.55.16 AM (1).mp4,16,Mild Steel,train,3855,64.25,396,264,150,150,246,114,546,414,300,300,77.54,22.03,TRACKED,RETAINED,data/phase2_roi_crops/retained/WhatsApp_Video_2026-08-11_at_6.55.16_AM_(1)/crop_003855.jpg
WhatsApp Video 2026-08-11 at 6.55.16 AM (1).mp4,16,Mild Steel,train,3870,64.5,398,258,150,150,248,108,548,408,300,300,73.37,5.27,TRACKED,RETAINED,data/phase2_roi_crops/retained/WhatsApp_Video_2026-08-11_at_6.55.16_AM_(1)/crop_003870.jpg
WhatsApp Video 2026-08-11 at 6.55.16 AM (1).mp4,16,Mild Steel,train,3885,64.75,394,263,150,150,244,113,544,413,300,300,79.06,26.68,TRACKED,RETAINED,data/phase2_roi_crops/retained/WhatsApp_Video_2026-08-11_at_6.55.16_AM_(1)/crop_003885.jpg
WhatsApp Video 2026-08-11 at 6.55.16 AM (1).mp4,16,Mild Steel,train,3900,65.0,392,262,150,150,242,112,542,412,300,300,157.35,10.5,TRACKED,RETAINED,data/phase2_roi_crops/retained/WhatsApp_Video_2026-08-11_at_6.55.16_AM_(1)/crop_003900.jpg
WhatsApp Video 2026-08-11 at 6.55.16 AM (1).mp4,16,Mild Steel,train,3915,65.25,391,263,150,150,241,113,541,413,300,300,79.1,14.49,TRACKED,RETAINED,data/phase2_roi_crops/retained/WhatsApp_Video_2026-08-11_at_6.55.16_AM_(1)/crop_003915.jpg
WhatsApp Video 2026-08-11 at 6.55.16 AM (1).mp4,16,Mild Steel,train,3930,65.5,390,263,150,150,240,113,540,413,300,300,79.86,15.75,TRACKED,RETAINED,data/phase2_roi_crops/retained/WhatsApp_Video_2026-08-11_at_6.55.16_AM_(1)/crop_003930.jpg
WhatsApp Video 2026-08-11 at 6.55.16 AM (1).mp4,16,Mild Steel,train,3945,65.75,390,267,150,150,240,117,540,417,300,300,79.41,13.26,TRACKED,RETAINED,data/phase2_roi_crops/retained/WhatsApp_Video_2026-08-11_at_6.55.16_AM_(1)/crop_003945.jpg
WhatsApp Video 2026-08-11 at 6.55.16 AM (1).mp4,16,Mild Steel,train,3960,66.0,390,267,150,150,240,117,540,417,300,300,75.06,10.22,TRACKED,RETAINED,data/phase2_roi_crops/retained/WhatsApp_Video_2026-08-11_at_6.55.16_AM_(1)/crop_003960.jpg
WhatsApp Video 2026-08-11 at 6.55.16 AM (1).mp4,16,Mild Steel,train,3975,66.25,390,265,150,150,240,115,540,415,300,300,102.95,8.74,TRACKED,RETAINED,data/phase2_roi_crops/retained/WhatsApp_Video_2026-08-11_at_6.55.16_AM_(1)/crop_003975.jpg
WhatsApp Video 2026-08-11 at 6.55.21 AM.mp4,27,Mild Steel,train,0,0.0,543,197,150,150,393,47,693,347,300,300,1327.75,0.0,TRACKED,RETAINED,data/phase2_roi_crops/retained/WhatsApp_Video_2026-08-11_at_6.55.21_AM/crop_000000.jpg
WhatsApp Video 2026-08-11 at 6.55.21 AM.mp4,27,Mild Steel,train,15,0.25,540,198,150,150,390,48,690,348,300,300,543.06,14.08,TRACKED,RETAINED,data/phase2_roi_crops/retained/WhatsApp_Video_2026-08-11_at_6.55.21_AM/crop_000015.jpg
WhatsApp Video 2026-08-11 at 6.55.21 AM.mp4,27,Mild Steel,train,30,0.5,538,201,150,150,388,51,688,351,300,300,419.41,13.77,TRACKED,RETAINED,data/phase2_roi_crops/retained/WhatsApp_Video_2026-08-11_at_6.55.21_AM/crop_000030.jpg
WhatsApp Video 2026-08-11 at 6.55.21 AM.mp4,27,Mild Steel,train,45,0.75,535,208,150,150,385,58,685,358,300,300,406.56,28.69,TRACKED,RETAINED,data/phase2_roi_crops/retained/WhatsApp_Video_2026-08-11_at_6.55.21_AM/crop_000045.jpg
WhatsApp Video 2026-08-11 at 6.55.21 AM.mp4,27,Mild Steel,train,60,1.0,533,213,150,150,383,63,683,363,300,300,356.15,21.17,TRACKED,RETAINED,data/phase2_roi_crops/retained/WhatsApp_Video_2026-08-11_at_6.55.21_AM/crop_000060.jpg
WhatsApp Video 2026-08-11 at 6.55.21 AM.mp4,27,Mild Steel,train,75,1.25,529,216,150,150,379,66,679,366,300,300,406.0,34.3,TRACKED,RETAINED,data/phase2_roi_crops/retained/WhatsApp_Video_2026-08-11_at_6.55.21_AM/crop_000075.jpg
WhatsApp Video 2026-08-11 at 6.55.21 AM.mp4,27,Mild Steel,train,90,1.5,526,219,150,150,376,69,676,369,300,300,377.56,23.09,TRACKED,RETAINED,data/phase2_roi_crops/retained/WhatsApp_Video_2026-08-11_at_6.55.21_AM/crop_000090.jpg
WhatsApp Video 2026-08-11 at 6.55.21 AM.mp4,27,Mild Steel,train,105,1.75,529,221,150,150,379,71,679,371,300,300,359.6,19.03,TRACKED,RETAINED,data/phase2_roi_crops/retained/WhatsApp_Video_2026-08-11_at_6.55.21_AM/crop_000105.jpg
WhatsApp Video 2026-08-11 at 6.55.21 AM.mp4,27,Mild Steel,train,120,2.0,526,223,150,150,376,73,676,373,300,300,410.87,27.24,TRACKED,RETAINED,data/phase2_roi_crops/retained/WhatsApp_Video_2026-08-11_at_6.55.21_AM/crop_000120.jpg
WhatsApp Video 2026-08-11 at 6.55.21 AM.mp4,27,Mild Steel,train,135,2.25,523,229,150,150,373,79,673,379,300,300,501.09,21.27,TRACKED,RETAINED,data/phase2_roi_crops/retained/WhatsApp_Video_2026-08-11_at_6.55.21_AM/crop_000135.jpg
WhatsApp Video 2026-08-11 at 6.55.21 AM.mp4,27,Mild Steel,train,150,2.5,521,229,150,150,371,79,671,379,300,300,452.15,26.82,TRACKED,RETAINED,data/phase2_roi_crops/retained/WhatsApp_Video_2026-08-11_at_6.55.21_AM/crop_000150.jpg
WhatsApp Video 2026-08-11 at 6.55.21 AM.mp4,27,Mild Steel,train,165,2.75,514,234,150,150,364,84,664,384,300,300,385.05,25.13,TRACKED,RETAINED,data/phase2_roi_crops/retained/WhatsApp_Video_2026-08-11_at_6.55.21_AM/crop_000165.jpg
WhatsApp Video 2026-08-11 at 6.55.21 AM.mp4,27,Mild Steel,train,180,3.0,512,233,150,150,362,83,662,383,300,300,431.45,20.67,TRACKED,RETAINED,data/phase2_roi_crops/retained/WhatsApp_Video_2026-08-11_at_6.55.21_AM/crop_000180.jpg
WhatsApp Video 2026-08-11 at 6.55.21 AM.mp4,27,Mild Steel,train,195,3.25,514,227,150,150,364,77,664,377,300,300,483.53,21.72,TRACKED,RETAINED,data/phase2_roi_crops/retained/WhatsApp_Video_2026-08-11_at_6.55.21_AM/crop_000195.jpg
WhatsApp Video 2026-08-11 at 6.55.21 AM.mp4,27,Mild Steel,train,210,3.5,516,223,150,150,366,73,666,373,300,300,520.11,13.93,TRACKED,RETAINED,data/phase2_roi_crops/retained/WhatsApp_Video_2026-08-11_at_6.55.21_AM/crop_000210.jpg
WhatsApp Video 2026-08-11 at 6.55.21 AM.mp4,27,Mild Steel,train,225,3.75,518,225,150,150,368,75,668,375,300,300,522.72,21.88,TRACKED,RETAINED,data/phase2_roi_crops/retained/WhatsApp_Video_2026-08-11_at_6.55.21_AM/crop_000225.jpg
WhatsApp Video 2026-08-11 at 6.55.21 AM.mp4,27,Mild Steel,train,240,4.0,518,218,150,150,368,68,668,368,300,300,581.8,23.86,TRACKED,RETAINED,data/phase2_roi_crops/retained/WhatsApp_Video_2026-08-11_at_6.55.21_AM/crop_000240.jpg
WhatsApp Video 2026-08-11 at 6.55.21 AM.mp4,27,Mild Steel,train,255,4.25,519,215,150,150,369,65,669,365,300,300,598.43,11.14,TRACKED,RETAINED,data/phase2_roi_crops/retained/WhatsApp_Video_2026-08-11_at_6.55.21_AM/crop_000255.jpg
WhatsApp Video 2026-08-11 at 6.55.21 AM.mp4,27,Mild Steel,train,270,4.5,519,213,150,150,369,63,669,363,300,300,583.99,10.0,TRACKED,RETAINED,data/phase2_roi_crops/retained/WhatsApp_Video_2026-08-11_at_6.55.21_AM/crop_000270.jpg
WhatsApp Video 2026-08-11 at 6.55.21 AM.mp4,27,Mild Steel,train,285,4.75,519,210,150,150,369,60,669,360,300,300,501.47,15.64,TRACKED,RETAINED,data/phase2_roi_crops/retained/WhatsApp_Video_2026-08-11_at_6.55.21_AM/crop_000285.jpg
WhatsApp Video 2026-08-11 at 6.55.21 AM.mp4,27,Mild Steel,train,300,5.0,519,211,150,150,369,61,669,361,300,300,2026.16,13.09,TRACKED,RETAINED,data/phase2_roi_crops/retained/WhatsApp_Video_2026-08-11_at_6.55.21_AM/crop_000300.jpg
WhatsApp Video 2026-08-11 at 6.55.21 AM.mp4,27,Mild Steel,train,315,5.25,519,211,150,150,369,61,669,361,300,300,1289.94,7.47,TRACKED,RETAINED,data/phase2_roi_crops/retained/WhatsApp_Video_2026-08-11_at_6.55.21_AM/crop_000315.jpg
WhatsApp Video 2026-08-11 at 6.55.21 AM.mp4,27,Mild Steel,train,330,5.5,519,212,150,150,369,62,669,362,300,300,839.58,8.43,TRACKED,RETAINED,data/phase2_roi_crops/retained/WhatsApp_Video_2026-08-11_at_6.55.21_AM/crop_000330.jpg
WhatsApp Video 2026-08-11 at 6.55.21 AM.mp4,27,Mild Steel,train,345,5.75,518,211,150,150,368,61,668,361,300,300,578.77,15.23,TRACKED,RETAINED,data/phase2_roi_crops/retained/WhatsApp_Video_2026-08-11_at_6.55.21_AM/crop_000345.jpg
WhatsApp Video 2026-08-11 at 6.55.21 AM.mp4,27,Mild Steel,train,360,6.0,517,214,150,150,367,64,667,364,300,300,611.56,13.41,TRACKED,RETAINED,data/phase2_roi_crops/retained/WhatsApp_Video_2026-08-11_at_6.55.21_AM/crop_000360.jpg
WhatsApp Video 2026-08-11 at 6.55.17 AM.mp4,20,Mild Steel,val,0,0.0,550,228,150,150,400,78,700,378,300,300,144.82,0.0,TRACKED,RETAINED,data/phase2_roi_crops/retained/WhatsApp_Video_2026-08-11_at_6.55.17_AM/crop_000000.jpg
WhatsApp Video 2026-08-11 at 6.55.17 AM.mp4,20,Mild Steel,val,15,0.25,550,232,150,150,400,82,700,382,300,300,125.06,6.11,TRACKED,RETAINED,data/phase2_roi_crops/retained/WhatsApp_Video_2026-08-11_at_6.55.17_AM/crop_000015.jpg
WhatsApp Video 2026-08-11 at 6.55.17 AM.mp4,20,Mild Steel,val,30,0.5,550,225,150,150,400,75,700,375,300,300,111.54,14.32,TRACKED,RETAINED,data/phase2_roi_crops/retained/WhatsApp_Video_2026-08-11_at_6.55.17_AM/crop_000030.jpg
WhatsApp Video 2026-08-11 at 6.55.17 AM.mp4,20,Mild Steel,val,45,0.75,542,225,150,150,392,75,692,375,300,300,97.69,20.86,TRACKED,RETAINED,data/phase2_roi_crops/retained/WhatsApp_Video_2026-08-11_at_6.55.17_AM/crop_000045.jpg
WhatsApp Video 2026-08-11 at 6.55.17 AM.mp4,20,Mild Steel,val,60,1.0,541,227,150,150,391,77,691,377,300,300,100.07,12.1,TRACKED,RETAINED,data/phase2_roi_crops/retained/WhatsApp_Video_2026-08-11_at_6.55.17_AM/crop_000060.jpg
WhatsApp Video 2026-08-11 at 6.55.17 AM.mp4,20,Mild Steel,val,75,1.25,540,230,150,150,390,80,690,380,300,300,102.48,15.25,TRACKED,RETAINED,data/phase2_roi_crops/retained/WhatsApp_Video_2026-08-11_at_6.55.17_AM/crop_000075.jpg
WhatsApp Video 2026-08-11 at 6.55.17 AM.mp4,20,Mild Steel,val,90,1.5,538,232,150,150,388,82,688,382,300,300,83.48,15.83,TRACKED,RETAINED,data/phase2_roi_crops/retained/WhatsApp_Video_2026-08-11_at_6.55.17_AM/crop_000090.jpg
WhatsApp Video 2026-08-11 at 6.55.17 AM.mp4,20,Mild Steel,val,105,1.75,536,230,150,150,386,80,686,380,300,300,91.79,24.37,TRACKED,RETAINED,data/phase2_roi_crops/retained/WhatsApp_Video_2026-08-11_at_6.55.17_AM/crop_000105.jpg
WhatsApp Video 2026-08-11 at 6.55.17 AM.mp4,20,Mild Steel,val,120,2.0,532,230,150,150,382,80,682,380,300,300,88.08,3.66,TRACKED,RETAINED,data/phase2_roi_crops/retained/WhatsApp_Video_2026-08-11_at_6.55.17_AM/crop_000120.jpg
WhatsApp Video 2026-08-11 at 6.55.17 AM.mp4,20,Mild Steel,val,135,2.25,532,227,150,150,382,77,682,377,300,300,68.07,9.99,TRACKED,RETAINED,data/phase2_roi_crops/retained/WhatsApp_Video_2026-08-11_at_6.55.17_AM/crop_000135.jpg
WhatsApp Video 2026-08-11 at 6.55.17 AM.mp4,20,Mild Steel,val,150,2.5,525,228,150,150,375,78,675,378,300,300,68.08,7.39,TRACKED,RETAINED,data/phase2_roi_crops/retained/WhatsApp_Video_2026-08-11_at_6.55.17_AM/crop_000150.jpg
WhatsApp Video 2026-08-11 at 6.55.17 AM.mp4,20,Mild Steel,val,165,2.75,523,233,150,150,373,83,673,383,300,300,75.48,8.0,TRACKED,RETAINED,data/phase2_roi_crops/retained/WhatsApp_Video_2026-08-11_at_6.55.17_AM/crop_000165.jpg
WhatsApp Video 2026-08-11 at 6.55.17 AM.mp4,20,Mild Steel,val,180,3.0,524,230,150,150,374,80,674,380,300,300,80.79,14.91,TRACKED,RETAINED,data/phase2_roi_crops/retained/WhatsApp_Video_2026-08-11_at_6.55.17_AM/crop_000180.jpg
WhatsApp Video 2026-08-11 at 6.55.17 AM.mp4,20,Mild Steel,val,195,3.25,521,231,150,150,371,81,671,381,300,300,83.71,5.03,TRACKED,RETAINED,data/phase2_roi_crops/retained/WhatsApp_Video_2026-08-11_at_6.55.17_AM/crop_000195.jpg
WhatsApp Video 2026-08-11 at 6.55.17 AM.mp4,20,Mild Steel,val,210,3.5,523,230,150,150,373,80,673,380,300,300,83.09,5.29,TRACKED,RETAINED,data/phase2_roi_crops/retained/WhatsApp_Video_2026-08-11_at_6.55.17_AM/crop_000210.jpg
WhatsApp Video 2026-08-11 at 6.55.17 AM.mp4,20,Mild Steel,val,225,3.75,520,228,150,150,370,78,670,378,300,300,78.17,4.11,TRACKED,RETAINED,data/phase2_roi_crops/retained/WhatsApp_Video_2026-08-11_at_6.55.17_AM/crop_000225.jpg
WhatsApp Video 2026-08-11 at 6.55.17 AM.mp4,20,Mild Steel,val,240,4.0,514,228,150,150,364,78,664,378,300,300,91.78,16.18,TRACKED,RETAINED,data/phase2_roi_crops/retained/WhatsApp_Video_2026-08-11_at_6.55.17_AM/crop_000240.jpg
WhatsApp Video 2026-08-11 at 6.55.17 AM.mp4,20,Mild Steel,val,255,4.25,513,231,150,150,363,81,663,381,300,300,75.59,15.41,TRACKED,RETAINED,data/phase2_roi_crops/retained/WhatsApp_Video_2026-08-11_at_6.55.17_AM/crop_000255.jpg
WhatsApp Video 2026-08-11 at 6.55.17 AM.mp4,20,Mild Steel,val,270,4.5,511,230,150,150,361,80,661,380,300,300,73.5,4.46,TRACKED,RETAINED,data/phase2_roi_crops/retained/WhatsApp_Video_2026-08-11_at_6.55.17_AM/crop_000270.jpg
WhatsApp Video 2026-08-11 at 6.55.17 AM.mp4,20,Mild Steel,val,285,4.75,512,232,150,150,362,82,662,382,300,300,64.91,4.23,TRACKED,RETAINED,data/phase2_roi_crops/retained/WhatsApp_Video_2026-08-11_at_6.55.17_AM/crop_000285.jpg
WhatsApp Video 2026-08-11 at 6.55.17 AM.mp4,20,Mild Steel,val,300,5.0,510,233,150,150,360,83,660,383,300,300,106.32,4.43,TRACKED,RETAINED,data/phase2_roi_crops/retained/WhatsApp_Video_2026-08-11_at_6.55.17_AM/crop_000300.jpg
WhatsApp Video 2026-08-11 at 6.55.17 AM.mp4,20,Mild Steel,val,315,5.25,504,233,150,150,354,83,654,383,300,300,63.16,5.99,TRACKED,RETAINED,data/phase2_roi_crops/retained/WhatsApp_Video_2026-08-11_at_6.55.17_AM/crop_000315.jpg
WhatsApp Video 2026-08-11 at 6.55.17 AM.mp4,20,Mild Steel,val,330,5.5,498,231,150,150,348,81,648,381,300,300,73.63,3.91,TRACKED,RETAINED,data/phase2_roi_crops/retained/WhatsApp_Video_2026-08-11_at_6.55.17_AM/crop_000330.jpg
WhatsApp Video 2026-08-11 at 6.55.17 AM.mp4,20,Mild Steel,val,345,5.75,497,230,150,150,347,80,647,380,300,300,68.22,12.4,TRACKED,RETAINED,data/phase2_roi_crops/retained/WhatsApp_Video_2026-08-11_at_6.55.17_AM/crop_000345.jpg
WhatsApp Video 2026-08-11 at 6.55.17 AM.mp4,20,Mild Steel,val,360,6.0,496,232,150,150,346,82,646,382,300,300,79.16,13.29,TRACKED,RETAINED,data/phase2_roi_crops/retained/WhatsApp_Video_2026-08-11_at_6.55.17_AM/crop_000360.jpg
WhatsApp Video 2026-08-11 at 6.55.17 AM.mp4,20,Mild Steel,val,375,6.25,495,231,150,150,345,81,645,381,300,300,85.37,9.64,TRACKED,RETAINED,data/phase2_roi_crops/retained/WhatsApp_Video_2026-08-11_at_6.55.17_AM/crop_000375.jpg
WhatsApp Video 2026-08-11 at 6.55.17 AM.mp4,20,Mild Steel,val,390,6.5,492,231,150,150,342,81,642,381,300,300,89.28,3.68,TRACKED,RETAINED,data/phase2_roi_crops/retained/WhatsApp_Video_2026-08-11_at_6.55.17_AM/crop_000390.jpg
WhatsApp Video 2026-08-11 at 6.55.17 AM.mp4,20,Mild Steel,val,405,6.75,488,233,150,150,338,83,638,383,300,300,91.83,4.44,TRACKED,RETAINED,data/phase2_roi_crops/retained/WhatsApp_Video_2026-08-11_at_6.55.17_AM/crop_000405.jpg
WhatsApp Video 2026-08-11 at 6.55.17 AM.mp4,20,Mild Steel,val,420,7.0,486,235,150,150,336,85,636,385,300,300,88.23,3.75,TRACKED,RETAINED,data/phase2_roi_crops/retained/WhatsApp_Video_2026-08-11_at_6.55.17_AM/crop_000420.jpg
WhatsApp Video 2026-08-11 at 6.55.17 AM.mp4,20,Mild Steel,val,435,7.25,489,235,150,150,339,85,639,385,300,300,86.18,4.25,TRACKED,RETAINED,data/phase2_roi_crops/retained/WhatsApp_Video_2026-08-11_at_6.55.17_AM/crop_000435.jpg
WhatsApp Video 2026-08-11 at 6.55.17 AM.mp4,20,Mild Steel,val,450,7.5,483,235,150,150,333,85,633,385,300,300,79.2,21.35,TRACKED,RETAINED,data/phase2_roi_crops/retained/WhatsApp_Video_2026-08-11_at_6.55.17_AM/crop_000450.jpg
WhatsApp Video 2026-08-11 at 6.55.17 AM.mp4,20,Mild Steel,val,465,7.75,481,232,150,150,331,82,631,382,300,300,82.67,5.38,TRACKED,RETAINED,data/phase2_roi_crops/retained/WhatsApp_Video_2026-08-11_at_6.55.17_AM/crop_000465.jpg
WhatsApp Video 2026-08-11 at 6.55.17 AM.mp4,20,Mild Steel,val,480,8.0,484,232,150,150,334,82,634,382,300,300,85.52,9.31,TRACKED,RETAINED,data/phase2_roi_crops/retained/WhatsApp_Video_2026-08-11_at_6.55.17_AM/crop_000480.jpg
WhatsApp Video 2026-08-11 at 6.55.17 AM.mp4,20,Mild Steel,val,495,8.25,480,232,150,150,330,82,630,382,300,300,83.71,10.56,TRACKED,RETAINED,data/phase2_roi_crops/retained/WhatsApp_Video_2026-08-11_at_6.55.17_AM/crop_000495.jpg
WhatsApp Video 2026-08-11 at 6.55.17 AM.mp4,20,Mild Steel,val,510,8.5,479,231,150,150,329,81,629,381,300,300,70.09,4.71,TRACKED,RETAINED,data/phase2_roi_crops/retained/WhatsApp_Video_2026-08-11_at_6.55.17_AM/crop_000510.jpg
WhatsApp Video 2026-08-11 at 6.55.17 AM.mp4,20,Mild Steel,val,525,8.75,476,232,150,150,326,82,626,382,300,300,69.41,2.52,TRACKED,RETAINED,data/phase2_roi_crops/retained/WhatsApp_Video_2026-08-11_at_6.55.17_AM/crop_000525.jpg
WhatsApp Video 2026-08-11 at 6.55.17 AM.mp4,20,Mild Steel,val,540,9.0,476,232,150,150,326,82,626,382,300,300,73.51,4.69,TRACKED,RETAINED,data/phase2_roi_crops/retained/WhatsApp_Video_2026-08-11_at_6.55.17_AM/crop_000540.jpg
WhatsApp Video 2026-08-11 at 6.55.17 AM.mp4,20,Mild Steel,val,555,9.25,471,231,150,150,321,81,621,381,300,300,72.07,3.9,TRACKED,RETAINED,data/phase2_roi_crops/retained/WhatsApp_Video_2026-08-11_at_6.55.17_AM/crop_000555.jpg
WhatsApp Video 2026-08-11 at 6.55.17 AM.mp4,20,Mild Steel,val,570,9.5,469,236,150,150,319,86,619,386,300,300,68.0,16.03,TRACKED,RETAINED,data/phase2_roi_crops/retained/WhatsApp_Video_2026-08-11_at_6.55.17_AM/crop_000570.jpg
WhatsApp Video 2026-08-11 at 6.55.17 AM.mp4,20,Mild Steel,val,585,9.75,467,235,150,150,317,85,617,385,300,300,66.07,4.97,TRACKED,RETAINED,data/phase2_roi_crops/retained/WhatsApp_Video_2026-08-11_at_6.55.17_AM/crop_000585.jpg
WhatsApp Video 2026-08-11 at 6.55.17 AM.mp4,20,Mild Steel,val,600,10.0,464,235,150,150,314,85,614,385,300,300,99.91,3.32,TRACKED,RETAINED,data/phase2_roi_crops/retained/WhatsApp_Video_2026-08-11_at_6.55.17_AM/crop_000600.jpg
WhatsApp Video 2026-08-11 at 6.55.17 AM.mp4,20,Mild Steel,val,615,10.25,464,238,150,150,314,88,614,388,300,300,67.4,3.33,TRACKED,RETAINED,data/phase2_roi_crops/retained/WhatsApp_Video_2026-08-11_at_6.55.17_AM/crop_000615.jpg
WhatsApp Video 2026-08-11 at 6.55.17 AM.mp4,20,Mild Steel,val,630,10.5,463,240,150,150,313,90,613,390,300,300,67.89,21.02,TRACKED,RETAINED,data/phase2_roi_crops/retained/WhatsApp_Video_2026-08-11_at_6.55.17_AM/crop_000630.jpg
WhatsApp Video 2026-08-11 at 6.55.17 AM.mp4,20,Mild Steel,val,645,10.75,460,238,150,150,310,88,610,388,300,300,58.69,16.34,TRACKED,RETAINED,data/phase2_roi_crops/retained/WhatsApp_Video_2026-08-11_at_6.55.17_AM/crop_000645.jpg
WhatsApp Video 2026-08-11 at 6.55.17 AM.mp4,20,Mild Steel,val,660,11.0,459,239,150,150,309,89,609,389,300,300,55.92,9.44,TRACKED,RETAINED,data/phase2_roi_crops/retained/WhatsApp_Video_2026-08-11_at_6.55.17_AM/crop_000660.jpg
WhatsApp Video 2026-08-11 at 6.55.17 AM.mp4,20,Mild Steel,val,675,11.25,454,243,150,150,304,93,604,393,300,300,59.38,6.6,TRACKED,RETAINED,data/phase2_roi_crops/retained/WhatsApp_Video_2026-08-11_at_6.55.17_AM/crop_000675.jpg
WhatsApp Video 2026-08-11 at 6.55.17 AM.mp4,20,Mild Steel,val,690,11.5,453,241,150,150,303,91,603,391,300,300,61.47,8.46,TRACKED,RETAINED,data/phase2_roi_crops/retained/WhatsApp_Video_2026-08-11_at_6.55.17_AM/crop_000690.jpg
WhatsApp Video 2026-08-11 at 6.55.17 AM.mp4,20,Mild Steel,val,705,11.75,454,241,150,150,304,91,604,391,300,300,61.51,4.22,TRACKED,RETAINED,data/phase2_roi_crops/retained/WhatsApp_Video_2026-08-11_at_6.55.17_AM/crop_000705.jpg
WhatsApp Video 2026-08-11 at 6.55.17 AM.mp4,20,Mild Steel,val,720,12.0,452,242,150,150,302,92,602,392,300,300,62.58,4.67,TRACKED,RETAINED,data/phase2_roi_crops/retained/WhatsApp_Video_2026-08-11_at_6.55.17_AM/crop_000720.jpg
WhatsApp Video 2026-08-11 at 6.55.17 AM.mp4,20,Mild Steel,val,735,12.25,451,243,150,150,301,93,601,393,300,300,61.09,3.77,TRACKED,RETAINED,data/phase2_roi_crops/retained/WhatsApp_Video_2026-08-11_at_6.55.17_AM/crop_000735.jpg
WhatsApp Video 2026-08-11 at 6.55.17 AM.mp4,20,Mild Steel,val,750,12.5,448,240,150,150,298,90,598,390,300,300,64.6,9.14,TRACKED,RETAINED,data/phase2_roi_crops/retained/WhatsApp_Video_2026-08-11_at_6.55.17_AM/crop_000750.jpg
WhatsApp Video 2026-08-11 at 6.55.17 AM.mp4,20,Mild Steel,val,765,12.75,450,244,150,150,300,94,600,394,300,300,58.7,15.71,TRACKED,RETAINED,data/phase2_roi_crops/retained/WhatsApp_Video_2026-08-11_at_6.55.17_AM/crop_000765.jpg
WhatsApp Video 2026-08-11 at 6.55.17 AM.mp4,20,Mild Steel,val,780,13.0,448,249,150,150,298,99,598,399,300,300,61.27,5.14,TRACKED,RETAINED,data/phase2_roi_crops/retained/WhatsApp_Video_2026-08-11_at_6.55.17_AM/crop_000780.jpg
WhatsApp Video 2026-08-11 at 6.55.17 AM.mp4,20,Mild Steel,val,795,13.25,446,250,150,150,296,100,596,400,300,300,59.43,3.0,TRACKED,RETAINED,data/phase2_roi_crops/retained/WhatsApp_Video_2026-08-11_at_6.55.17_AM/crop_000795.jpg
WhatsApp Video 2026-08-11 at 6.55.17 AM.mp4,20,Mild Steel,val,810,13.5,442,249,150,150,292,99,592,399,300,300,58.75,16.09,TRACKED,RETAINED,data/phase2_roi_crops/retained/WhatsApp_Video_2026-08-11_at_6.55.17_AM/crop_000810.jpg
WhatsApp Video 2026-08-11 at 6.55.17 AM.mp4,20,Mild Steel,val,825,13.75,440,251,150,150,290,101,590,401,300,300,58.29,3.22,TRACKED,RETAINED,data/phase2_roi_crops/retained/WhatsApp_Video_2026-08-11_at_6.55.17_AM/crop_000825.jpg
WhatsApp Video 2026-08-11 at 6.55.17 AM.mp4,20,Mild Steel,val,840,14.0,439,250,150,150,289,100,589,400,300,300,56.94,5.31,TRACKED,RETAINED,data/phase2_roi_crops/retained/WhatsApp_Video_2026-08-11_at_6.55.17_AM/crop_000840.jpg
WhatsApp Video 2026-08-11 at 6.55.17 AM.mp4,20,Mild Steel,val,855,14.25,441,248,150,150,291,98,591,398,300,300,62.25,4.23,TRACKED,RETAINED,data/phase2_roi_crops/retained/WhatsApp_Video_2026-08-11_at_6.55.17_AM/crop_000855.jpg
WhatsApp Video 2026-08-11 at 6.55.17 AM.mp4,20,Mild Steel,val,870,14.5,437,250,150,150,287,100,587,400,300,300,57.05,14.81,TRACKED,RETAINED,data/phase2_roi_crops/retained/WhatsApp_Video_2026-08-11_at_6.55.17_AM/crop_000870.jpg
WhatsApp Video 2026-08-11 at 6.55.17 AM.mp4,20,Mild Steel,val,885,14.75,431,250,150,150,281,100,581,400,300,300,56.55,3.42,TRACKED,RETAINED,data/phase2_roi_crops/retained/WhatsApp_Video_2026-08-11_at_6.55.17_AM/crop_000885.jpg
WhatsApp Video 2026-08-11 at 6.55.17 AM.mp4,20,Mild Steel,val,900,15.0,433,252,150,150,283,102,583,402,300,300,83.44,14.96,TRACKED,RETAINED,data/phase2_roi_crops/retained/WhatsApp_Video_2026-08-11_at_6.55.17_AM/crop_000900.jpg
WhatsApp Video 2026-08-11 at 6.55.17 AM.mp4,20,Mild Steel,val,915,15.25,433,251,150,150,283,101,583,401,300,300,58.87,4.18,TRACKED,RETAINED,data/phase2_roi_crops/retained/WhatsApp_Video_2026-08-11_at_6.55.17_AM/crop_000915.jpg
WhatsApp Video 2026-08-11 at 6.55.17 AM.mp4,20,Mild Steel,val,930,15.5,430,251,150,150,280,101,580,401,300,300,58.86,4.59,TRACKED,RETAINED,data/phase2_roi_crops/retained/WhatsApp_Video_2026-08-11_at_6.55.17_AM/crop_000930.jpg
WhatsApp Video 2026-08-11 at 6.55.17 AM.mp4,20,Mild Steel,val,945,15.75,430,252,150,150,280,102,580,402,300,300,59.06,5.76,TRACKED,RETAINED,data/phase2_roi_crops/retained/WhatsApp_Video_2026-08-11_at_6.55.17_AM/crop_000945.jpg
WhatsApp Video 2026-08-11 at 6.55.17 AM.mp4,20,Mild Steel,val,960,16.0,428,254,150,150,278,104,578,404,300,300,59.95,12.01,TRACKED,RETAINED,data/phase2_roi_crops/retained/WhatsApp_Video_2026-08-11_at_6.55.17_AM/crop_000960.jpg
WhatsApp Video 2026-08-11 at 6.55.17 AM.mp4,20,Mild Steel,val,975,16.25,426,255,150,150,276,105,576,405,300,300,55.21,3.91,TRACKED,RETAINED,data/phase2_roi_crops/retained/WhatsApp_Video_2026-08-11_at_6.55.17_AM/crop_000975.jpg
WhatsApp Video 2026-08-11 at 6.55.17 AM.mp4,20,Mild Steel,val,990,16.5,425,258,150,150,275,108,575,408,300,300,54.28,6.42,TRACKED,RETAINED,data/phase2_roi_crops/retained/WhatsApp_Video_2026-08-11_at_6.55.17_AM/crop_000990.jpg
WhatsApp Video 2026-08-11 at 6.55.17 AM.mp4,20,Mild Steel,val,1005,16.75,423,261,150,150,273,111,573,411,300,300,55.96,7.52,TRACKED,RETAINED,data/phase2_roi_crops/retained/WhatsApp_Video_2026-08-11_at_6.55.17_AM/crop_001005.jpg
WhatsApp Video 2026-08-11 at 6.55.17 AM.mp4,20,Mild Steel,val,1020,17.0,420,263,150,150,270,113,570,413,300,300,55.46,4.13,TRACKED,RETAINED,data/phase2_roi_crops/retained/WhatsApp_Video_2026-08-11_at_6.55.17_AM/crop_001020.jpg
WhatsApp Video 2026-08-11 at 6.55.17 AM.mp4,20,Mild Steel,val,1035,17.25,418,263,150,150,268,113,568,413,300,300,55.91,3.4,TRACKED,RETAINED,data/phase2_roi_crops/retained/WhatsApp_Video_2026-08-11_at_6.55.17_AM/crop_001035.jpg
WhatsApp Video 2026-08-11 at 6.55.17 AM.mp4,20,Mild Steel,val,1050,17.5,419,264,150,150,269,114,569,414,300,300,56.71,3.18,TRACKED,RETAINED,data/phase2_roi_crops/retained/WhatsApp_Video_2026-08-11_at_6.55.17_AM/crop_001050.jpg
WhatsApp Video 2026-08-11 at 6.55.17 AM.mp4,20,Mild Steel,val,1065,17.75,417,263,150,150,267,113,567,413,300,300,54.83,13.71,TRACKED,RETAINED,data/phase2_roi_crops/retained/WhatsApp_Video_2026-08-11_at_6.55.17_AM/crop_001065.jpg
WhatsApp Video 2026-08-11 at 6.55.17 AM.mp4,20,Mild Steel,val,1080,18.0,415,265,150,150,265,115,565,415,300,300,52.2,4.07,TRACKED,RETAINED,data/phase2_roi_crops/retained/WhatsApp_Video_2026-08-11_at_6.55.17_AM/crop_001080.jpg
WhatsApp Video 2026-08-11 at 6.55.17 AM.mp4,20,Mild Steel,val,1095,18.25,414,265,150,150,264,115,564,415,300,300,55.78,3.61,TRACKED,RETAINED,data/phase2_roi_crops/retained/WhatsApp_Video_2026-08-11_at_6.55.17_AM/crop_001095.jpg
WhatsApp Video 2026-08-11 at 6.55.17 AM.mp4,20,Mild Steel,val,1110,18.5,411,263,150,150,261,113,561,413,300,300,50.34,10.24,TRACKED,RETAINED,data/phase2_roi_crops/retained/WhatsApp_Video_2026-08-11_at_6.55.17_AM/crop_001110.jpg
WhatsApp Video 2026-08-11 at 6.55.17 AM.mp4,20,Mild Steel,val,1125,18.75,410,265,150,150,260,115,560,415,300,300,50.58,12.55,TRACKED,RETAINED,data/phase2_roi_crops/retained/WhatsApp_Video_2026-08-11_at_6.55.17_AM/crop_001125.jpg
WhatsApp Video 2026-08-11 at 6.55.17 AM.mp4,20,Mild Steel,val,1140,19.0,409,262,150,150,259,112,559,412,300,300,57.14,4.21,TRACKED,RETAINED,data/phase2_roi_crops/retained/WhatsApp_Video_2026-08-11_at_6.55.17_AM/crop_001140.jpg
WhatsApp Video 2026-08-11 at 6.55.17 AM.mp4,20,Mild Steel,val,1155,19.25,411,261,150,150,261,111,561,411,300,300,53.8,2.64,TRACKED,RETAINED,data/phase2_roi_crops/retained/WhatsApp_Video_2026-08-11_at_6.55.17_AM/crop_001155.jpg
WhatsApp Video 2026-08-11 at 6.55.17 AM.mp4,20,Mild Steel,val,1170,19.5,409,264,150,150,259,114,559,414,300,300,52.11,6.0,TRACKED,RETAINED,data/phase2_roi_crops/retained/WhatsApp_Video_2026-08-11_at_6.55.17_AM/crop_001170.jpg
WhatsApp Video 2026-08-11 at 6.55.17 AM.mp4,20,Mild Steel,val,1185,19.75,404,265,150,150,254,115,554,415,300,300,50.68,5.31,TRACKED,RETAINED,data/phase2_roi_crops/retained/WhatsApp_Video_2026-08-11_at_6.55.17_AM/crop_001185.jpg
WhatsApp Video 2026-08-11 at 6.55.17 AM.mp4,20,Mild Steel,val,1200,20.0,405,263,150,150,255,113,555,413,300,300,76.78,11.32,TRACKED,RETAINED,data/phase2_roi_crops/retained/WhatsApp_Video_2026-08-11_at_6.55.17_AM/crop_001200.jpg
WhatsApp Video 2026-08-11 at 6.55.17 AM.mp4,20,Mild Steel,val,1215,20.25,408,260,150,150,258,110,558,410,300,300,56.12,5.46,TRACKED,RETAINED,data/phase2_roi_crops/retained/WhatsApp_Video_2026-08-11_at_6.55.17_AM/crop_001215.jpg
WhatsApp Video 2026-08-11 at 6.55.17 AM.mp4,20,Mild Steel,val,1230,20.5,407,259,150,150,257,109,557,409,300,300,51.11,11.12,TRACKED,RETAINED,data/phase2_roi_crops/retained/WhatsApp_Video_2026-08-11_at_6.55.17_AM/crop_001230.jpg
WhatsApp Video 2026-08-11 at 6.55.17 AM.mp4,20,Mild Steel,val,1245,20.75,405,259,150,150,255,109,555,409,300,300,54.56,12.45,TRACKED,RETAINED,data/phase2_roi_crops/retained/WhatsApp_Video_2026-08-11_at_6.55.17_AM/crop_001245.jpg
WhatsApp Video 2026-08-11 at 6.55.17 AM.mp4,20,Mild Steel,val,1260,21.0,402,263,150,150,252,113,552,413,300,300,49.53,13.67,TRACKED,RETAINED,data/phase2_roi_crops/retained/WhatsApp_Video_2026-08-11_at_6.55.17_AM/crop_001260.jpg
WhatsApp Video 2026-08-11 at 6.55.17 AM.mp4,20,Mild Steel,val,1275,21.25,401,258,150,150,251,108,551,408,300,300,51.15,5.96,TRACKED,RETAINED,data/phase2_roi_crops/retained/WhatsApp_Video_2026-08-11_at_6.55.17_AM/crop_001275.jpg
WhatsApp Video 2026-08-11 at 6.55.17 AM.mp4,20,Mild Steel,val,1290,21.5,401,258,150,150,251,108,551,408,300,300,52.59,4.48,TRACKED,RETAINED,data/phase2_roi_crops/retained/WhatsApp_Video_2026-08-11_at_6.55.17_AM/crop_001290.jpg
WhatsApp Video 2026-08-11 at 6.55.17 AM.mp4,20,Mild Steel,val,1305,21.75,401,257,150,150,251,107,551,407,300,300,47.78,14.51,TRACKED,RETAINED,data/phase2_roi_crops/retained/WhatsApp_Video_2026-08-11_at_6.55.17_AM/crop_001305.jpg
WhatsApp Video 2026-08-11 at 6.55.17 AM.mp4,20,Mild Steel,val,1320,22.0,401,254,150,150,251,104,551,404,300,300,48.64,7.02,TRACKED,RETAINED,data/phase2_roi_crops/retained/WhatsApp_Video_2026-08-11_at_6.55.17_AM/crop_001320.jpg
WhatsApp Video 2026-08-11 at 6.55.17 AM.mp4,20,Mild Steel,val,1335,22.25,398,253,150,150,248,103,548,403,300,300,48.22,5.44,TRACKED,RETAINED,data/phase2_roi_crops/retained/WhatsApp_Video_2026-08-11_at_6.55.17_AM/crop_001335.jpg
WhatsApp Video 2026-08-11 at 6.55.17 AM.mp4,20,Mild Steel,val,1350,22.5,399,257,150,150,249,107,549,407,300,300,45.95,11.75,TRACKED,RETAINED,data/phase2_roi_crops/retained/WhatsApp_Video_2026-08-11_at_6.55.17_AM/crop_001350.jpg
WhatsApp Video 2026-08-11 at 6.55.17 AM.mp4,20,Mild Steel,val,1365,22.75,403,254,150,150,253,104,553,404,300,300,50.84,5.06,TRACKED,RETAINED,data/phase2_roi_crops/retained/WhatsApp_Video_2026-08-11_at_6.55.17_AM/crop_001365.jpg
WhatsApp Video 2026-08-11 at 6.55.17 AM.mp4,20,Mild Steel,val,1380,23.0,398,252,150,150,248,102,548,402,300,300,59.33,8.6,TRACKED,RETAINED,data/phase2_roi_crops/retained/WhatsApp_Video_2026-08-11_at_6.55.17_AM/crop_001380.jpg
WhatsApp Video 2026-08-11 at 6.55.17 AM.mp4,20,Mild Steel,val,1395,23.25,396,254,150,150,246,104,546,404,300,300,83.57,5.69,TRACKED,RETAINED,data/phase2_roi_crops/retained/WhatsApp_Video_2026-08-11_at_6.55.17_AM/crop_001395.jpg
WhatsApp Video 2026-08-11 at 6.55.17 AM.mp4,20,Mild Steel,val,1410,23.5,394,252,150,150,244,102,544,402,300,300,89.15,16.01,TRACKED,RETAINED,data/phase2_roi_crops/retained/WhatsApp_Video_2026-08-11_at_6.55.17_AM/crop_001410.jpg
WhatsApp Video 2026-08-11 at 6.55.17 AM.mp4,20,Mild Steel,val,1425,23.75,394,252,150,150,244,102,544,402,300,300,90.18,11.51,TRACKED,RETAINED,data/phase2_roi_crops/retained/WhatsApp_Video_2026-08-11_at_6.55.17_AM/crop_001425.jpg
WhatsApp Video 2026-08-11 at 6.55.17 AM.mp4,20,Mild Steel,val,1440,24.0,393,253,150,150,243,103,543,403,300,300,88.91,10.97,TRACKED,RETAINED,data/phase2_roi_crops/retained/WhatsApp_Video_2026-08-11_at_6.55.17_AM/crop_001440.jpg
WhatsApp Video 2026-08-11 at 6.55.17 AM.mp4,20,Mild Steel,val,1455,24.25,392,253,150,150,242,103,542,403,300,300,91.94,9.6,TRACKED,RETAINED,data/phase2_roi_crops/retained/WhatsApp_Video_2026-08-11_at_6.55.17_AM/crop_001455.jpg
WhatsApp Video 2026-08-11 at 6.55.17 AM.mp4,20,Mild Steel,val,1470,24.5,393,254,150,150,243,104,543,404,300,300,92.06,2.33,TRACKED,RETAINED,data/phase2_roi_crops/retained/WhatsApp_Video_2026-08-11_at_6.55.17_AM/crop_001470.jpg
WhatsApp Video 2026-08-11 at 6.55.17 AM.mp4,20,Mild Steel,val,1485,24.75,394,254,150,150,244,104,544,404,300,300,92.33,4.85,TRACKED,RETAINED,data/phase2_roi_crops/retained/WhatsApp_Video_2026-08-11_at_6.55.17_AM/crop_001485.jpg
WhatsApp Video 2026-08-11 at 6.55.17 AM.mp4,20,Mild Steel,val,1500,25.0,389,250,150,150,239,100,539,400,300,300,146.55,14.05,TRACKED,RETAINED,data/phase2_roi_crops/retained/WhatsApp_Video_2026-08-11_at_6.55.17_AM/crop_001500.jpg
WhatsApp Video 2026-08-11 at 6.55.17 AM.mp4,20,Mild Steel,val,1515,25.25,390,251,150,150,240,101,540,401,300,300,95.64,9.4,TRACKED,RETAINED,data/phase2_roi_crops/retained/WhatsApp_Video_2026-08-11_at_6.55.17_AM/crop_001515.jpg
WhatsApp Video 2026-08-11 at 6.55.17 AM.mp4,20,Mild Steel,val,1530,25.5,386,252,150,150,236,102,536,402,300,300,98.31,10.87,TRACKED,RETAINED,data/phase2_roi_crops/retained/WhatsApp_Video_2026-08-11_at_6.55.17_AM/crop_001530.jpg
WhatsApp Video 2026-08-11 at 6.55.17 AM.mp4,20,Mild Steel,val,1545,25.75,383,248,150,150,233,98,533,398,300,300,91.53,15.27,TRACKED,RETAINED,data/phase2_roi_crops/retained/WhatsApp_Video_2026-08-11_at_6.55.17_AM/crop_001545.jpg
WhatsApp Video 2026-08-11 at 6.55.17 AM.mp4,20,Mild Steel,val,1560,26.0,386,246,150,150,236,96,536,396,300,300,87.22,8.13,TRACKED,RETAINED,data/phase2_roi_crops/retained/WhatsApp_Video_2026-08-11_at_6.55.17_AM/crop_001560.jpg
WhatsApp Video 2026-08-11 at 6.55.17 AM.mp4,20,Mild Steel,val,1575,26.25,388,246,150,150,238,96,538,396,300,300,95.78,3.3,TRACKED,RETAINED,data/phase2_roi_crops/retained/WhatsApp_Video_2026-08-11_at_6.55.17_AM/crop_001575.jpg
WhatsApp Video 2026-08-11 at 6.55.17 AM.mp4,20,Mild Steel,val,1590,26.5,386,243,150,150,236,93,536,393,300,300,91.4,2.94,TRACKED,RETAINED,data/phase2_roi_crops/retained/WhatsApp_Video_2026-08-11_at_6.55.17_AM/crop_001590.jpg
WhatsApp Video 2026-08-11 at 6.55.17 AM.mp4,20,Mild Steel,val,1605,26.75,384,245,150,150,234,95,534,395,300,300,103.63,17.32,TRACKED,RETAINED,data/phase2_roi_crops/retained/WhatsApp_Video_2026-08-11_at_6.55.17_AM/crop_001605.jpg
WhatsApp Video 2026-08-11 at 6.55.17 AM.mp4,20,Mild Steel,val,1620,27.0,386,240,150,150,236,90,536,390,300,300,91.68,4.39,TRACKED,RETAINED,data/phase2_roi_crops/retained/WhatsApp_Video_2026-08-11_at_6.55.17_AM/crop_001620.jpg
WhatsApp Video 2026-08-11 at 6.55.17 AM.mp4,20,Mild Steel,val,1635,27.25,383,242,150,150,233,92,533,392,300,300,92.27,14.35,TRACKED,RETAINED,data/phase2_roi_crops/retained/WhatsApp_Video_2026-08-11_at_6.55.17_AM/crop_001635.jpg
WhatsApp Video 2026-08-11 at 6.55.17 AM.mp4,20,Mild Steel,val,1650,27.5,379,241,150,150,229,91,529,391,300,300,82.01,3.84,TRACKED,RETAINED,data/phase2_roi_crops/retained/WhatsApp_Video_2026-08-11_at_6.55.17_AM/crop_001650.jpg
WhatsApp Video 2026-08-11 at 6.55.17 AM.mp4,20,Mild Steel,val,1665,27.75,378,242,150,150,228,92,528,392,300,300,88.66,4.85,TRACKED,RETAINED,data/phase2_roi_crops/retained/WhatsApp_Video_2026-08-11_at_6.55.17_AM/crop_001665.jpg
WhatsApp Video 2026-08-11 at 6.55.17 AM.mp4,20,Mild Steel,val,1680,28.0,378,240,150,150,228,90,528,390,300,300,89.06,4.2,TRACKED,RETAINED,data/phase2_roi_crops/retained/WhatsApp_Video_2026-08-11_at_6.55.17_AM/crop_001680.jpg
WhatsApp Video 2026-08-11 at 6.55.17 AM.mp4,20,Mild Steel,val,1695,28.25,384,244,150,150,234,94,534,394,300,300,93.89,11.46,TRACKED,RETAINED,data/phase2_roi_crops/retained/WhatsApp_Video_2026-08-11_at_6.55.17_AM/crop_001695.jpg
WhatsApp Video 2026-08-11 at 6.55.17 AM.mp4,20,Mild Steel,val,1710,28.5,386,243,150,150,236,93,536,393,300,300,87.59,5.66,TRACKED,RETAINED,data/phase2_roi_crops/retained/WhatsApp_Video_2026-08-11_at_6.55.17_AM/crop_001710.jpg
WhatsApp Video 2026-08-11 at 6.55.17 AM.mp4,20,Mild Steel,val,1725,28.75,382,244,150,150,232,94,532,394,300,300,80.24,8.54,TRACKED,RETAINED,data/phase2_roi_crops/retained/WhatsApp_Video_2026-08-11_at_6.55.17_AM/crop_001725.jpg
WhatsApp Video 2026-08-11 at 6.55.17 AM.mp4,20,Mild Steel,val,1740,29.0,382,245,150,150,232,95,532,395,300,300,83.18,4.31,TRACKED,RETAINED,data/phase2_roi_crops/retained/WhatsApp_Video_2026-08-11_at_6.55.17_AM/crop_001740.jpg
WhatsApp Video 2026-08-11 at 6.55.17 AM.mp4,20,Mild Steel,val,1755,29.25,383,242,150,150,233,92,533,392,300,300,90.47,4.57,TRACKED,RETAINED,data/phase2_roi_crops/retained/WhatsApp_Video_2026-08-11_at_6.55.17_AM/crop_001755.jpg
WhatsApp Video 2026-08-11 at 6.55.17 AM.mp4,20,Mild Steel,val,1770,29.5,383,244,150,150,233,94,533,394,300,300,91.57,13.7,TRACKED,RETAINED,data/phase2_roi_crops/retained/WhatsApp_Video_2026-08-11_at_6.55.17_AM/crop_001770.jpg
WhatsApp Video 2026-08-11 at 6.55.17 AM.mp4,20,Mild Steel,val,1785,29.75,380,245,150,150,230,95,530,395,300,300,86.79,16.33,TRACKED,RETAINED,data/phase2_roi_crops/retained/WhatsApp_Video_2026-08-11_at_6.55.17_AM/crop_001785.jpg
WhatsApp Video 2026-08-11 at 6.55.17 AM.mp4,20,Mild Steel,val,1800,30.0,380,245,150,150,230,95,530,395,300,300,136.81,7.54,TRACKED,RETAINED,data/phase2_roi_crops/retained/WhatsApp_Video_2026-08-11_at_6.55.17_AM/crop_001800.jpg
WhatsApp Video 2026-08-11 at 6.55.17 AM.mp4,20,Mild Steel,val,1815,30.25,380,247,150,150,230,97,530,397,300,300,94.61,7.54,TRACKED,RETAINED,data/phase2_roi_crops/retained/WhatsApp_Video_2026-08-11_at_6.55.17_AM/crop_001815.jpg
WhatsApp Video 2026-08-11 at 6.55.17 AM.mp4,20,Mild Steel,val,1830,30.5,383,245,150,150,233,95,533,395,300,300,94.13,7.03,TRACKED,RETAINED,data/phase2_roi_crops/retained/WhatsApp_Video_2026-08-11_at_6.55.17_AM/crop_001830.jpg
WhatsApp Video 2026-08-11 at 6.55.17 AM.mp4,20,Mild Steel,val,1845,30.75,378,244,150,150,228,94,528,394,300,300,85.51,5.28,TRACKED,RETAINED,data/phase2_roi_crops/retained/WhatsApp_Video_2026-08-11_at_6.55.17_AM/crop_001845.jpg
WhatsApp Video 2026-08-11 at 6.55.17 AM.mp4,20,Mild Steel,val,1860,31.0,380,246,150,150,230,96,530,396,300,300,84.45,9.31,TRACKED,RETAINED,data/phase2_roi_crops/retained/WhatsApp_Video_2026-08-11_at_6.55.17_AM/crop_001860.jpg
WhatsApp Video 2026-08-11 at 6.55.17 AM.mp4,20,Mild Steel,val,1875,31.25,380,246,150,150,230,96,530,396,300,300,82.24,12.93,TRACKED,RETAINED,data/phase2_roi_crops/retained/WhatsApp_Video_2026-08-11_at_6.55.17_AM/crop_001875.jpg
WhatsApp Video 2026-08-11 at 6.55.17 AM.mp4,20,Mild Steel,val,1890,31.5,376,249,150,150,226,99,526,399,300,300,90.63,7.73,TRACKED,RETAINED,data/phase2_roi_crops/retained/WhatsApp_Video_2026-08-11_at_6.55.17_AM/crop_001890.jpg
WhatsApp Video 2026-08-11 at 6.55.17 AM.mp4,20,Mild Steel,val,1905,31.75,377,251,150,150,227,101,527,401,300,300,101.4,2.74,TRACKED,RETAINED,data/phase2_roi_crops/retained/WhatsApp_Video_2026-08-11_at_6.55.17_AM/crop_001905.jpg
WhatsApp Video 2026-08-11 at 6.55.17 AM.mp4,20,Mild Steel,val,1920,32.0,380,251,150,150,230,101,530,401,300,300,86.14,9.25,TRACKED,RETAINED,data/phase2_roi_crops/retained/WhatsApp_Video_2026-08-11_at_6.55.17_AM/crop_001920.jpg
WhatsApp Video 2026-08-11 at 6.55.17 AM.mp4,20,Mild Steel,val,1935,32.25,379,248,150,150,229,98,529,398,300,300,106.81,11.69,TRACKED,RETAINED,data/phase2_roi_crops/retained/WhatsApp_Video_2026-08-11_at_6.55.17_AM/crop_001935.jpg
WhatsApp Video 2026-08-11 at 6.55.17 AM.mp4,20,Mild Steel,val,1950,32.5,377,252,150,150,227,102,527,402,300,300,107.3,11.57,TRACKED,RETAINED,data/phase2_roi_crops/retained/WhatsApp_Video_2026-08-11_at_6.55.17_AM/crop_001950.jpg
WhatsApp Video 2026-08-11 at 6.55.17 AM.mp4,20,Mild Steel,val,1965,32.75,380,250,150,150,230,100,530,400,300,300,105.19,4.7,TRACKED,RETAINED,data/phase2_roi_crops/retained/WhatsApp_Video_2026-08-11_at_6.55.17_AM/crop_001965.jpg
WhatsApp Video 2026-08-11 at 6.55.17 AM.mp4,20,Mild Steel,val,1980,33.0,378,246,150,150,228,96,528,396,300,300,116.76,8.25,TRACKED,RETAINED,data/phase2_roi_crops/retained/WhatsApp_Video_2026-08-11_at_6.55.17_AM/crop_001980.jpg
WhatsApp Video 2026-08-11 at 6.55.17 AM.mp4,20,Mild Steel,val,1995,33.25,379,248,150,150,229,98,529,398,300,300,119.71,15.9,TRACKED,RETAINED,data/phase2_roi_crops/retained/WhatsApp_Video_2026-08-11_at_6.55.17_AM/crop_001995.jpg
WhatsApp Video 2026-08-11 at 6.55.17 AM.mp4,20,Mild Steel,val,2010,33.5,379,249,150,150,229,99,529,399,300,300,104.63,2.89,TRACKED,RETAINED,data/phase2_roi_crops/retained/WhatsApp_Video_2026-08-11_at_6.55.17_AM/crop_002010.jpg
WhatsApp Video 2026-08-11 at 6.55.17 AM.mp4,20,Mild Steel,val,2025,33.75,383,252,150,150,233,102,533,402,300,300,108.72,8.74,TRACKED,RETAINED,data/phase2_roi_crops/retained/WhatsApp_Video_2026-08-11_at_6.55.17_AM/crop_002025.jpg
WhatsApp Video 2026-08-11 at 6.55.17 AM.mp4,20,Mild Steel,val,2040,34.0,378,251,150,150,228,101,528,401,300,300,118.39,21.31,TRACKED,RETAINED,data/phase2_roi_crops/retained/WhatsApp_Video_2026-08-11_at_6.55.17_AM/crop_002040.jpg
WhatsApp Video 2026-08-11 at 6.55.17 AM.mp4,20,Mild Steel,val,2055,34.25,382,252,150,150,232,102,532,402,300,300,94.98,8.42,TRACKED,RETAINED,data/phase2_roi_crops/retained/WhatsApp_Video_2026-08-11_at_6.55.17_AM/crop_002055.jpg
WhatsApp Video 2026-08-11 at 6.55.17 AM.mp4,20,Mild Steel,val,2070,34.5,382,252,150,150,232,102,532,402,300,300,90.41,5.29,TRACKED,RETAINED,data/phase2_roi_crops/retained/WhatsApp_Video_2026-08-11_at_6.55.17_AM/crop_002070.jpg
WhatsApp Video 2026-08-11 at 6.55.17 AM.mp4,20,Mild Steel,val,2085,34.75,379,251,150,150,229,101,529,401,300,300,92.93,4.84,TRACKED,RETAINED,data/phase2_roi_crops/retained/WhatsApp_Video_2026-08-11_at_6.55.17_AM/crop_002085.jpg
WhatsApp Video 2026-08-11 at 6.55.17 AM.mp4,20,Mild Steel,val,2100,35.0,379,256,150,150,229,106,529,406,300,300,145.75,5.99,TRACKED,RETAINED,data/phase2_roi_crops/retained/WhatsApp_Video_2026-08-11_at_6.55.17_AM/crop_002100.jpg
WhatsApp Video 2026-08-11 at 6.55.17 AM.mp4,20,Mild Steel,val,2115,35.25,379,255,150,150,229,105,529,405,300,300,91.06,13.77,TRACKED,RETAINED,data/phase2_roi_crops/retained/WhatsApp_Video_2026-08-11_at_6.55.17_AM/crop_002115.jpg
WhatsApp Video 2026-08-11 at 6.55.17 AM.mp4,20,Mild Steel,val,2130,35.5,378,256,150,150,228,106,528,406,300,300,92.19,3.16,TRACKED,RETAINED,data/phase2_roi_crops/retained/WhatsApp_Video_2026-08-11_at_6.55.17_AM/crop_002130.jpg
WhatsApp Video 2026-08-11 at 6.55.17 AM.mp4,20,Mild Steel,val,2145,35.75,379,258,150,150,229,108,529,408,300,300,92.18,3.69,TRACKED,RETAINED,data/phase2_roi_crops/retained/WhatsApp_Video_2026-08-11_at_6.55.17_AM/crop_002145.jpg
WhatsApp Video 2026-08-11 at 6.55.17 AM.mp4,20,Mild Steel,val,2160,36.0,379,253,150,150,229,103,529,403,300,300,113.42,18.41,TRACKED,RETAINED,data/phase2_roi_crops/retained/WhatsApp_Video_2026-08-11_at_6.55.17_AM/crop_002160.jpg
WhatsApp Video 2026-08-11 at 6.55.17 AM.mp4,20,Mild Steel,val,2175,36.25,379,255,150,150,229,105,529,405,300,300,105.99,8.59,TRACKED,RETAINED,data/phase2_roi_crops/retained/WhatsApp_Video_2026-08-11_at_6.55.17_AM/crop_002175.jpg
WhatsApp Video 2026-08-11 at 6.55.17 AM.mp4,20,Mild Steel,val,2190,36.5,374,254,150,150,224,104,524,404,300,300,109.45,7.39,TRACKED,RETAINED,data/phase2_roi_crops/retained/WhatsApp_Video_2026-08-11_at_6.55.17_AM/crop_002190.jpg
WhatsApp Video 2026-08-11 at 6.55.17 AM.mp4,20,Mild Steel,val,2205,36.75,381,255,150,150,231,105,531,405,300,300,102.26,6.26,TRACKED,RETAINED,data/phase2_roi_crops/retained/WhatsApp_Video_2026-08-11_at_6.55.17_AM/crop_002205.jpg
WhatsApp Video 2026-08-11 at 6.55.17 AM.mp4,20,Mild Steel,val,2220,37.0,383,255,150,150,233,105,533,405,300,300,105.13,4.23,TRACKED,RETAINED,data/phase2_roi_crops/retained/WhatsApp_Video_2026-08-11_at_6.55.17_AM/crop_002220.jpg
WhatsApp Video 2026-08-11 at 6.55.17 AM.mp4,20,Mild Steel,val,2235,37.25,377,255,150,150,227,105,527,405,300,300,113.67,17.72,TRACKED,RETAINED,data/phase2_roi_crops/retained/WhatsApp_Video_2026-08-11_at_6.55.17_AM/crop_002235.jpg
WhatsApp Video 2026-08-11 at 6.55.18 AM (1).mp4,21,Mild Steel,train,0,0.0,468,244,150,150,318,94,618,394,300,300,1703.1,0.0,TRACKED,RETAINED,data/phase2_roi_crops/retained/WhatsApp_Video_2026-08-11_at_6.55.18_AM_(1)/crop_000000.jpg
WhatsApp Video 2026-08-11 at 6.55.18 AM (1).mp4,21,Mild Steel,train,15,0.25,471,245,150,150,321,95,621,395,300,300,895.74,17.45,TRACKED,RETAINED,data/phase2_roi_crops/retained/WhatsApp_Video_2026-08-11_at_6.55.18_AM_(1)/crop_000015.jpg
WhatsApp Video 2026-08-11 at 6.55.18 AM (1).mp4,21,Mild Steel,train,30,0.5,467,244,150,150,317,94,617,394,300,300,715.76,25.96,TRACKED,RETAINED,data/phase2_roi_crops/retained/WhatsApp_Video_2026-08-11_at_6.55.18_AM_(1)/crop_000030.jpg
WhatsApp Video 2026-08-11 at 6.55.18 AM (1).mp4,21,Mild Steel,train,45,0.75,468,245,150,150,318,95,618,395,300,300,663.83,8.01,TRACKED,RETAINED,data/phase2_roi_crops/retained/WhatsApp_Video_2026-08-11_at_6.55.18_AM_(1)/crop_000045.jpg
WhatsApp Video 2026-08-11 at 6.55.18 AM (1).mp4,21,Mild Steel,train,60,1.0,466,245,150,150,316,95,616,395,300,300,594.18,11.3,TRACKED,RETAINED,data/phase2_roi_crops/retained/WhatsApp_Video_2026-08-11_at_6.55.18_AM_(1)/crop_000060.jpg
WhatsApp Video 2026-08-11 at 6.55.18 AM (1).mp4,21,Mild Steel,train,75,1.25,465,247,150,150,315,97,615,397,300,300,398.87,9.56,TRACKED,RETAINED,data/phase2_roi_crops/retained/WhatsApp_Video_2026-08-11_at_6.55.18_AM_(1)/crop_000075.jpg
WhatsApp Video 2026-08-11 at 6.55.18 AM (1).mp4,21,Mild Steel,train,90,1.5,463,247,150,150,313,97,613,397,300,300,311.49,8.18,TRACKED,RETAINED,data/phase2_roi_crops/retained/WhatsApp_Video_2026-08-11_at_6.55.18_AM_(1)/crop_000090.jpg
WhatsApp Video 2026-08-11 at 6.55.18 AM (1).mp4,21,Mild Steel,train,105,1.75,459,247,150,150,309,97,609,397,300,300,347.47,6.95,TRACKED,RETAINED,data/phase2_roi_crops/retained/WhatsApp_Video_2026-08-11_at_6.55.18_AM_(1)/crop_000105.jpg
WhatsApp Video 2026-08-11 at 6.55.18 AM (1).mp4,21,Mild Steel,train,120,2.0,460,244,150,150,310,94,610,394,300,300,283.25,22.23,TRACKED,RETAINED,data/phase2_roi_crops/retained/WhatsApp_Video_2026-08-11_at_6.55.18_AM_(1)/crop_000120.jpg
WhatsApp Video 2026-08-11 at 6.55.18 AM (1).mp4,21,Mild Steel,train,135,2.25,460,245,150,150,310,95,610,395,300,300,298.88,22.39,TRACKED,RETAINED,data/phase2_roi_crops/retained/WhatsApp_Video_2026-08-11_at_6.55.18_AM_(1)/crop_000135.jpg
WhatsApp Video 2026-08-11 at 6.55.18 AM (1).mp4,21,Mild Steel,train,150,2.5,461,245,150,150,311,95,611,395,300,300,303.51,9.53,TRACKED,RETAINED,data/phase2_roi_crops/retained/WhatsApp_Video_2026-08-11_at_6.55.18_AM_(1)/crop_000150.jpg
WhatsApp Video 2026-08-11 at 6.55.18 AM (1).mp4,21,Mild Steel,train,165,2.75,462,247,150,150,312,97,612,397,300,300,314.98,5.01,TRACKED,RETAINED,data/phase2_roi_crops/retained/WhatsApp_Video_2026-08-11_at_6.55.18_AM_(1)/crop_000165.jpg
WhatsApp Video 2026-08-11 at 6.55.18 AM (1).mp4,21,Mild Steel,train,180,3.0,459,245,150,150,309,95,609,395,300,300,494.23,19.54,TRACKED,RETAINED,data/phase2_roi_crops/retained/WhatsApp_Video_2026-08-11_at_6.55.18_AM_(1)/crop_000180.jpg
WhatsApp Video 2026-08-11 at 6.55.18 AM (1).mp4,21,Mild Steel,train,195,3.25,458,243,150,150,308,93,608,393,300,300,731.03,11.05,TRACKED,RETAINED,data/phase2_roi_crops/retained/WhatsApp_Video_2026-08-11_at_6.55.18_AM_(1)/crop_000195.jpg
WhatsApp Video 2026-08-11 at 6.55.18 AM (1).mp4,21,Mild Steel,train,210,3.5,458,243,150,150,308,93,608,393,300,300,720.77,7.27,TRACKED,RETAINED,data/phase2_roi_crops/retained/WhatsApp_Video_2026-08-11_at_6.55.18_AM_(1)/crop_000210.jpg
WhatsApp Video 2026-08-11 at 6.55.18 AM (1).mp4,21,Mild Steel,train,225,3.75,458,245,150,150,308,95,608,395,300,300,608.2,6.11,TRACKED,RETAINED,data/phase2_roi_crops/retained/WhatsApp_Video_2026-08-11_at_6.55.18_AM_(1)/crop_000225.jpg
WhatsApp Video 2026-08-11 at 6.55.18 AM (1).mp4,21,Mild Steel,train,240,4.0,457,245,150,150,307,95,607,395,300,300,759.14,7.81,TRACKED,RETAINED,data/phase2_roi_crops/retained/WhatsApp_Video_2026-08-11_at_6.55.18_AM_(1)/crop_000240.jpg
WhatsApp Video 2026-08-11 at 6.55.18 AM (1).mp4,21,Mild Steel,train,255,4.25,456,245,150,150,306,95,606,395,300,300,656.92,4.65,TRACKED,RETAINED,data/phase2_roi_crops/retained/WhatsApp_Video_2026-08-11_at_6.55.18_AM_(1)/crop_000255.jpg
WhatsApp Video 2026-08-11 at 6.55.18 AM (1).mp4,21,Mild Steel,train,270,4.5,455,245,150,150,305,95,605,395,300,300,748.06,6.05,TRACKED,RETAINED,data/phase2_roi_crops/retained/WhatsApp_Video_2026-08-11_at_6.55.18_AM_(1)/crop_000270.jpg
WhatsApp Video 2026-08-11 at 6.55.18 AM (1).mp4,21,Mild Steel,train,285,4.75,454,245,150,150,304,95,604,395,300,300,799.38,10.6,TRACKED,RETAINED,data/phase2_roi_crops/retained/WhatsApp_Video_2026-08-11_at_6.55.18_AM_(1)/crop_000285.jpg
WhatsApp Video 2026-08-11 at 6.55.18 AM (1).mp4,21,Mild Steel,train,300,5.0,455,243,150,150,305,93,605,393,300,300,1381.23,10.01,TRACKED,RETAINED,data/phase2_roi_crops/retained/WhatsApp_Video_2026-08-11_at_6.55.18_AM_(1)/crop_000300.jpg
WhatsApp Video 2026-08-11 at 6.55.18 AM (1).mp4,21,Mild Steel,train,315,5.25,454,241,150,150,304,91,604,391,300,300,628.0,9.77,TRACKED,RETAINED,data/phase2_roi_crops/retained/WhatsApp_Video_2026-08-11_at_6.55.18_AM_(1)/crop_000315.jpg
WhatsApp Video 2026-08-11 at 6.55.18 AM (1).mp4,21,Mild Steel,train,330,5.5,450,244,150,150,300,94,600,394,300,300,603.22,25.22,TRACKED,RETAINED,data/phase2_roi_crops/retained/WhatsApp_Video_2026-08-11_at_6.55.18_AM_(1)/crop_000330.jpg
WhatsApp Video 2026-08-11 at 6.55.18 AM (1).mp4,21,Mild Steel,train,345,5.75,449,243,150,150,299,93,599,393,300,300,693.01,7.85,TRACKED,RETAINED,data/phase2_roi_crops/retained/WhatsApp_Video_2026-08-11_at_6.55.18_AM_(1)/crop_000345.jpg
WhatsApp Video 2026-08-11 at 6.55.18 AM (1).mp4,21,Mild Steel,train,360,6.0,449,241,150,150,299,91,599,391,300,300,602.62,9.28,TRACKED,RETAINED,data/phase2_roi_crops/retained/WhatsApp_Video_2026-08-11_at_6.55.18_AM_(1)/crop_000360.jpg
WhatsApp Video 2026-08-11 at 6.55.18 AM (1).mp4,21,Mild Steel,train,375,6.25,448,241,150,150,298,91,598,391,300,300,673.27,10.13,TRACKED,RETAINED,data/phase2_roi_crops/retained/WhatsApp_Video_2026-08-11_at_6.55.18_AM_(1)/crop_000375.jpg
WhatsApp Video 2026-08-11 at 6.55.18 AM (1).mp4,21,Mild Steel,train,390,6.5,447,242,150,150,297,92,597,392,300,300,638.44,10.78,TRACKED,RETAINED,data/phase2_roi_crops/retained/WhatsApp_Video_2026-08-11_at_6.55.18_AM_(1)/crop_000390.jpg
WhatsApp Video 2026-08-11 at 6.55.18 AM (1).mp4,21,Mild Steel,train,405,6.75,448,242,150,150,298,92,598,392,300,300,659.99,9.04,TRACKED,RETAINED,data/phase2_roi_crops/retained/WhatsApp_Video_2026-08-11_at_6.55.18_AM_(1)/crop_000405.jpg
WhatsApp Video 2026-08-11 at 6.55.18 AM (1).mp4,21,Mild Steel,train,420,7.0,448,243,150,150,298,93,598,393,300,300,698.0,6.61,TRACKED,RETAINED,data/phase2_roi_crops/retained/WhatsApp_Video_2026-08-11_at_6.55.18_AM_(1)/crop_000420.jpg
WhatsApp Video 2026-08-11 at 6.55.18 AM (1).mp4,21,Mild Steel,train,435,7.25,447,242,150,150,297,92,597,392,300,300,702.97,11.0,TRACKED,RETAINED,data/phase2_roi_crops/retained/WhatsApp_Video_2026-08-11_at_6.55.18_AM_(1)/crop_000435.jpg
WhatsApp Video 2026-08-11 at 6.55.18 AM (1).mp4,21,Mild Steel,train,450,7.5,447,242,150,150,297,92,597,392,300,300,742.69,6.03,TRACKED,RETAINED,data/phase2_roi_crops/retained/WhatsApp_Video_2026-08-11_at_6.55.18_AM_(1)/crop_000450.jpg
WhatsApp Video 2026-08-11 at 6.55.18 AM (1).mp4,21,Mild Steel,train,465,7.75,447,242,150,150,297,92,597,392,300,300,747.32,6.11,TRACKED,RETAINED,data/phase2_roi_crops/retained/WhatsApp_Video_2026-08-11_at_6.55.18_AM_(1)/crop_000465.jpg
WhatsApp Video 2026-08-11 at 6.55.18 AM (1).mp4,21,Mild Steel,train,480,8.0,445,241,150,150,295,91,595,391,300,300,538.95,4.92,TRACKED,RETAINED,data/phase2_roi_crops/retained/WhatsApp_Video_2026-08-11_at_6.55.18_AM_(1)/crop_000480.jpg
WhatsApp Video 2026-08-11 at 6.55.18 AM (1).mp4,21,Mild Steel,train,495,8.25,437,238,150,150,287,88,587,388,300,300,811.44,25.01,TRACKED,RETAINED,data/phase2_roi_crops/retained/WhatsApp_Video_2026-08-11_at_6.55.18_AM_(1)/crop_000495.jpg
WhatsApp Video 2026-08-11 at 6.55.18 AM (1).mp4,21,Mild Steel,train,510,8.5,440,239,150,150,290,89,590,389,300,300,603.7,42.84,TRACKED,RETAINED,data/phase2_roi_crops/retained/WhatsApp_Video_2026-08-11_at_6.55.18_AM_(1)/crop_000510.jpg
WhatsApp Video 2026-08-11 at 6.55.18 AM (1).mp4,21,Mild Steel,train,525,8.75,438,233,150,150,288,83,588,383,300,300,626.35,29.04,TRACKED,RETAINED,data/phase2_roi_crops/retained/WhatsApp_Video_2026-08-11_at_6.55.18_AM_(1)/crop_000525.jpg
WhatsApp Video 2026-08-11 at 6.55.18 AM (1).mp4,21,Mild Steel,train,540,9.0,440,229,150,150,290,79,590,379,300,300,588.17,24.42,TRACKED,RETAINED,data/phase2_roi_crops/retained/WhatsApp_Video_2026-08-11_at_6.55.18_AM_(1)/crop_000540.jpg
WhatsApp Video 2026-08-11 at 6.55.18 AM (1).mp4,21,Mild Steel,train,555,9.25,438,229,150,150,288,79,588,379,300,300,676.29,25.18,TRACKED,RETAINED,data/phase2_roi_crops/retained/WhatsApp_Video_2026-08-11_at_6.55.18_AM_(1)/crop_000555.jpg
WhatsApp Video 2026-08-11 at 6.55.18 AM (1).mp4,21,Mild Steel,train,570,9.5,436,225,150,150,286,75,586,375,300,300,709.54,12.23,TRACKED,RETAINED,data/phase2_roi_crops/retained/WhatsApp_Video_2026-08-11_at_6.55.18_AM_(1)/crop_000570.jpg
WhatsApp Video 2026-08-11 at 6.55.18 AM (1).mp4,21,Mild Steel,train,585,9.75,435,222,150,150,285,72,585,372,300,300,714.05,25.33,TRACKED,RETAINED,data/phase2_roi_crops/retained/WhatsApp_Video_2026-08-11_at_6.55.18_AM_(1)/crop_000585.jpg
WhatsApp Video 2026-08-11 at 6.55.18 AM (1).mp4,21,Mild Steel,train,600,10.0,434,219,150,150,284,69,584,369,300,300,1725.54,15.13,TRACKED,RETAINED,data/phase2_roi_crops/retained/WhatsApp_Video_2026-08-11_at_6.55.18_AM_(1)/crop_000600.jpg
WhatsApp Video 2026-08-11 at 6.55.18 AM (1).mp4,21,Mild Steel,train,615,10.25,436,216,150,150,286,66,586,366,300,300,728.34,7.92,TRACKED,RETAINED,data/phase2_roi_crops/retained/WhatsApp_Video_2026-08-11_at_6.55.18_AM_(1)/crop_000615.jpg
WhatsApp Video 2026-08-11 at 6.55.18 AM (1).mp4,21,Mild Steel,train,630,10.5,437,215,150,150,287,65,587,365,300,300,716.67,5.41,TRACKED,RETAINED,data/phase2_roi_crops/retained/WhatsApp_Video_2026-08-11_at_6.55.18_AM_(1)/crop_000630.jpg
WhatsApp Video 2026-08-11 at 6.55.18 AM (1).mp4,21,Mild Steel,train,645,10.75,437,214,150,150,287,64,587,364,300,300,662.98,12.49,TRACKED,RETAINED,data/phase2_roi_crops/retained/WhatsApp_Video_2026-08-11_at_6.55.18_AM_(1)/crop_000645.jpg
WhatsApp Video 2026-08-11 at 6.55.18 AM (1).mp4,21,Mild Steel,train,660,11.0,435,213,150,150,285,63,585,363,300,300,728.02,9.49,TRACKED,RETAINED,data/phase2_roi_crops/retained/WhatsApp_Video_2026-08-11_at_6.55.18_AM_(1)/crop_000660.jpg
WhatsApp Video 2026-08-11 at 6.55.18 AM (1).mp4,21,Mild Steel,train,675,11.25,430,207,150,150,280,57,580,357,300,300,746.65,20.66,TRACKED,RETAINED,data/phase2_roi_crops/retained/WhatsApp_Video_2026-08-11_at_6.55.18_AM_(1)/crop_000675.jpg
WhatsApp Video 2026-08-11 at 6.55.18 AM (1).mp4,21,Mild Steel,train,690,11.5,431,204,150,150,281,54,581,354,300,300,607.55,19.85,TRACKED,RETAINED,data/phase2_roi_crops/retained/WhatsApp_Video_2026-08-11_at_6.55.18_AM_(1)/crop_000690.jpg
WhatsApp Video 2026-08-11 at 6.55.18 AM (1).mp4,21,Mild Steel,train,705,11.75,429,203,150,150,279,53,579,353,300,300,699.18,10.99,TRACKED,RETAINED,data/phase2_roi_crops/retained/WhatsApp_Video_2026-08-11_at_6.55.18_AM_(1)/crop_000705.jpg
WhatsApp Video 2026-08-11 at 6.55.18 AM (1).mp4,21,Mild Steel,train,720,12.0,429,197,150,150,279,47,579,347,300,300,698.31,27.57,TRACKED,RETAINED,data/phase2_roi_crops/retained/WhatsApp_Video_2026-08-11_at_6.55.18_AM_(1)/crop_000720.jpg
WhatsApp Video 2026-08-11 at 6.55.18 AM (1).mp4,21,Mild Steel,train,735,12.25,428,198,150,150,278,48,578,348,300,300,612.46,9.79,TRACKED,RETAINED,data/phase2_roi_crops/retained/WhatsApp_Video_2026-08-11_at_6.55.18_AM_(1)/crop_000735.jpg
WhatsApp Video 2026-08-11 at 6.55.18 AM (1).mp4,21,Mild Steel,train,750,12.5,427,191,150,150,277,41,577,341,300,300,606.56,29.2,TRACKED,RETAINED,data/phase2_roi_crops/retained/WhatsApp_Video_2026-08-11_at_6.55.18_AM_(1)/crop_000750.jpg
WhatsApp Video 2026-08-11 at 6.55.18 AM (1).mp4,21,Mild Steel,train,765,12.75,428,192,150,150,278,42,578,342,300,300,774.03,6.03,TRACKED,RETAINED,data/phase2_roi_crops/retained/WhatsApp_Video_2026-08-11_at_6.55.18_AM_(1)/crop_000765.jpg
WhatsApp Video 2026-08-11 at 6.55.18 AM (1).mp4,21,Mild Steel,train,780,13.0,426,185,150,150,276,35,576,335,300,300,736.21,25.6,TRACKED,RETAINED,data/phase2_roi_crops/retained/WhatsApp_Video_2026-08-11_at_6.55.18_AM_(1)/crop_000780.jpg
WhatsApp Video 2026-08-11 at 6.55.18 AM (1).mp4,21,Mild Steel,train,795,13.25,427,184,150,150,277,34,577,334,300,300,734.53,9.83,TRACKED,RETAINED,data/phase2_roi_crops/retained/WhatsApp_Video_2026-08-11_at_6.55.18_AM_(1)/crop_000795.jpg
WhatsApp Video 2026-08-11 at 6.55.18 AM (1).mp4,21,Mild Steel,train,810,13.5,426,181,150,150,276,31,576,331,300,300,721.72,19.1,TRACKED,RETAINED,data/phase2_roi_crops/retained/WhatsApp_Video_2026-08-11_at_6.55.18_AM_(1)/crop_000810.jpg
WhatsApp Video 2026-08-11 at 6.55.18 AM (1).mp4,21,Mild Steel,train,825,13.75,422,180,150,150,272,30,572,330,300,300,659.7,9.77,TRACKED,RETAINED,data/phase2_roi_crops/retained/WhatsApp_Video_2026-08-11_at_6.55.18_AM_(1)/crop_000825.jpg
WhatsApp Video 2026-08-11 at 6.55.18 AM (1).mp4,21,Mild Steel,train,840,14.0,420,176,150,150,270,26,570,326,300,300,555.17,13.93,TRACKED,RETAINED,data/phase2_roi_crops/retained/WhatsApp_Video_2026-08-11_at_6.55.18_AM_(1)/crop_000840.jpg
WhatsApp Video 2026-08-11 at 6.55.18 AM (1).mp4,21,Mild Steel,train,855,14.25,421,168,150,150,271,18,571,318,300,300,700.43,22.66,TRACKED,RETAINED,data/phase2_roi_crops/retained/WhatsApp_Video_2026-08-11_at_6.55.18_AM_(1)/crop_000855.jpg
WhatsApp Video 2026-08-11 at 6.55.18 AM (1).mp4,21,Mild Steel,train,870,14.5,421,166,150,150,271,16,571,316,300,300,725.36,20.04,TRACKED,RETAINED,data/phase2_roi_crops/retained/WhatsApp_Video_2026-08-11_at_6.55.18_AM_(1)/crop_000870.jpg
WhatsApp Video 2026-08-11 at 6.55.18 AM (1).mp4,21,Mild Steel,train,885,14.75,420,163,150,150,270,13,570,313,300,300,653.53,9.36,TRACKED,RETAINED,data/phase2_roi_crops/retained/WhatsApp_Video_2026-08-11_at_6.55.18_AM_(1)/crop_000885.jpg
WhatsApp Video 2026-08-11 at 6.55.18 AM (1).mp4,21,Mild Steel,train,900,15.0,422,160,150,150,272,10,572,310,300,300,1422.66,11.89,TRACKED,RETAINED,data/phase2_roi_crops/retained/WhatsApp_Video_2026-08-11_at_6.55.18_AM_(1)/crop_000900.jpg
WhatsApp Video 2026-08-11 at 6.55.18 AM (1).mp4,21,Mild Steel,train,915,15.25,424,159,150,150,274,9,574,309,300,300,584.3,10.31,TRACKED,RETAINED,data/phase2_roi_crops/retained/WhatsApp_Video_2026-08-11_at_6.55.18_AM_(1)/crop_000915.jpg
WhatsApp Video 2026-08-11 at 6.55.18 AM (1).mp4,21,Mild Steel,train,930,15.5,419,154,150,150,269,4,569,304,300,300,532.51,27.32,TRACKED,RETAINED,data/phase2_roi_crops/retained/WhatsApp_Video_2026-08-11_at_6.55.18_AM_(1)/crop_000930.jpg
WhatsApp Video 2026-08-11 at 6.55.18 AM (1).mp4,21,Mild Steel,train,945,15.75,421,151,150,150,271,1,571,301,300,300,566.91,5.61,TRACKED,RETAINED,data/phase2_roi_crops/retained/WhatsApp_Video_2026-08-11_at_6.55.18_AM_(1)/crop_000945.jpg
WhatsApp Video 2026-08-11 at 6.55.18 AM (1).mp4,21,Mild Steel,train,960,16.0,418,148,150,148,268,0,568,300,300,300,531.82,27.08,TRACKED,RETAINED,data/phase2_roi_crops/retained/WhatsApp_Video_2026-08-11_at_6.55.18_AM_(1)/crop_000960.jpg
WhatsApp Video 2026-08-11 at 6.55.18 AM (1).mp4,21,Mild Steel,train,975,16.25,417,148,150,148,267,0,567,300,300,300,526.24,19.5,TRACKED,RETAINED,data/phase2_roi_crops/retained/WhatsApp_Video_2026-08-11_at_6.55.18_AM_(1)/crop_000975.jpg
WhatsApp Video 2026-08-11 at 6.55.18 AM (1).mp4,21,Mild Steel,train,990,16.5,415,151,150,150,265,1,565,301,300,300,351.4,22.34,TRACKED,RETAINED,data/phase2_roi_crops/retained/WhatsApp_Video_2026-08-11_at_6.55.18_AM_(1)/crop_000990.jpg
WhatsApp Video 2026-08-11 at 6.55.18 AM (1).mp4,21,Mild Steel,train,1005,16.75,413,153,150,150,263,3,563,303,300,300,268.7,24.92,TRACKED,RETAINED,data/phase2_roi_crops/retained/WhatsApp_Video_2026-08-11_at_6.55.18_AM_(1)/crop_001005.jpg
WhatsApp Video 2026-08-11 at 6.55.18 AM (1).mp4,21,Mild Steel,train,1020,17.0,411,155,150,150,261,5,561,305,300,300,184.76,21.96,TRACKED,RETAINED,data/phase2_roi_crops/retained/WhatsApp_Video_2026-08-11_at_6.55.18_AM_(1)/crop_001020.jpg
WhatsApp Video 2026-08-11 at 6.55.18 AM (1).mp4,21,Mild Steel,train,1035,17.25,413,159,150,150,263,9,563,309,300,300,149.29,6.48,TRACKED,RETAINED,data/phase2_roi_crops/retained/WhatsApp_Video_2026-08-11_at_6.55.18_AM_(1)/crop_001035.jpg
WhatsApp Video 2026-08-11 at 6.55.18 AM (1).mp4,21,Mild Steel,train,1050,17.5,409,160,150,150,259,10,559,310,300,300,115.35,15.58,TRACKED,RETAINED,data/phase2_roi_crops/retained/WhatsApp_Video_2026-08-11_at_6.55.18_AM_(1)/crop_001050.jpg
WhatsApp Video 2026-08-11 at 6.55.18 AM (1).mp4,21,Mild Steel,train,1065,17.75,409,162,150,150,259,12,559,312,300,300,168.15,10.29,TRACKED,RETAINED,data/phase2_roi_crops/retained/WhatsApp_Video_2026-08-11_at_6.55.18_AM_(1)/crop_001065.jpg
WhatsApp Video 2026-08-11 at 6.55.18 AM (1).mp4,21,Mild Steel,train,1080,18.0,408,162,150,150,258,12,558,312,300,300,209.46,11.27,TRACKED,RETAINED,data/phase2_roi_crops/retained/WhatsApp_Video_2026-08-11_at_6.55.18_AM_(1)/crop_001080.jpg
WhatsApp Video 2026-08-11 at 6.55.18 AM (1).mp4,21,Mild Steel,train,1095,18.25,403,168,150,150,253,18,553,318,300,300,183.56,24.53,TRACKED,RETAINED,data/phase2_roi_crops/retained/WhatsApp_Video_2026-08-11_at_6.55.18_AM_(1)/crop_001095.jpg
WhatsApp Video 2026-08-11 at 6.55.18 AM (1).mp4,21,Mild Steel,train,1110,18.5,403,172,150,150,253,22,553,322,300,300,211.01,21.8,TRACKED,RETAINED,data/phase2_roi_crops/retained/WhatsApp_Video_2026-08-11_at_6.55.18_AM_(1)/crop_001110.jpg
WhatsApp Video 2026-08-11 at 6.55.18 AM (1).mp4,21,Mild Steel,train,1125,18.75,398,169,150,150,248,19,548,319,300,300,241.12,17.81,TRACKED,RETAINED,data/phase2_roi_crops/retained/WhatsApp_Video_2026-08-11_at_6.55.18_AM_(1)/crop_001125.jpg
WhatsApp Video 2026-08-11 at 6.55.18 AM (1).mp4,21,Mild Steel,train,1140,19.0,399,170,150,150,249,20,549,320,300,300,265.36,14.87,TRACKED,RETAINED,data/phase2_roi_crops/retained/WhatsApp_Video_2026-08-11_at_6.55.18_AM_(1)/crop_001140.jpg
WhatsApp Video 2026-08-11 at 6.55.18 AM (1).mp4,21,Mild Steel,train,1155,19.25,398,171,150,150,248,21,548,321,300,300,499.5,13.38,TRACKED,RETAINED,data/phase2_roi_crops/retained/WhatsApp_Video_2026-08-11_at_6.55.18_AM_(1)/crop_001155.jpg
WhatsApp Video 2026-08-11 at 6.55.18 AM (1).mp4,21,Mild Steel,train,1170,19.5,396,172,150,150,246,22,546,322,300,300,636.84,12.17,TRACKED,RETAINED,data/phase2_roi_crops/retained/WhatsApp_Video_2026-08-11_at_6.55.18_AM_(1)/crop_001170.jpg
WhatsApp Video 2026-08-11 at 6.55.18 AM (1).mp4,21,Mild Steel,train,1185,19.75,390,174,150,150,240,24,540,324,300,300,561.48,15.69,TRACKED,RETAINED,data/phase2_roi_crops/retained/WhatsApp_Video_2026-08-11_at_6.55.18_AM_(1)/crop_001185.jpg
WhatsApp Video 2026-08-11 at 6.55.18 AM (1).mp4,21,Mild Steel,train,1200,20.0,390,181,150,150,240,31,540,331,300,300,1669.91,41.57,TRACKED,RETAINED,data/phase2_roi_crops/retained/WhatsApp_Video_2026-08-11_at_6.55.18_AM_(1)/crop_001200.jpg
WhatsApp Video 2026-08-11 at 6.55.18 AM (1).mp4,21,Mild Steel,train,1215,20.25,383,183,150,150,233,33,533,333,300,300,922.56,38.18,TRACKED,RETAINED,data/phase2_roi_crops/retained/WhatsApp_Video_2026-08-11_at_6.55.18_AM_(1)/crop_001215.jpg
WhatsApp Video 2026-08-11 at 6.55.18 AM (1).mp4,21,Mild Steel,train,1230,20.5,385,185,150,150,235,35,535,335,300,300,874.03,42.78,TRACKED,RETAINED,data/phase2_roi_crops/retained/WhatsApp_Video_2026-08-11_at_6.55.18_AM_(1)/crop_001230.jpg
WhatsApp Video 2026-08-11 at 6.55.18 AM (1).mp4,21,Mild Steel,train,1245,20.75,382,186,150,150,232,36,532,336,300,300,636.11,34.21,TRACKED,RETAINED,data/phase2_roi_crops/retained/WhatsApp_Video_2026-08-11_at_6.55.18_AM_(1)/crop_001245.jpg
WhatsApp Video 2026-08-11 at 6.55.18 AM (1).mp4,21,Mild Steel,train,1260,21.0,384,188,150,150,234,38,534,338,300,300,798.05,35.45,TRACKED,RETAINED,data/phase2_roi_crops/retained/WhatsApp_Video_2026-08-11_at_6.55.18_AM_(1)/crop_001260.jpg
WhatsApp Video 2026-08-11 at 6.55.18 AM (1).mp4,21,Mild Steel,train,1275,21.25,379,189,150,150,229,39,529,339,300,300,1059.45,18.58,TRACKED,RETAINED,data/phase2_roi_crops/retained/WhatsApp_Video_2026-08-11_at_6.55.18_AM_(1)/crop_001275.jpg
WhatsApp Video 2026-08-11 at 6.55.18 AM (1).mp4,21,Mild Steel,train,1290,21.5,379,191,150,150,229,41,529,341,300,300,1137.16,27.42,TRACKED,RETAINED,data/phase2_roi_crops/retained/WhatsApp_Video_2026-08-11_at_6.55.18_AM_(1)/crop_001290.jpg
WhatsApp Video 2026-08-11 at 6.55.18 AM (1).mp4,21,Mild Steel,train,1305,21.75,378,193,150,150,228,43,528,343,300,300,736.93,16.04,TRACKED,RETAINED,data/phase2_roi_crops/retained/WhatsApp_Video_2026-08-11_at_6.55.18_AM_(1)/crop_001305.jpg
WhatsApp Video 2026-08-11 at 6.55.18 AM (1).mp4,21,Mild Steel,train,1320,22.0,378,198,150,150,228,48,528,348,300,300,654.73,18.76,TRACKED,RETAINED,data/phase2_roi_crops/retained/WhatsApp_Video_2026-08-11_at_6.55.18_AM_(1)/crop_001320.jpg
WhatsApp Video 2026-08-11 at 6.55.18 AM (1).mp4,21,Mild Steel,train,1335,22.25,377,198,150,150,227,48,527,348,300,300,656.61,9.21,TRACKED,RETAINED,data/phase2_roi_crops/retained/WhatsApp_Video_2026-08-11_at_6.55.18_AM_(1)/crop_001335.jpg
WhatsApp Video 2026-08-11 at 6.55.18 AM (1).mp4,21,Mild Steel,train,1350,22.5,373,197,150,150,223,47,523,347,300,300,660.95,19.58,TRACKED,RETAINED,data/phase2_roi_crops/retained/WhatsApp_Video_2026-08-11_at_6.55.18_AM_(1)/crop_001350.jpg
WhatsApp Video 2026-08-11 at 6.55.18 AM (1).mp4,21,Mild Steel,train,1365,22.75,370,202,150,150,220,52,520,352,300,300,626.89,23.37,TRACKED,RETAINED,data/phase2_roi_crops/retained/WhatsApp_Video_2026-08-11_at_6.55.18_AM_(1)/crop_001365.jpg
WhatsApp Video 2026-08-11 at 6.55.18 AM (1).mp4,21,Mild Steel,train,1380,23.0,373,203,150,150,223,53,523,353,300,300,656.2,11.78,TRACKED,RETAINED,data/phase2_roi_crops/retained/WhatsApp_Video_2026-08-11_at_6.55.18_AM_(1)/crop_001380.jpg
WhatsApp Video 2026-08-11 at 6.55.18 AM (1).mp4,21,Mild Steel,train,1395,23.25,370,208,150,150,220,58,520,358,300,300,785.01,31.68,TRACKED,RETAINED,data/phase2_roi_crops/retained/WhatsApp_Video_2026-08-11_at_6.55.18_AM_(1)/crop_001395.jpg
WhatsApp Video 2026-08-11 at 6.55.18 AM (1).mp4,21,Mild Steel,train,1410,23.5,368,208,150,150,218,58,518,358,300,300,1067.36,31.67,TRACKED,RETAINED,data/phase2_roi_crops/retained/WhatsApp_Video_2026-08-11_at_6.55.18_AM_(1)/crop_001410.jpg
WhatsApp Video 2026-08-11 at 6.55.18 AM (1).mp4,21,Mild Steel,train,1425,23.75,368,211,150,150,218,61,518,361,300,300,1506.65,29.75,TRACKED,RETAINED,data/phase2_roi_crops/retained/WhatsApp_Video_2026-08-11_at_6.55.18_AM_(1)/crop_001425.jpg
WhatsApp Video 2026-08-11 at 6.55.18 AM (1).mp4,21,Mild Steel,train,1440,24.0,365,214,150,150,215,64,515,364,300,300,1093.41,32.31,TRACKED,RETAINED,data/phase2_roi_crops/retained/WhatsApp_Video_2026-08-11_at_6.55.18_AM_(1)/crop_001440.jpg
WhatsApp Video 2026-08-11 at 6.55.18 AM (1).mp4,21,Mild Steel,train,1455,24.25,361,215,150,150,211,65,511,365,300,300,756.41,30.71,TRACKED,RETAINED,data/phase2_roi_crops/retained/WhatsApp_Video_2026-08-11_at_6.55.18_AM_(1)/crop_001455.jpg
WhatsApp Video 2026-08-11 at 6.55.18 AM (1).mp4,21,Mild Steel,train,1470,24.5,364,215,150,150,214,65,514,365,300,300,686.9,8.42,TRACKED,RETAINED,data/phase2_roi_crops/retained/WhatsApp_Video_2026-08-11_at_6.55.18_AM_(1)/crop_001470.jpg
WhatsApp Video 2026-08-11 at 6.55.18 AM (1).mp4,21,Mild Steel,train,1485,24.75,366,216,150,150,216,66,516,366,300,300,735.46,9.68,TRACKED,RETAINED,data/phase2_roi_crops/retained/WhatsApp_Video_2026-08-11_at_6.55.18_AM_(1)/crop_001485.jpg
WhatsApp Video 2026-08-11 at 6.55.18 AM (1).mp4,21,Mild Steel,train,1500,25.0,362,217,150,150,212,67,512,367,300,300,1749.58,23.58,TRACKED,RETAINED,data/phase2_roi_crops/retained/WhatsApp_Video_2026-08-11_at_6.55.18_AM_(1)/crop_001500.jpg
WhatsApp Video 2026-08-11 at 6.55.18 AM (1).mp4,21,Mild Steel,train,1515,25.25,362,218,150,150,212,68,512,368,300,300,853.42,9.27,TRACKED,RETAINED,data/phase2_roi_crops/retained/WhatsApp_Video_2026-08-11_at_6.55.18_AM_(1)/crop_001515.jpg
WhatsApp Video 2026-08-11 at 6.55.18 AM (1).mp4,21,Mild Steel,train,1530,25.5,361,219,150,150,211,69,511,369,300,300,672.11,5.98,TRACKED,RETAINED,data/phase2_roi_crops/retained/WhatsApp_Video_2026-08-11_at_6.55.18_AM_(1)/crop_001530.jpg
WhatsApp Video 2026-08-11 at 6.55.18 AM (1).mp4,21,Mild Steel,train,1545,25.75,360,219,150,150,210,69,510,369,300,300,716.67,7.2,TRACKED,RETAINED,data/phase2_roi_crops/retained/WhatsApp_Video_2026-08-11_at_6.55.18_AM_(1)/crop_001545.jpg
WhatsApp Video 2026-08-11 at 6.55.18 AM (1).mp4,21,Mild Steel,train,1560,26.0,360,220,150,150,210,70,510,370,300,300,898.09,7.62,TRACKED,RETAINED,data/phase2_roi_crops/retained/WhatsApp_Video_2026-08-11_at_6.55.18_AM_(1)/crop_001560.jpg
WhatsApp Video 2026-08-11 at 6.55.18 AM (1).mp4,21,Mild Steel,train,1575,26.25,362,221,150,150,212,71,512,371,300,300,590.04,6.22,TRACKED,RETAINED,data/phase2_roi_crops/retained/WhatsApp_Video_2026-08-11_at_6.55.18_AM_(1)/crop_001575.jpg
WhatsApp Video 2026-08-11 at 6.55.18 AM (1).mp4,21,Mild Steel,train,1590,26.5,364,221,150,150,214,71,514,371,300,300,611.4,7.72,TRACKED,RETAINED,data/phase2_roi_crops/retained/WhatsApp_Video_2026-08-11_at_6.55.18_AM_(1)/crop_001590.jpg
WhatsApp Video 2026-08-11 at 6.55.18 AM (1).mp4,21,Mild Steel,train,1605,26.75,365,222,150,150,215,72,515,372,300,300,712.43,12.42,TRACKED,RETAINED,data/phase2_roi_crops/retained/WhatsApp_Video_2026-08-11_at_6.55.18_AM_(1)/crop_001605.jpg
WhatsApp Video 2026-08-11 at 6.55.18 AM (1).mp4,21,Mild Steel,train,1620,27.0,367,222,150,150,217,72,517,372,300,300,793.23,7.16,TRACKED,RETAINED,data/phase2_roi_crops/retained/WhatsApp_Video_2026-08-11_at_6.55.18_AM_(1)/crop_001620.jpg
WhatsApp Video 2026-08-11 at 6.55.18 AM (1).mp4,21,Mild Steel,train,1635,27.25,369,223,150,150,219,73,519,373,300,300,795.14,7.65,TRACKED,RETAINED,data/phase2_roi_crops/retained/WhatsApp_Video_2026-08-11_at_6.55.18_AM_(1)/crop_001635.jpg
WhatsApp Video 2026-08-11 at 6.55.18 AM (1).mp4,21,Mild Steel,train,1650,27.5,370,223,150,150,220,73,520,373,300,300,1011.09,9.24,TRACKED,RETAINED,data/phase2_roi_crops/retained/WhatsApp_Video_2026-08-11_at_6.55.18_AM_(1)/crop_001650.jpg
WhatsApp Video 2026-08-11 at 6.55.18 AM (1).mp4,21,Mild Steel,train,1665,27.75,364,225,150,150,214,75,514,375,300,300,761.45,27.59,TRACKED,RETAINED,data/phase2_roi_crops/retained/WhatsApp_Video_2026-08-11_at_6.55.18_AM_(1)/crop_001665.jpg
WhatsApp Video 2026-08-11 at 6.55.18 AM (1).mp4,21,Mild Steel,train,1680,28.0,369,224,150,150,219,74,519,374,300,300,741.46,17.61,TRACKED,RETAINED,data/phase2_roi_crops/retained/WhatsApp_Video_2026-08-11_at_6.55.18_AM_(1)/crop_001680.jpg
WhatsApp Video 2026-08-11 at 6.55.18 AM (1).mp4,21,Mild Steel,train,1695,28.25,366,226,150,150,216,76,516,376,300,300,930.93,26.53,TRACKED,RETAINED,data/phase2_roi_crops/retained/WhatsApp_Video_2026-08-11_at_6.55.18_AM_(1)/crop_001695.jpg
WhatsApp Video 2026-08-11 at 6.55.18 AM (1).mp4,21,Mild Steel,train,1710,28.5,364,227,150,150,214,77,514,377,300,300,868.7,20.77,TRACKED,RETAINED,data/phase2_roi_crops/retained/WhatsApp_Video_2026-08-11_at_6.55.18_AM_(1)/crop_001710.jpg
WhatsApp Video 2026-08-11 at 6.55.18 AM (1).mp4,21,Mild Steel,train,1725,28.75,362,229,150,150,212,79,512,379,300,300,830.84,8.72,TRACKED,RETAINED,data/phase2_roi_crops/retained/WhatsApp_Video_2026-08-11_at_6.55.18_AM_(1)/crop_001725.jpg
WhatsApp Video 2026-08-11 at 6.55.18 AM (1).mp4,21,Mild Steel,train,1740,29.0,365,229,150,150,215,79,515,379,300,300,831.6,30.91,TRACKED,RETAINED,data/phase2_roi_crops/retained/WhatsApp_Video_2026-08-11_at_6.55.18_AM_(1)/crop_001740.jpg
WhatsApp Video 2026-08-11 at 6.55.18 AM (1).mp4,21,Mild Steel,train,1755,29.25,365,231,150,150,215,81,515,381,300,300,904.76,25.92,TRACKED,RETAINED,data/phase2_roi_crops/retained/WhatsApp_Video_2026-08-11_at_6.55.18_AM_(1)/crop_001755.jpg
WhatsApp Video 2026-08-11 at 6.55.18 AM (1).mp4,21,Mild Steel,train,1770,29.5,364,230,150,150,214,80,514,380,300,300,1133.12,28.15,TRACKED,RETAINED,data/phase2_roi_crops/retained/WhatsApp_Video_2026-08-11_at_6.55.18_AM_(1)/crop_001770.jpg
WhatsApp Video 2026-08-11 at 6.55.18 AM (1).mp4,21,Mild Steel,train,1785,29.75,368,230,150,150,218,80,518,380,300,300,920.2,38.56,TRACKED,RETAINED,data/phase2_roi_crops/retained/WhatsApp_Video_2026-08-11_at_6.55.18_AM_(1)/crop_001785.jpg
WhatsApp Video 2026-08-11 at 6.55.18 AM (1).mp4,21,Mild Steel,train,1800,30.0,365,230,150,150,215,80,515,380,300,300,1487.08,38.73,TRACKED,RETAINED,data/phase2_roi_crops/retained/WhatsApp_Video_2026-08-11_at_6.55.18_AM_(1)/crop_001800.jpg
WhatsApp Video 2026-08-11 at 6.55.18 AM (1).mp4,21,Mild Steel,train,1815,30.25,364,235,150,150,214,85,514,385,300,300,956.78,43.52,TRACKED,RETAINED,data/phase2_roi_crops/retained/WhatsApp_Video_2026-08-11_at_6.55.18_AM_(1)/crop_001815.jpg
WhatsApp Video 2026-08-11 at 6.55.18 AM (1).mp4,21,Mild Steel,train,1830,30.5,365,234,150,150,215,84,515,384,300,300,845.9,38.07,TRACKED,RETAINED,data/phase2_roi_crops/retained/WhatsApp_Video_2026-08-11_at_6.55.18_AM_(1)/crop_001830.jpg
WhatsApp Video 2026-08-11 at 6.55.18 AM (1).mp4,21,Mild Steel,train,1845,30.75,365,234,150,150,215,84,515,384,300,300,797.01,15.33,TRACKED,RETAINED,data/phase2_roi_crops/retained/WhatsApp_Video_2026-08-11_at_6.55.18_AM_(1)/crop_001845.jpg
WhatsApp Video 2026-08-11 at 6.55.18 AM (1).mp4,21,Mild Steel,train,1860,31.0,368,236,150,150,218,86,518,386,300,300,739.2,17.78,TRACKED,RETAINED,data/phase2_roi_crops/retained/WhatsApp_Video_2026-08-11_at_6.55.18_AM_(1)/crop_001860.jpg
WhatsApp Video 2026-08-11 at 6.55.18 AM (1).mp4,21,Mild Steel,train,1875,31.25,373,237,150,150,223,87,523,387,300,300,825.26,29.52,TRACKED,RETAINED,data/phase2_roi_crops/retained/WhatsApp_Video_2026-08-11_at_6.55.18_AM_(1)/crop_001875.jpg
WhatsApp Video 2026-08-11 at 6.55.18 AM (1).mp4,21,Mild Steel,train,1890,31.5,374,236,150,150,224,86,524,386,300,300,833.24,36.4,TRACKED,RETAINED,data/phase2_roi_crops/retained/WhatsApp_Video_2026-08-11_at_6.55.18_AM_(1)/crop_001890.jpg
WhatsApp Video 2026-08-11 at 6.55.18 AM (1).mp4,21,Mild Steel,train,1905,31.75,369,237,150,150,219,87,519,387,300,300,852.55,38.86,TRACKED,RETAINED,data/phase2_roi_crops/retained/WhatsApp_Video_2026-08-11_at_6.55.18_AM_(1)/crop_001905.jpg
WhatsApp Video 2026-08-11 at 6.55.18 AM (1).mp4,21,Mild Steel,train,1920,32.0,370,238,150,150,220,88,520,388,300,300,724.64,33.45,TRACKED,RETAINED,data/phase2_roi_crops/retained/WhatsApp_Video_2026-08-11_at_6.55.18_AM_(1)/crop_001920.jpg
WhatsApp Video 2026-08-11 at 6.55.18 AM (1).mp4,21,Mild Steel,train,1935,32.25,372,238,150,150,222,88,522,388,300,300,726.61,31.25,TRACKED,RETAINED,data/phase2_roi_crops/retained/WhatsApp_Video_2026-08-11_at_6.55.18_AM_(1)/crop_001935.jpg
WhatsApp Video 2026-08-11 at 6.55.17 AM (1).mp4,18,Mild Steel,train,0,0.0,587,368,150,190,437,178,737,478,300,300,388.94,0.0,TRACKED,RETAINED,data/phase2_roi_crops/retained/WhatsApp_Video_2026-08-11_at_6.55.17_AM_(1)/crop_000000.jpg
WhatsApp Video 2026-08-11 at 6.55.17 AM (1).mp4,18,Mild Steel,train,15,0.25,584,365,150,187,434,178,734,478,300,300,266.22,28.59,TRACKED,RETAINED,data/phase2_roi_crops/retained/WhatsApp_Video_2026-08-11_at_6.55.17_AM_(1)/crop_000015.jpg
WhatsApp Video 2026-08-11 at 6.55.17 AM (1).mp4,18,Mild Steel,train,30,0.5,580,362,150,184,430,178,730,478,300,300,246.77,21.72,TRACKED,RETAINED,data/phase2_roi_crops/retained/WhatsApp_Video_2026-08-11_at_6.55.17_AM_(1)/crop_000030.jpg
WhatsApp Video 2026-08-11 at 6.55.17 AM (1).mp4,18,Mild Steel,train,45,0.75,580,363,150,185,430,178,730,478,300,300,252.34,7.91,TRACKED,RETAINED,data/phase2_roi_crops/retained/WhatsApp_Video_2026-08-11_at_6.55.17_AM_(1)/crop_000045.jpg
WhatsApp Video 2026-08-11 at 6.55.17 AM (1).mp4,18,Mild Steel,train,60,1.0,580,358,150,180,430,178,730,478,300,300,234.78,19.7,TRACKED,RETAINED,data/phase2_roi_crops/retained/WhatsApp_Video_2026-08-11_at_6.55.17_AM_(1)/crop_000060.jpg
WhatsApp Video 2026-08-11 at 6.55.17 AM (1).mp4,18,Mild Steel,train,75,1.25,578,356,150,178,428,178,728,478,300,300,208.04,22.23,TRACKED,RETAINED,data/phase2_roi_crops/retained/WhatsApp_Video_2026-08-11_at_6.55.17_AM_(1)/crop_000075.jpg
WhatsApp Video 2026-08-11 at 6.55.17 AM (1).mp4,18,Mild Steel,train,90,1.5,578,354,150,176,428,178,728,478,300,300,181.25,25.23,TRACKED,RETAINED,data/phase2_roi_crops/retained/WhatsApp_Video_2026-08-11_at_6.55.17_AM_(1)/crop_000090.jpg
WhatsApp Video 2026-08-11 at 6.55.17 AM (1).mp4,18,Mild Steel,train,105,1.75,577,351,150,173,427,178,727,478,300,300,153.09,34.51,TRACKED,RETAINED,data/phase2_roi_crops/retained/WhatsApp_Video_2026-08-11_at_6.55.17_AM_(1)/crop_000105.jpg
WhatsApp Video 2026-08-11 at 6.55.17 AM (1).mp4,18,Mild Steel,train,120,2.0,575,346,150,168,425,178,725,478,300,300,124.69,39.64,TRACKED,RETAINED,data/phase2_roi_crops/retained/WhatsApp_Video_2026-08-11_at_6.55.17_AM_(1)/crop_000120.jpg
WhatsApp Video 2026-08-11 at 6.55.17 AM (1).mp4,18,Mild Steel,train,135,2.25,572,346,150,168,422,178,722,478,300,300,110.65,31.61,TRACKED,RETAINED,data/phase2_roi_crops/retained/WhatsApp_Video_2026-08-11_at_6.55.17_AM_(1)/crop_000135.jpg
WhatsApp Video 2026-08-11 at 6.55.17 AM (1).mp4,18,Mild Steel,train,150,2.5,573,345,150,167,423,178,723,478,300,300,121.5,18.33,TRACKED,RETAINED,data/phase2_roi_crops/retained/WhatsApp_Video_2026-08-11_at_6.55.17_AM_(1)/crop_000150.jpg
WhatsApp Video 2026-08-11 at 6.55.17 AM (1).mp4,18,Mild Steel,train,165,2.75,572,341,150,163,422,178,722,478,300,300,103.41,23.45,TRACKED,RETAINED,data/phase2_roi_crops/retained/WhatsApp_Video_2026-08-11_at_6.55.17_AM_(1)/crop_000165.jpg
WhatsApp Video 2026-08-11 at 6.55.17 AM (1).mp4,18,Mild Steel,train,180,3.0,574,341,150,163,424,178,724,478,300,300,101.73,4.03,TRACKED,RETAINED,data/phase2_roi_crops/retained/WhatsApp_Video_2026-08-11_at_6.55.17_AM_(1)/crop_000180.jpg
WhatsApp Video 2026-08-11 at 6.55.17 AM (1).mp4,18,Mild Steel,train,195,3.25,570,340,150,162,420,178,720,478,300,300,108.66,13.48,TRACKED,RETAINED,data/phase2_roi_crops/retained/WhatsApp_Video_2026-08-11_at_6.55.17_AM_(1)/crop_000195.jpg
WhatsApp Video 2026-08-11 at 6.55.17 AM (1).mp4,18,Mild Steel,train,210,3.5,569,339,150,161,419,178,719,478,300,300,104.04,3.89,TRACKED,RETAINED,data/phase2_roi_crops/retained/WhatsApp_Video_2026-08-11_at_6.55.17_AM_(1)/crop_000210.jpg
WhatsApp Video 2026-08-11 at 6.55.17 AM (1).mp4,18,Mild Steel,train,225,3.75,565,334,150,156,415,178,715,478,300,300,114.26,8.72,TRACKED,RETAINED,data/phase2_roi_crops/retained/WhatsApp_Video_2026-08-11_at_6.55.17_AM_(1)/crop_000225.jpg
WhatsApp Video 2026-08-11 at 6.55.17 AM (1).mp4,18,Mild Steel,train,240,4.0,566,333,150,155,416,178,716,478,300,300,118.49,7.62,TRACKED,RETAINED,data/phase2_roi_crops/retained/WhatsApp_Video_2026-08-11_at_6.55.17_AM_(1)/crop_000240.jpg
WhatsApp Video 2026-08-11 at 6.55.17 AM (1).mp4,18,Mild Steel,train,255,4.25,562,329,150,151,412,178,712,478,300,300,110.8,13.74,TRACKED,RETAINED,data/phase2_roi_crops/retained/WhatsApp_Video_2026-08-11_at_6.55.17_AM_(1)/crop_000255.jpg
WhatsApp Video 2026-08-11 at 6.55.17 AM (1).mp4,18,Mild Steel,train,270,4.5,560,328,150,150,410,178,710,478,300,300,112.14,7.26,TRACKED,RETAINED,data/phase2_roi_crops/retained/WhatsApp_Video_2026-08-11_at_6.55.17_AM_(1)/crop_000270.jpg
WhatsApp Video 2026-08-11 at 6.55.17 AM (1).mp4,18,Mild Steel,train,285,4.75,557,326,150,150,407,176,707,476,300,300,110.8,4.11,TRACKED,RETAINED,data/phase2_roi_crops/retained/WhatsApp_Video_2026-08-11_at_6.55.17_AM_(1)/crop_000285.jpg
WhatsApp Video 2026-08-11 at 6.55.17 AM (1).mp4,18,Mild Steel,train,300,5.0,556,325,150,150,406,175,706,475,300,300,184.87,5.02,TRACKED,RETAINED,data/phase2_roi_crops/retained/WhatsApp_Video_2026-08-11_at_6.55.17_AM_(1)/crop_000300.jpg
WhatsApp Video 2026-08-11 at 6.55.17 AM (1).mp4,18,Mild Steel,train,315,5.25,558,322,150,150,408,172,708,472,300,300,114.17,4.69,TRACKED,RETAINED,data/phase2_roi_crops/retained/WhatsApp_Video_2026-08-11_at_6.55.17_AM_(1)/crop_000315.jpg
WhatsApp Video 2026-08-11 at 6.55.17 AM (1).mp4,18,Mild Steel,train,330,5.5,555,320,150,150,405,170,705,470,300,300,101.25,3.36,TRACKED,RETAINED,data/phase2_roi_crops/retained/WhatsApp_Video_2026-08-11_at_6.55.17_AM_(1)/crop_000330.jpg
WhatsApp Video 2026-08-11 at 6.55.17 AM (1).mp4,18,Mild Steel,train,345,5.75,553,318,150,150,403,168,703,468,300,300,133.65,4.22,TRACKED,RETAINED,data/phase2_roi_crops/retained/WhatsApp_Video_2026-08-11_at_6.55.17_AM_(1)/crop_000345.jpg
WhatsApp Video 2026-08-11 at 6.55.17 AM (1).mp4,18,Mild Steel,train,360,6.0,549,318,150,150,399,168,699,468,300,300,222.73,4.77,TRACKED,RETAINED,data/phase2_roi_crops/retained/WhatsApp_Video_2026-08-11_at_6.55.17_AM_(1)/crop_000360.jpg
WhatsApp Video 2026-08-11 at 6.55.17 AM (1).mp4,18,Mild Steel,train,375,6.25,550,318,150,150,400,168,700,468,300,300,224.7,5.14,TRACKED,RETAINED,data/phase2_roi_crops/retained/WhatsApp_Video_2026-08-11_at_6.55.17_AM_(1)/crop_000375.jpg
WhatsApp Video 2026-08-11 at 6.55.17 AM (1).mp4,18,Mild Steel,train,390,6.5,547,310,150,150,397,160,697,460,300,300,234.59,15.72,TRACKED,RETAINED,data/phase2_roi_crops/retained/WhatsApp_Video_2026-08-11_at_6.55.17_AM_(1)/crop_000390.jpg
WhatsApp Video 2026-08-11 at 6.55.17 AM (1).mp4,18,Mild Steel,train,405,6.75,549,307,150,150,399,157,699,457,300,300,226.01,17.6,TRACKED,RETAINED,data/phase2_roi_crops/retained/WhatsApp_Video_2026-08-11_at_6.55.17_AM_(1)/crop_000405.jpg
WhatsApp Video 2026-08-11 at 6.55.17 AM (1).mp4,18,Mild Steel,train,420,7.0,546,304,150,150,396,154,696,454,300,300,171.52,27.04,TRACKED,RETAINED,data/phase2_roi_crops/retained/WhatsApp_Video_2026-08-11_at_6.55.17_AM_(1)/crop_000420.jpg
WhatsApp Video 2026-08-11 at 6.55.17 AM (1).mp4,18,Mild Steel,train,435,7.25,546,303,150,150,396,153,696,453,300,300,211.86,20.29,TRACKED,RETAINED,data/phase2_roi_crops/retained/WhatsApp_Video_2026-08-11_at_6.55.17_AM_(1)/crop_000435.jpg
WhatsApp Video 2026-08-11 at 6.55.17 AM (1).mp4,18,Mild Steel,train,450,7.5,545,303,150,150,395,153,695,453,300,300,150.64,12.8,TRACKED,RETAINED,data/phase2_roi_crops/retained/WhatsApp_Video_2026-08-11_at_6.55.17_AM_(1)/crop_000450.jpg
WhatsApp Video 2026-08-11 at 6.55.17 AM (1).mp4,18,Mild Steel,train,465,7.75,540,300,150,150,390,150,690,450,300,300,131.84,13.33,TRACKED,RETAINED,data/phase2_roi_crops/retained/WhatsApp_Video_2026-08-11_at_6.55.17_AM_(1)/crop_000465.jpg
WhatsApp Video 2026-08-11 at 6.55.17 AM (1).mp4,18,Mild Steel,train,480,8.0,536,301,150,150,386,151,686,451,300,300,121.54,9.04,TRACKED,RETAINED,data/phase2_roi_crops/retained/WhatsApp_Video_2026-08-11_at_6.55.17_AM_(1)/crop_000480.jpg
WhatsApp Video 2026-08-11 at 6.55.17 AM (1).mp4,18,Mild Steel,train,495,8.25,540,295,150,150,390,145,690,445,300,300,110.42,25.94,TRACKED,RETAINED,data/phase2_roi_crops/retained/WhatsApp_Video_2026-08-11_at_6.55.17_AM_(1)/crop_000495.jpg
WhatsApp Video 2026-08-11 at 6.55.17 AM (1).mp4,18,Mild Steel,train,510,8.5,536,291,150,150,386,141,686,441,300,300,288.77,16.05,TRACKED,RETAINED,data/phase2_roi_crops/retained/WhatsApp_Video_2026-08-11_at_6.55.17_AM_(1)/crop_000510.jpg
WhatsApp Video 2026-08-11 at 6.55.17 AM (1).mp4,18,Mild Steel,train,525,8.75,533,287,150,150,383,137,683,437,300,300,332.8,7.43,TRACKED,RETAINED,data/phase2_roi_crops/retained/WhatsApp_Video_2026-08-11_at_6.55.17_AM_(1)/crop_000525.jpg
WhatsApp Video 2026-08-11 at 6.55.17 AM (1).mp4,18,Mild Steel,train,540,9.0,534,285,150,150,384,135,684,435,300,300,288.01,22.16,TRACKED,RETAINED,data/phase2_roi_crops/retained/WhatsApp_Video_2026-08-11_at_6.55.17_AM_(1)/crop_000540.jpg
WhatsApp Video 2026-08-11 at 6.55.17 AM (1).mp4,18,Mild Steel,train,555,9.25,531,281,150,150,381,131,681,431,300,300,307.06,15.17,TRACKED,RETAINED,data/phase2_roi_crops/retained/WhatsApp_Video_2026-08-11_at_6.55.17_AM_(1)/crop_000555.jpg
WhatsApp Video 2026-08-11 at 6.55.17 AM (1).mp4,18,Mild Steel,train,570,9.5,527,280,150,150,377,130,677,430,300,300,337.26,15.29,TRACKED,RETAINED,data/phase2_roi_crops/retained/WhatsApp_Video_2026-08-11_at_6.55.17_AM_(1)/crop_000570.jpg
WhatsApp Video 2026-08-11 at 6.55.17 AM (1).mp4,18,Mild Steel,train,585,9.75,530,279,150,150,380,129,680,429,300,300,320.56,13.8,TRACKED,RETAINED,data/phase2_roi_crops/retained/WhatsApp_Video_2026-08-11_at_6.55.17_AM_(1)/crop_000585.jpg
WhatsApp Video 2026-08-11 at 6.55.17 AM (1).mp4,18,Mild Steel,train,600,10.0,528,280,150,150,378,130,678,430,300,300,467.16,8.97,TRACKED,RETAINED,data/phase2_roi_crops/retained/WhatsApp_Video_2026-08-11_at_6.55.17_AM_(1)/crop_000600.jpg
WhatsApp Video 2026-08-11 at 6.55.17 AM (1).mp4,18,Mild Steel,train,615,10.25,527,278,150,150,377,128,677,428,300,300,360.99,16.65,TRACKED,RETAINED,data/phase2_roi_crops/retained/WhatsApp_Video_2026-08-11_at_6.55.17_AM_(1)/crop_000615.jpg
WhatsApp Video 2026-08-11 at 6.55.17 AM (1).mp4,18,Mild Steel,train,630,10.5,527,273,150,150,377,123,677,423,300,300,347.36,15.4,TRACKED,RETAINED,data/phase2_roi_crops/retained/WhatsApp_Video_2026-08-11_at_6.55.17_AM_(1)/crop_000630.jpg
WhatsApp Video 2026-08-11 at 6.55.17 AM (1).mp4,18,Mild Steel,train,645,10.75,523,270,150,150,373,120,673,420,300,300,402.4,15.51,TRACKED,RETAINED,data/phase2_roi_crops/retained/WhatsApp_Video_2026-08-11_at_6.55.17_AM_(1)/crop_000645.jpg
WhatsApp Video 2026-08-11 at 6.55.17 AM (1).mp4,18,Mild Steel,train,660,11.0,518,270,150,150,368,120,668,420,300,300,331.32,6.88,TRACKED,RETAINED,data/phase2_roi_crops/retained/WhatsApp_Video_2026-08-11_at_6.55.17_AM_(1)/crop_000660.jpg
WhatsApp Video 2026-08-11 at 6.55.17 AM (1).mp4,18,Mild Steel,train,675,11.25,519,269,150,150,369,119,669,419,300,300,333.45,6.19,TRACKED,RETAINED,data/phase2_roi_crops/retained/WhatsApp_Video_2026-08-11_at_6.55.17_AM_(1)/crop_000675.jpg
WhatsApp Video 2026-08-11 at 6.55.17 AM (1).mp4,18,Mild Steel,train,690,11.5,520,266,150,150,370,116,670,416,300,300,339.35,4.24,TRACKED,RETAINED,data/phase2_roi_crops/retained/WhatsApp_Video_2026-08-11_at_6.55.17_AM_(1)/crop_000690.jpg
WhatsApp Video 2026-08-11 at 6.55.17 AM (1).mp4,18,Mild Steel,train,705,11.75,518,264,150,150,368,114,668,414,300,300,335.45,4.67,TRACKED,RETAINED,data/phase2_roi_crops/retained/WhatsApp_Video_2026-08-11_at_6.55.17_AM_(1)/crop_000705.jpg
WhatsApp Video 2026-08-11 at 6.55.17 AM (1).mp4,18,Mild Steel,train,720,12.0,516,262,150,150,366,112,666,412,300,300,353.5,5.49,TRACKED,RETAINED,data/phase2_roi_crops/retained/WhatsApp_Video_2026-08-11_at_6.55.17_AM_(1)/crop_000720.jpg
WhatsApp Video 2026-08-11 at 6.55.17 AM (1).mp4,18,Mild Steel,train,735,12.25,515,262,150,150,365,112,665,412,300,300,334.2,5.72,TRACKED,RETAINED,data/phase2_roi_crops/retained/WhatsApp_Video_2026-08-11_at_6.55.17_AM_(1)/crop_000735.jpg
WhatsApp Video 2026-08-11 at 6.55.17 AM (1).mp4,18,Mild Steel,train,750,12.5,510,257,150,150,360,107,660,407,300,300,333.75,20.23,TRACKED,RETAINED,data/phase2_roi_crops/retained/WhatsApp_Video_2026-08-11_at_6.55.17_AM_(1)/crop_000750.jpg
WhatsApp Video 2026-08-11 at 6.55.17 AM (1).mp4,18,Mild Steel,train,765,12.75,508,255,150,150,358,105,658,405,300,300,347.71,7.85,TRACKED,RETAINED,data/phase2_roi_crops/retained/WhatsApp_Video_2026-08-11_at_6.55.17_AM_(1)/crop_000765.jpg
WhatsApp Video 2026-08-11 at 6.55.17 AM (1).mp4,18,Mild Steel,train,780,13.0,509,251,150,150,359,101,659,401,300,300,348.85,12.51,TRACKED,RETAINED,data/phase2_roi_crops/retained/WhatsApp_Video_2026-08-11_at_6.55.17_AM_(1)/crop_000780.jpg
WhatsApp Video 2026-08-11 at 6.55.17 AM (1).mp4,18,Mild Steel,train,795,13.25,505,250,150,150,355,100,655,400,300,300,326.28,12.19,TRACKED,RETAINED,data/phase2_roi_crops/retained/WhatsApp_Video_2026-08-11_at_6.55.17_AM_(1)/crop_000795.jpg
WhatsApp Video 2026-08-11 at 6.55.17 AM (1).mp4,18,Mild Steel,train,810,13.5,504,248,150,150,354,98,654,398,300,300,353.88,15.6,TRACKED,RETAINED,data/phase2_roi_crops/retained/WhatsApp_Video_2026-08-11_at_6.55.17_AM_(1)/crop_000810.jpg
WhatsApp Video 2026-08-11 at 6.55.17 AM (1).mp4,18,Mild Steel,train,825,13.75,505,242,150,150,355,92,655,392,300,300,317.85,16.74,TRACKED,RETAINED,data/phase2_roi_crops/retained/WhatsApp_Video_2026-08-11_at_6.55.17_AM_(1)/crop_000825.jpg
WhatsApp Video 2026-08-11 at 6.55.17 AM (1).mp4,18,Mild Steel,train,840,14.0,500,244,150,150,350,94,650,394,300,300,331.19,17.69,TRACKED,RETAINED,data/phase2_roi_crops/retained/WhatsApp_Video_2026-08-11_at_6.55.17_AM_(1)/crop_000840.jpg
WhatsApp Video 2026-08-11 at 6.55.17 AM (1).mp4,18,Mild Steel,train,855,14.25,499,241,150,150,349,91,649,391,300,300,301.25,4.03,TRACKED,RETAINED,data/phase2_roi_crops/retained/WhatsApp_Video_2026-08-11_at_6.55.17_AM_(1)/crop_000855.jpg
WhatsApp Video 2026-08-11 at 6.55.17 AM (1).mp4,18,Mild Steel,train,870,14.5,497,239,150,150,347,89,647,389,300,300,306.17,6.43,TRACKED,RETAINED,data/phase2_roi_crops/retained/WhatsApp_Video_2026-08-11_at_6.55.17_AM_(1)/crop_000870.jpg
WhatsApp Video 2026-08-11 at 6.55.17 AM (1).mp4,18,Mild Steel,train,885,14.75,496,237,150,150,346,87,646,387,300,300,310.19,18.83,TRACKED,RETAINED,data/phase2_roi_crops/retained/WhatsApp_Video_2026-08-11_at_6.55.17_AM_(1)/crop_000885.jpg
WhatsApp Video 2026-08-11 at 6.55.17 AM (1).mp4,18,Mild Steel,train,900,15.0,494,235,150,150,344,85,644,385,300,300,526.61,17.23,TRACKED,RETAINED,data/phase2_roi_crops/retained/WhatsApp_Video_2026-08-11_at_6.55.17_AM_(1)/crop_000900.jpg
WhatsApp Video 2026-08-11 at 6.55.17 AM (1).mp4,18,Mild Steel,train,915,15.25,492,232,150,150,342,82,642,382,300,300,363.35,10.88,TRACKED,RETAINED,data/phase2_roi_crops/retained/WhatsApp_Video_2026-08-11_at_6.55.17_AM_(1)/crop_000915.jpg
WhatsApp Video 2026-08-11 at 6.55.17 AM (1).mp4,18,Mild Steel,train,930,15.5,490,231,150,150,340,81,640,381,300,300,343.0,3.86,TRACKED,RETAINED,data/phase2_roi_crops/retained/WhatsApp_Video_2026-08-11_at_6.55.17_AM_(1)/crop_000930.jpg
WhatsApp Video 2026-08-11 at 6.55.17 AM (1).mp4,18,Mild Steel,train,945,15.75,490,231,150,150,340,81,640,381,300,300,334.3,4.8,TRACKED,RETAINED,data/phase2_roi_crops/retained/WhatsApp_Video_2026-08-11_at_6.55.17_AM_(1)/crop_000945.jpg
WhatsApp Video 2026-08-11 at 6.55.17 AM (1).mp4,18,Mild Steel,train,960,16.0,492,230,150,150,342,80,642,380,300,300,342.53,6.39,TRACKED,RETAINED,data/phase2_roi_crops/retained/WhatsApp_Video_2026-08-11_at_6.55.17_AM_(1)/crop_000960.jpg
WhatsApp Video 2026-08-11 at 6.55.17 AM (1).mp4,18,Mild Steel,train,975,16.25,489,225,150,150,339,75,639,375,300,300,351.02,4.16,TRACKED,RETAINED,data/phase2_roi_crops/retained/WhatsApp_Video_2026-08-11_at_6.55.17_AM_(1)/crop_000975.jpg
WhatsApp Video 2026-08-11 at 6.55.17 AM (1).mp4,18,Mild Steel,train,990,16.5,489,228,150,150,339,78,639,378,300,300,359.52,18.18,TRACKED,RETAINED,data/phase2_roi_crops/retained/WhatsApp_Video_2026-08-11_at_6.55.17_AM_(1)/crop_000990.jpg
WhatsApp Video 2026-08-11 at 6.55.17 AM (1).mp4,18,Mild Steel,train,1005,16.75,488,228,150,150,338,78,638,378,300,300,326.31,5.71,TRACKED,RETAINED,data/phase2_roi_crops/retained/WhatsApp_Video_2026-08-11_at_6.55.17_AM_(1)/crop_001005.jpg
WhatsApp Video 2026-08-11 at 6.55.17 AM (1).mp4,18,Mild Steel,train,1020,17.0,488,232,150,150,338,82,638,382,300,300,331.38,7.58,TRACKED,RETAINED,data/phase2_roi_crops/retained/WhatsApp_Video_2026-08-11_at_6.55.17_AM_(1)/crop_001020.jpg
WhatsApp Video 2026-08-11 at 6.55.17 AM (1).mp4,18,Mild Steel,train,1035,17.25,489,231,150,150,339,81,639,381,300,300,312.88,19.49,TRACKED,RETAINED,data/phase2_roi_crops/retained/WhatsApp_Video_2026-08-11_at_6.55.17_AM_(1)/crop_001035.jpg
WhatsApp Video 2026-08-11 at 6.55.17 AM (1).mp4,18,Mild Steel,train,1050,17.5,488,228,150,150,338,78,638,378,300,300,287.15,20.23,TRACKED,RETAINED,data/phase2_roi_crops/retained/WhatsApp_Video_2026-08-11_at_6.55.17_AM_(1)/crop_001050.jpg
WhatsApp Video 2026-08-11 at 6.55.17 AM (1).mp4,18,Mild Steel,train,1065,17.75,488,226,150,150,338,76,638,376,300,300,277.47,11.62,TRACKED,RETAINED,data/phase2_roi_crops/retained/WhatsApp_Video_2026-08-11_at_6.55.17_AM_(1)/crop_001065.jpg
WhatsApp Video 2026-08-11 at 6.55.17 AM (1).mp4,18,Mild Steel,train,1080,18.0,486,226,150,150,336,76,636,376,300,300,304.86,18.72,TRACKED,RETAINED,data/phase2_roi_crops/retained/WhatsApp_Video_2026-08-11_at_6.55.17_AM_(1)/crop_001080.jpg
WhatsApp Video 2026-08-11 at 6.55.17 AM (1).mp4,18,Mild Steel,train,1095,18.25,484,221,150,150,334,71,634,371,300,300,298.89,8.05,TRACKED,RETAINED,data/phase2_roi_crops/retained/WhatsApp_Video_2026-08-11_at_6.55.17_AM_(1)/crop_001095.jpg
WhatsApp Video 2026-08-11 at 6.55.17 AM (1).mp4,18,Mild Steel,train,1110,18.5,486,224,150,150,336,74,636,374,300,300,292.09,18.02,TRACKED,RETAINED,data/phase2_roi_crops/retained/WhatsApp_Video_2026-08-11_at_6.55.17_AM_(1)/crop_001110.jpg
WhatsApp Video 2026-08-11 at 6.55.17 AM (1).mp4,18,Mild Steel,train,1125,18.75,487,226,150,150,337,76,637,376,300,300,274.99,7.56,TRACKED,RETAINED,data/phase2_roi_crops/retained/WhatsApp_Video_2026-08-11_at_6.55.17_AM_(1)/crop_001125.jpg
WhatsApp Video 2026-08-11 at 6.55.17 AM (1).mp4,18,Mild Steel,train,1140,19.0,484,223,150,150,334,73,634,373,300,300,277.66,15.96,TRACKED,RETAINED,data/phase2_roi_crops/retained/WhatsApp_Video_2026-08-11_at_6.55.17_AM_(1)/crop_001140.jpg
WhatsApp Video 2026-08-11 at 6.55.17 AM (1).mp4,18,Mild Steel,train,1155,19.25,482,222,150,150,332,72,632,372,300,300,275.44,2.64,TRACKED,RETAINED,data/phase2_roi_crops/retained/WhatsApp_Video_2026-08-11_at_6.55.17_AM_(1)/crop_001155.jpg
WhatsApp Video 2026-08-11 at 6.55.17 AM (1).mp4,18,Mild Steel,train,1170,19.5,482,220,150,150,332,70,632,370,300,300,284.92,7.84,TRACKED,RETAINED,data/phase2_roi_crops/retained/WhatsApp_Video_2026-08-11_at_6.55.17_AM_(1)/crop_001170.jpg
WhatsApp Video 2026-08-11 at 6.55.17 AM (1).mp4,18,Mild Steel,train,1185,19.75,482,221,150,150,332,71,632,371,300,300,258.37,23.29,TRACKED,RETAINED,data/phase2_roi_crops/retained/WhatsApp_Video_2026-08-11_at_6.55.17_AM_(1)/crop_001185.jpg
WhatsApp Video 2026-08-11 at 6.55.17 AM (1).mp4,18,Mild Steel,train,1200,20.0,480,217,150,150,330,67,630,367,300,300,425.22,8.77,TRACKED,RETAINED,data/phase2_roi_crops/retained/WhatsApp_Video_2026-08-11_at_6.55.17_AM_(1)/crop_001200.jpg
WhatsApp Video 2026-08-11 at 6.55.17 AM (1).mp4,18,Mild Steel,train,1215,20.25,479,219,150,150,329,69,629,369,300,300,300.84,20.61,TRACKED,RETAINED,data/phase2_roi_crops/retained/WhatsApp_Video_2026-08-11_at_6.55.17_AM_(1)/crop_001215.jpg
WhatsApp Video 2026-08-11 at 6.55.17 AM (1).mp4,18,Mild Steel,train,1230,20.5,479,218,150,150,329,68,629,368,300,300,266.65,16.69,TRACKED,RETAINED,data/phase2_roi_crops/retained/WhatsApp_Video_2026-08-11_at_6.55.17_AM_(1)/crop_001230.jpg
WhatsApp Video 2026-08-11 at 6.55.17 AM (1).mp4,18,Mild Steel,train,1245,20.75,479,219,150,150,329,69,629,369,300,300,244.03,11.27,TRACKED,RETAINED,data/phase2_roi_crops/retained/WhatsApp_Video_2026-08-11_at_6.55.17_AM_(1)/crop_001245.jpg
WhatsApp Video 2026-08-11 at 6.55.17 AM (1).mp4,18,Mild Steel,train,1260,21.0,480,220,150,150,330,70,630,370,300,300,259.81,15.69,TRACKED,RETAINED,data/phase2_roi_crops/retained/WhatsApp_Video_2026-08-11_at_6.55.17_AM_(1)/crop_001260.jpg
WhatsApp Video 2026-08-11 at 6.55.17 AM (1).mp4,18,Mild Steel,train,1275,21.25,479,222,150,150,329,72,629,372,300,300,239.49,20.42,TRACKED,RETAINED,data/phase2_roi_crops/retained/WhatsApp_Video_2026-08-11_at_6.55.17_AM_(1)/crop_001275.jpg
WhatsApp Video 2026-08-11 at 6.55.17 AM (1).mp4,18,Mild Steel,train,1290,21.5,477,217,150,150,327,67,627,367,300,300,259.98,19.85,TRACKED,RETAINED,data/phase2_roi_crops/retained/WhatsApp_Video_2026-08-11_at_6.55.17_AM_(1)/crop_001290.jpg
WhatsApp Video 2026-08-11 at 6.55.17 AM (1).mp4,18,Mild Steel,train,1305,21.75,477,213,150,150,327,63,627,363,300,300,261.03,12.28,TRACKED,RETAINED,data/phase2_roi_crops/retained/WhatsApp_Video_2026-08-11_at_6.55.17_AM_(1)/crop_001305.jpg
WhatsApp Video 2026-08-11 at 6.55.17 AM (1).mp4,18,Mild Steel,train,1320,22.0,477,216,150,150,327,66,627,366,300,300,275.99,16.32,TRACKED,RETAINED,data/phase2_roi_crops/retained/WhatsApp_Video_2026-08-11_at_6.55.17_AM_(1)/crop_001320.jpg
WhatsApp Video 2026-08-11 at 6.55.17 AM (1).mp4,18,Mild Steel,train,1335,22.25,474,215,150,150,324,65,624,365,300,300,263.03,5.22,TRACKED,RETAINED,data/phase2_roi_crops/retained/WhatsApp_Video_2026-08-11_at_6.55.17_AM_(1)/crop_001335.jpg
WhatsApp Video 2026-08-11 at 6.55.17 AM (1).mp4,18,Mild Steel,train,1350,22.5,476,215,150,150,326,65,626,365,300,300,236.52,11.02,TRACKED,RETAINED,data/phase2_roi_crops/retained/WhatsApp_Video_2026-08-11_at_6.55.17_AM_(1)/crop_001350.jpg
WhatsApp Video 2026-08-11 at 6.55.17 AM (1).mp4,18,Mild Steel,train,1365,22.75,476,211,150,150,326,61,626,361,300,300,269.21,3.5,TRACKED,RETAINED,data/phase2_roi_crops/retained/WhatsApp_Video_2026-08-11_at_6.55.17_AM_(1)/crop_001365.jpg
WhatsApp Video 2026-08-11 at 6.55.17 AM (1).mp4,18,Mild Steel,train,1380,23.0,474,213,150,150,324,63,624,363,300,300,246.09,22.18,TRACKED,RETAINED,data/phase2_roi_crops/retained/WhatsApp_Video_2026-08-11_at_6.55.17_AM_(1)/crop_001380.jpg
WhatsApp Video 2026-08-11 at 6.55.17 AM (1).mp4,18,Mild Steel,train,1395,23.25,473,212,150,150,323,62,623,362,300,300,246.13,17.53,TRACKED,RETAINED,data/phase2_roi_crops/retained/WhatsApp_Video_2026-08-11_at_6.55.17_AM_(1)/crop_001395.jpg
WhatsApp Video 2026-08-11 at 6.55.17 AM (1).mp4,18,Mild Steel,train,1410,23.5,474,213,150,150,324,63,624,363,300,300,276.23,11.44,TRACKED,RETAINED,data/phase2_roi_crops/retained/WhatsApp_Video_2026-08-11_at_6.55.17_AM_(1)/crop_001410.jpg
WhatsApp Video 2026-08-11 at 6.55.17 AM (1).mp4,18,Mild Steel,train,1425,23.75,473,212,150,150,323,62,623,362,300,300,260.26,8.69,TRACKED,RETAINED,data/phase2_roi_crops/retained/WhatsApp_Video_2026-08-11_at_6.55.17_AM_(1)/crop_001425.jpg
WhatsApp Video 2026-08-11 at 6.55.17 AM (1).mp4,18,Mild Steel,train,1440,24.0,471,212,150,150,321,62,621,362,300,300,243.13,13.27,TRACKED,RETAINED,data/phase2_roi_crops/retained/WhatsApp_Video_2026-08-11_at_6.55.17_AM_(1)/crop_001440.jpg
WhatsApp Video 2026-08-11 at 6.55.17 AM (1).mp4,18,Mild Steel,train,1455,24.25,472,211,150,150,322,61,622,361,300,300,232.74,3.79,TRACKED,RETAINED,data/phase2_roi_crops/retained/WhatsApp_Video_2026-08-11_at_6.55.17_AM_(1)/crop_001455.jpg
WhatsApp Video 2026-08-11 at 6.55.17 AM (1).mp4,18,Mild Steel,train,1470,24.5,470,209,150,150,320,59,620,359,300,300,246.4,18.72,TRACKED,RETAINED,data/phase2_roi_crops/retained/WhatsApp_Video_2026-08-11_at_6.55.17_AM_(1)/crop_001470.jpg
WhatsApp Video 2026-08-11 at 6.55.17 AM (1).mp4,18,Mild Steel,train,1485,24.75,469,207,150,150,319,57,619,357,300,300,268.76,10.83,TRACKED,RETAINED,data/phase2_roi_crops/retained/WhatsApp_Video_2026-08-11_at_6.55.17_AM_(1)/crop_001485.jpg
WhatsApp Video 2026-08-11 at 6.55.17 AM (1).mp4,18,Mild Steel,train,1500,25.0,470,206,150,150,320,56,620,356,300,300,415.04,13.69,TRACKED,RETAINED,data/phase2_roi_crops/retained/WhatsApp_Video_2026-08-11_at_6.55.17_AM_(1)/crop_001500.jpg
WhatsApp Video 2026-08-11 at 6.55.17 AM (1).mp4,18,Mild Steel,train,1515,25.25,469,208,150,150,319,58,619,358,300,300,282.65,15.36,TRACKED,RETAINED,data/phase2_roi_crops/retained/WhatsApp_Video_2026-08-11_at_6.55.17_AM_(1)/crop_001515.jpg
WhatsApp Video 2026-08-11 at 6.55.17 AM (1).mp4,18,Mild Steel,train,1530,25.5,468,207,150,150,318,57,618,357,300,300,262.41,6.27,TRACKED,RETAINED,data/phase2_roi_crops/retained/WhatsApp_Video_2026-08-11_at_6.55.17_AM_(1)/crop_001530.jpg
WhatsApp Video 2026-08-11 at 6.55.17 AM (1).mp4,18,Mild Steel,train,1545,25.75,468,205,150,150,318,55,618,355,300,300,261.96,4.35,TRACKED,RETAINED,data/phase2_roi_crops/retained/WhatsApp_Video_2026-08-11_at_6.55.17_AM_(1)/crop_001545.jpg
WhatsApp Video 2026-08-11 at 6.55.17 AM (1).mp4,18,Mild Steel,train,1560,26.0,466,206,150,150,316,56,616,356,300,300,278.98,8.84,TRACKED,RETAINED,data/phase2_roi_crops/retained/WhatsApp_Video_2026-08-11_at_6.55.17_AM_(1)/crop_001560.jpg
WhatsApp Video 2026-08-11 at 6.55.17 AM (1).mp4,18,Mild Steel,train,1575,26.25,465,206,150,150,315,56,615,356,300,300,257.75,4.11,TRACKED,RETAINED,data/phase2_roi_crops/retained/WhatsApp_Video_2026-08-11_at_6.55.17_AM_(1)/crop_001575.jpg
WhatsApp Video 2026-08-11 at 6.55.17 AM (1).mp4,18,Mild Steel,train,1590,26.5,466,207,150,150,316,57,616,357,300,300,238.77,9.98,TRACKED,RETAINED,data/phase2_roi_crops/retained/WhatsApp_Video_2026-08-11_at_6.55.17_AM_(1)/crop_001590.jpg
WhatsApp Video 2026-08-11 at 6.55.17 AM (1).mp4,18,Mild Steel,train,1605,26.75,463,207,150,150,313,57,613,357,300,300,242.43,13.63,TRACKED,RETAINED,data/phase2_roi_crops/retained/WhatsApp_Video_2026-08-11_at_6.55.17_AM_(1)/crop_001605.jpg
WhatsApp Video 2026-08-11 at 6.55.17 AM (1).mp4,18,Mild Steel,train,1620,27.0,462,207,150,150,312,57,612,357,300,300,253.34,19.34,TRACKED,RETAINED,data/phase2_roi_crops/retained/WhatsApp_Video_2026-08-11_at_6.55.17_AM_(1)/crop_001620.jpg
WhatsApp Video 2026-08-11 at 6.55.17 AM (1).mp4,18,Mild Steel,train,1635,27.25,463,208,150,150,313,58,613,358,300,300,260.46,15.49,TRACKED,RETAINED,data/phase2_roi_crops/retained/WhatsApp_Video_2026-08-11_at_6.55.17_AM_(1)/crop_001635.jpg
WhatsApp Video 2026-08-11 at 6.55.17 AM (1).mp4,18,Mild Steel,train,1650,27.5,460,203,150,150,310,53,610,353,300,300,246.92,16.62,TRACKED,RETAINED,data/phase2_roi_crops/retained/WhatsApp_Video_2026-08-11_at_6.55.17_AM_(1)/crop_001650.jpg
WhatsApp Video 2026-08-11 at 6.55.17 AM (1).mp4,18,Mild Steel,train,1665,27.75,459,204,150,150,309,54,609,354,300,300,268.99,4.3,TRACKED,RETAINED,data/phase2_roi_crops/retained/WhatsApp_Video_2026-08-11_at_6.55.17_AM_(1)/crop_001665.jpg
WhatsApp Video 2026-08-11 at 6.55.17 AM (1).mp4,18,Mild Steel,train,1680,28.0,462,202,150,150,312,52,612,352,300,300,240.57,4.1,TRACKED,RETAINED,data/phase2_roi_crops/retained/WhatsApp_Video_2026-08-11_at_6.55.17_AM_(1)/crop_001680.jpg
WhatsApp Video 2026-08-11 at 6.55.17 AM (1).mp4,18,Mild Steel,train,1695,28.25,462,203,150,150,312,53,612,353,300,300,263.42,3.08,TRACKED,RETAINED,data/phase2_roi_crops/retained/WhatsApp_Video_2026-08-11_at_6.55.17_AM_(1)/crop_001695.jpg
WhatsApp Video 2026-08-11 at 6.55.17 AM (1).mp4,18,Mild Steel,train,1710,28.5,459,201,150,150,309,51,609,351,300,300,243.31,15.85,TRACKED,RETAINED,data/phase2_roi_crops/retained/WhatsApp_Video_2026-08-11_at_6.55.17_AM_(1)/crop_001710.jpg
WhatsApp Video 2026-08-11 at 6.55.17 AM (1).mp4,18,Mild Steel,train,1725,28.75,460,202,150,150,310,52,610,352,300,300,248.82,4.23,TRACKED,RETAINED,data/phase2_roi_crops/retained/WhatsApp_Video_2026-08-11_at_6.55.17_AM_(1)/crop_001725.jpg
WhatsApp Video 2026-08-11 at 6.55.17 AM (1).mp4,18,Mild Steel,train,1740,29.0,458,199,150,150,308,49,608,349,300,300,265.18,13.34,TRACKED,RETAINED,data/phase2_roi_crops/retained/WhatsApp_Video_2026-08-11_at_6.55.17_AM_(1)/crop_001740.jpg
WhatsApp Video 2026-08-11 at 6.55.17 AM (1).mp4,18,Mild Steel,train,1755,29.25,456,199,150,150,306,49,606,349,300,300,244.07,3.36,TRACKED,RETAINED,data/phase2_roi_crops/retained/WhatsApp_Video_2026-08-11_at_6.55.17_AM_(1)/crop_001755.jpg
WhatsApp Video 2026-08-11 at 6.55.17 AM (1).mp4,18,Mild Steel,train,1770,29.5,457,198,150,150,307,48,607,348,300,300,260.91,4.14,TRACKED,RETAINED,data/phase2_roi_crops/retained/WhatsApp_Video_2026-08-11_at_6.55.17_AM_(1)/crop_001770.jpg
WhatsApp Video 2026-08-11 at 6.55.17 AM (1).mp4,18,Mild Steel,train,1785,29.75,455,198,150,150,305,48,605,348,300,300,262.97,3.73,TRACKED,RETAINED,data/phase2_roi_crops/retained/WhatsApp_Video_2026-08-11_at_6.55.17_AM_(1)/crop_001785.jpg
WhatsApp Video 2026-08-11 at 6.55.17 AM (1).mp4,18,Mild Steel,train,1800,30.0,456,198,150,150,306,48,606,348,300,300,390.41,12.51,TRACKED,RETAINED,data/phase2_roi_crops/retained/WhatsApp_Video_2026-08-11_at_6.55.17_AM_(1)/crop_001800.jpg
WhatsApp Video 2026-08-11 at 6.55.17 AM (1).mp4,18,Mild Steel,train,1815,30.25,455,198,150,150,305,48,605,348,300,300,287.37,4.59,TRACKED,RETAINED,data/phase2_roi_crops/retained/WhatsApp_Video_2026-08-11_at_6.55.17_AM_(1)/crop_001815.jpg
WhatsApp Video 2026-08-11 at 6.55.17 AM (1).mp4,18,Mild Steel,train,1830,30.5,457,195,150,150,307,45,607,345,300,300,249.73,12.28,TRACKED,RETAINED,data/phase2_roi_crops/retained/WhatsApp_Video_2026-08-11_at_6.55.17_AM_(1)/crop_001830.jpg
WhatsApp Video 2026-08-11 at 6.55.17 AM (1).mp4,18,Mild Steel,train,1845,30.75,458,193,150,150,308,43,608,343,300,300,248.23,4.93,TRACKED,RETAINED,data/phase2_roi_crops/retained/WhatsApp_Video_2026-08-11_at_6.55.17_AM_(1)/crop_001845.jpg
WhatsApp Video 2026-08-11 at 6.55.17 AM (1).mp4,18,Mild Steel,train,1860,31.0,459,190,150,150,309,40,609,340,300,300,244.13,3.96,TRACKED,RETAINED,data/phase2_roi_crops/retained/WhatsApp_Video_2026-08-11_at_6.55.17_AM_(1)/crop_001860.jpg
WhatsApp Video 2026-08-11 at 6.55.17 AM (1).mp4,18,Mild Steel,train,1875,31.25,458,192,150,150,308,42,608,342,300,300,230.1,15.1,TRACKED,RETAINED,data/phase2_roi_crops/retained/WhatsApp_Video_2026-08-11_at_6.55.17_AM_(1)/crop_001875.jpg
WhatsApp Video 2026-08-11 at 6.55.17 AM (1).mp4,18,Mild Steel,train,1890,31.5,457,190,150,150,307,40,607,340,300,300,262.37,8.51,TRACKED,RETAINED,data/phase2_roi_crops/retained/WhatsApp_Video_2026-08-11_at_6.55.17_AM_(1)/crop_001890.jpg
WhatsApp Video 2026-08-11 at 6.55.17 AM (1).mp4,18,Mild Steel,train,1905,31.75,453,197,150,150,303,47,603,347,300,300,253.2,22.68,TRACKED,RETAINED,data/phase2_roi_crops/retained/WhatsApp_Video_2026-08-11_at_6.55.17_AM_(1)/crop_001905.jpg
WhatsApp Video 2026-08-11 at 6.55.17 AM (1).mp4,18,Mild Steel,train,1920,32.0,458,193,150,150,308,43,608,343,300,300,254.48,15.94,TRACKED,RETAINED,data/phase2_roi_crops/retained/WhatsApp_Video_2026-08-11_at_6.55.17_AM_(1)/crop_001920.jpg
WhatsApp Video 2026-08-11 at 6.55.17 AM (1).mp4,18,Mild Steel,train,1935,32.25,456,192,150,150,306,42,606,342,300,300,230.26,11.7,TRACKED,RETAINED,data/phase2_roi_crops/retained/WhatsApp_Video_2026-08-11_at_6.55.17_AM_(1)/crop_001935.jpg
WhatsApp Video 2026-08-11 at 6.55.17 AM (1).mp4,18,Mild Steel,train,1950,32.5,455,192,150,150,305,42,605,342,300,300,227.73,11.04,TRACKED,RETAINED,data/phase2_roi_crops/retained/WhatsApp_Video_2026-08-11_at_6.55.17_AM_(1)/crop_001950.jpg
WhatsApp Video 2026-08-11 at 6.55.17 AM (1).mp4,18,Mild Steel,train,1965,32.75,458,195,150,150,308,45,608,345,300,300,225.93,6.3,TRACKED,RETAINED,data/phase2_roi_crops/retained/WhatsApp_Video_2026-08-11_at_6.55.17_AM_(1)/crop_001965.jpg
WhatsApp Video 2026-08-11 at 6.55.17 AM (1).mp4,18,Mild Steel,train,1980,33.0,460,192,150,150,310,42,610,342,300,300,280.61,12.47,TRACKED,RETAINED,data/phase2_roi_crops/retained/WhatsApp_Video_2026-08-11_at_6.55.17_AM_(1)/crop_001980.jpg
WhatsApp Video 2026-08-11 at 6.55.17 AM (1).mp4,18,Mild Steel,train,1995,33.25,455,190,150,150,305,40,605,340,300,300,280.55,15.22,TRACKED,RETAINED,data/phase2_roi_crops/retained/WhatsApp_Video_2026-08-11_at_6.55.17_AM_(1)/crop_001995.jpg
WhatsApp Video 2026-08-11 at 6.55.17 AM (1).mp4,18,Mild Steel,train,2010,33.5,455,192,150,150,305,42,605,342,300,300,296.34,17.79,TRACKED,RETAINED,data/phase2_roi_crops/retained/WhatsApp_Video_2026-08-11_at_6.55.17_AM_(1)/crop_002010.jpg
WhatsApp Video 2026-08-11 at 6.55.17 AM (1).mp4,18,Mild Steel,train,2025,33.75,458,193,150,150,308,43,608,343,300,300,272.84,16.36,TRACKED,RETAINED,data/phase2_roi_crops/retained/WhatsApp_Video_2026-08-11_at_6.55.17_AM_(1)/crop_002025.jpg
WhatsApp Video 2026-08-11 at 6.55.17 AM (1).mp4,18,Mild Steel,train,2040,34.0,459,192,150,150,309,42,609,342,300,300,290.17,3.54,TRACKED,RETAINED,data/phase2_roi_crops/retained/WhatsApp_Video_2026-08-11_at_6.55.17_AM_(1)/crop_002040.jpg
WhatsApp Video 2026-08-11 at 6.55.17 AM (1).mp4,18,Mild Steel,train,2055,34.25,460,191,150,150,310,41,610,341,300,300,289.24,2.94,TRACKED,RETAINED,data/phase2_roi_crops/retained/WhatsApp_Video_2026-08-11_at_6.55.17_AM_(1)/crop_002055.jpg
WhatsApp Video 2026-08-11 at 6.55.17 AM (1).mp4,18,Mild Steel,train,2070,34.5,462,194,150,150,312,44,612,344,300,300,283.63,10.77,TRACKED,RETAINED,data/phase2_roi_crops/retained/WhatsApp_Video_2026-08-11_at_6.55.17_AM_(1)/crop_002070.jpg
WhatsApp Video 2026-08-11 at 6.55.17 AM (1).mp4,18,Mild Steel,train,2085,34.75,462,194,150,150,312,44,612,344,300,300,286.15,19.93,TRACKED,RETAINED,data/phase2_roi_crops/retained/WhatsApp_Video_2026-08-11_at_6.55.17_AM_(1)/crop_002085.jpg
WhatsApp Video 2026-08-11 at 6.55.17 AM (1).mp4,18,Mild Steel,train,2100,35.0,457,190,150,150,307,40,607,340,300,300,431.73,22.92,TRACKED,RETAINED,data/phase2_roi_crops/retained/WhatsApp_Video_2026-08-11_at_6.55.17_AM_(1)/crop_002100.jpg
WhatsApp Video 2026-08-11 at 6.55.17 AM (1).mp4,18,Mild Steel,train,2115,35.25,459,193,150,150,309,43,609,343,300,300,319.5,13.82,TRACKED,RETAINED,data/phase2_roi_crops/retained/WhatsApp_Video_2026-08-11_at_6.55.17_AM_(1)/crop_002115.jpg
WhatsApp Video 2026-08-11 at 6.55.17 AM (1).mp4,18,Mild Steel,train,2130,35.5,459,193,150,150,309,43,609,343,300,300,300.24,11.56,TRACKED,RETAINED,data/phase2_roi_crops/retained/WhatsApp_Video_2026-08-11_at_6.55.17_AM_(1)/crop_002130.jpg
WhatsApp Video 2026-08-11 at 6.55.17 AM (1).mp4,18,Mild Steel,train,2145,35.75,459,192,150,150,309,42,609,342,300,300,310.64,12.95,TRACKED,RETAINED,data/phase2_roi_crops/retained/WhatsApp_Video_2026-08-11_at_6.55.17_AM_(1)/crop_002145.jpg
WhatsApp Video 2026-08-11 at 6.55.17 AM (1).mp4,18,Mild Steel,train,2160,36.0,456,190,150,150,306,40,606,340,300,300,321.2,9.65,TRACKED,RETAINED,data/phase2_roi_crops/retained/WhatsApp_Video_2026-08-11_at_6.55.17_AM_(1)/crop_002160.jpg
WhatsApp Video 2026-08-11 at 6.55.17 AM (1).mp4,18,Mild Steel,train,2175,36.25,461,191,150,150,311,41,611,341,300,300,307.93,15.6,TRACKED,RETAINED,data/phase2_roi_crops/retained/WhatsApp_Video_2026-08-11_at_6.55.17_AM_(1)/crop_002175.jpg
WhatsApp Video 2026-08-11 at 6.55.17 AM (1).mp4,18,Mild Steel,train,2190,36.5,460,187,150,150,310,37,610,337,300,300,305.22,10.17,TRACKED,RETAINED,data/phase2_roi_crops/retained/WhatsApp_Video_2026-08-11_at_6.55.17_AM_(1)/crop_002190.jpg
WhatsApp Video 2026-08-11 at 6.55.17 AM (1).mp4,18,Mild Steel,train,2205,36.75,459,192,150,150,309,42,609,342,300,300,267.21,15.18,TRACKED,RETAINED,data/phase2_roi_crops/retained/WhatsApp_Video_2026-08-11_at_6.55.17_AM_(1)/crop_002205.jpg
WhatsApp Video 2026-08-11 at 6.55.17 AM (1).mp4,18,Mild Steel,train,2220,37.0,458,190,150,150,308,40,608,340,300,300,227.57,22.28,TRACKED,RETAINED,data/phase2_roi_crops/retained/WhatsApp_Video_2026-08-11_at_6.55.17_AM_(1)/crop_002220.jpg
WhatsApp Video 2026-08-11 at 6.55.17 AM (1).mp4,18,Mild Steel,train,2235,37.25,461,191,150,150,311,41,611,341,300,300,282.37,25.2,TRACKED,RETAINED,data/phase2_roi_crops/retained/WhatsApp_Video_2026-08-11_at_6.55.17_AM_(1)/crop_002235.jpg
WhatsApp Video 2026-08-11 at 6.55.17 AM (1).mp4,18,Mild Steel,train,2250,37.5,460,192,150,150,310,42,610,342,300,300,282.11,13.5,TRACKED,RETAINED,data/phase2_roi_crops/retained/WhatsApp_Video_2026-08-11_at_6.55.17_AM_(1)/crop_002250.jpg
WhatsApp Video 2026-08-11 at 6.55.17 AM (1).mp4,18,Mild Steel,train,2265,37.75,459,193,150,150,309,43,609,343,300,300,285.38,8.19,TRACKED,RETAINED,data/phase2_roi_crops/retained/WhatsApp_Video_2026-08-11_at_6.55.17_AM_(1)/crop_002265.jpg
WhatsApp Video 2026-08-11 at 6.55.17 AM (1).mp4,18,Mild Steel,train,2280,38.0,463,193,150,150,313,43,613,343,300,300,315.36,13.78,TRACKED,RETAINED,data/phase2_roi_crops/retained/WhatsApp_Video_2026-08-11_at_6.55.17_AM_(1)/crop_002280.jpg
WhatsApp Video 2026-08-11 at 6.55.17 AM (1).mp4,18,Mild Steel,train,2295,38.25,459,187,150,150,309,37,609,337,300,300,333.48,7.26,TRACKED,RETAINED,data/phase2_roi_crops/retained/WhatsApp_Video_2026-08-11_at_6.55.17_AM_(1)/crop_002295.jpg
WhatsApp Video 2026-08-11 at 6.55.17 AM (1).mp4,18,Mild Steel,train,2310,38.5,461,193,150,150,311,43,611,343,300,300,304.13,20.07,TRACKED,RETAINED,data/phase2_roi_crops/retained/WhatsApp_Video_2026-08-11_at_6.55.17_AM_(1)/crop_002310.jpg
WhatsApp Video 2026-08-11 at 6.55.17 AM (1).mp4,18,Mild Steel,train,2325,38.75,465,193,150,150,315,43,615,343,300,300,291.86,5.27,TRACKED,RETAINED,data/phase2_roi_crops/retained/WhatsApp_Video_2026-08-11_at_6.55.17_AM_(1)/crop_002325.jpg
WhatsApp Video 2026-08-11 at 6.55.17 AM (1).mp4,18,Mild Steel,train,2340,39.0,464,195,150,150,314,45,614,345,300,300,293.79,8.21,TRACKED,RETAINED,data/phase2_roi_crops/retained/WhatsApp_Video_2026-08-11_at_6.55.17_AM_(1)/crop_002340.jpg
WhatsApp Video 2026-08-11 at 6.55.17 AM (1).mp4,18,Mild Steel,train,2355,39.25,459,189,150,150,309,39,609,339,300,300,290.73,21.94,TRACKED,RETAINED,data/phase2_roi_crops/retained/WhatsApp_Video_2026-08-11_at_6.55.17_AM_(1)/crop_002355.jpg
WhatsApp Video 2026-08-11 at 6.55.17 AM (1).mp4,18,Mild Steel,train,2370,39.5,460,190,150,150,310,40,610,340,300,300,300.96,8.48,TRACKED,RETAINED,data/phase2_roi_crops/retained/WhatsApp_Video_2026-08-11_at_6.55.17_AM_(1)/crop_002370.jpg
WhatsApp Video 2026-08-11 at 6.55.17 AM (1).mp4,18,Mild Steel,train,2385,39.75,461,190,150,150,311,40,611,340,300,300,298.65,7.43,TRACKED,RETAINED,data/phase2_roi_crops/retained/WhatsApp_Video_2026-08-11_at_6.55.17_AM_(1)/crop_002385.jpg
WhatsApp Video 2026-08-11 at 6.55.17 AM (1).mp4,18,Mild Steel,train,2400,40.0,460,192,150,150,310,42,610,342,300,300,458.84,6.29,TRACKED,RETAINED,data/phase2_roi_crops/retained/WhatsApp_Video_2026-08-11_at_6.55.17_AM_(1)/crop_002400.jpg
WhatsApp Video 2026-08-11 at 6.55.17 AM (1).mp4,18,Mild Steel,train,2415,40.25,462,193,150,150,312,43,612,343,300,300,300.84,13.65,TRACKED,RETAINED,data/phase2_roi_crops/retained/WhatsApp_Video_2026-08-11_at_6.55.17_AM_(1)/crop_002415.jpg
WhatsApp Video 2026-08-11 at 6.55.17 AM (1).mp4,18,Mild Steel,train,2430,40.5,460,189,150,150,310,39,610,339,300,300,270.93,13.11,TRACKED,RETAINED,data/phase2_roi_crops/retained/WhatsApp_Video_2026-08-11_at_6.55.17_AM_(1)/crop_002430.jpg
WhatsApp Video 2026-08-11 at 6.55.17 AM (1).mp4,18,Mild Steel,train,2445,40.75,462,190,150,150,312,40,612,340,300,300,292.75,7.15,TRACKED,RETAINED,data/phase2_roi_crops/retained/WhatsApp_Video_2026-08-11_at_6.55.17_AM_(1)/crop_002445.jpg
WhatsApp Video 2026-08-11 at 6.55.17 AM (1).mp4,18,Mild Steel,train,2460,41.0,459,190,150,150,309,40,609,340,300,300,269.63,11.95,TRACKED,RETAINED,data/phase2_roi_crops/retained/WhatsApp_Video_2026-08-11_at_6.55.17_AM_(1)/crop_002460.jpg
WhatsApp Video 2026-08-11 at 6.55.17 AM (1).mp4,18,Mild Steel,train,2475,41.25,461,190,150,150,311,40,611,340,300,300,284.36,16.83,TRACKED,RETAINED,data/phase2_roi_crops/retained/WhatsApp_Video_2026-08-11_at_6.55.17_AM_(1)/crop_002475.jpg
WhatsApp Video 2026-08-11 at 6.55.17 AM (1).mp4,18,Mild Steel,train,2490,41.5,462,190,150,150,312,40,612,340,300,300,268.73,4.56,TRACKED,RETAINED,data/phase2_roi_crops/retained/WhatsApp_Video_2026-08-11_at_6.55.17_AM_(1)/crop_002490.jpg
WhatsApp Video 2026-08-11 at 6.55.17 AM (1).mp4,18,Mild Steel,train,2505,41.75,464,190,150,150,314,40,614,340,300,300,296.21,10.4,TRACKED,RETAINED,data/phase2_roi_crops/retained/WhatsApp_Video_2026-08-11_at_6.55.17_AM_(1)/crop_002505.jpg
WhatsApp Video 2026-08-11 at 6.55.17 AM (1).mp4,18,Mild Steel,train,2520,42.0,462,191,150,150,312,41,612,341,300,300,302.57,16.21,TRACKED,RETAINED,data/phase2_roi_crops/retained/WhatsApp_Video_2026-08-11_at_6.55.17_AM_(1)/crop_002520.jpg
WhatsApp Video 2026-08-11 at 6.55.17 AM (1).mp4,18,Mild Steel,train,2535,42.25,462,191,150,150,312,41,612,341,300,300,262.84,6.86,TRACKED,RETAINED,data/phase2_roi_crops/retained/WhatsApp_Video_2026-08-11_at_6.55.17_AM_(1)/crop_002535.jpg
WhatsApp Video 2026-08-11 at 6.55.17 AM (1).mp4,18,Mild Steel,train,2550,42.5,463,186,150,150,313,36,613,336,300,300,277.19,11.94,TRACKED,RETAINED,data/phase2_roi_crops/retained/WhatsApp_Video_2026-08-11_at_6.55.17_AM_(1)/crop_002550.jpg
WhatsApp Video 2026-08-11 at 6.55.17 AM (1).mp4,18,Mild Steel,train,2565,42.75,460,187,150,150,310,37,610,337,300,300,299.56,13.1,TRACKED,RETAINED,data/phase2_roi_crops/retained/WhatsApp_Video_2026-08-11_at_6.55.17_AM_(1)/crop_002565.jpg
WhatsApp Video 2026-08-11 at 6.55.17 AM (1).mp4,18,Mild Steel,train,2580,43.0,463,191,150,150,313,41,613,341,300,300,271.71,13.49,TRACKED,RETAINED,data/phase2_roi_crops/retained/WhatsApp_Video_2026-08-11_at_6.55.17_AM_(1)/crop_002580.jpg
WhatsApp Video 2026-08-11 at 6.55.17 AM (1).mp4,18,Mild Steel,train,2595,43.25,462,189,150,150,312,39,612,339,300,300,275.92,10.57,TRACKED,RETAINED,data/phase2_roi_crops/retained/WhatsApp_Video_2026-08-11_at_6.55.17_AM_(1)/crop_002595.jpg
WhatsApp Video 2026-08-11 at 6.55.17 AM (1).mp4,18,Mild Steel,train,2610,43.5,459,189,150,150,309,39,609,339,300,300,295.81,4.51,TRACKED,RETAINED,data/phase2_roi_crops/retained/WhatsApp_Video_2026-08-11_at_6.55.17_AM_(1)/crop_002610.jpg
WhatsApp Video 2026-08-11 at 6.55.17 AM (1).mp4,18,Mild Steel,train,2625,43.75,464,190,150,150,314,40,614,340,300,300,279.17,9.85,TRACKED,RETAINED,data/phase2_roi_crops/retained/WhatsApp_Video_2026-08-11_at_6.55.17_AM_(1)/crop_002625.jpg
WhatsApp Video 2026-08-11 at 6.55.17 AM (1).mp4,18,Mild Steel,train,2640,44.0,466,194,150,150,316,44,616,344,300,300,314.96,6.22,TRACKED,RETAINED,data/phase2_roi_crops/retained/WhatsApp_Video_2026-08-11_at_6.55.17_AM_(1)/crop_002640.jpg
WhatsApp Video 2026-08-11 at 6.55.17 AM (1).mp4,18,Mild Steel,train,2655,44.25,463,190,150,150,313,40,613,340,300,300,287.0,16.95,TRACKED,RETAINED,data/phase2_roi_crops/retained/WhatsApp_Video_2026-08-11_at_6.55.17_AM_(1)/crop_002655.jpg
WhatsApp Video 2026-08-11 at 6.55.17 AM (1).mp4,18,Mild Steel,train,2670,44.5,464,187,150,150,314,37,614,337,300,300,315.3,3.65,TRACKED,RETAINED,data/phase2_roi_crops/retained/WhatsApp_Video_2026-08-11_at_6.55.17_AM_(1)/crop_002670.jpg
WhatsApp Video 2026-08-11 at 6.55.17 AM (1).mp4,18,Mild Steel,train,2685,44.75,463,186,150,150,313,36,613,336,300,300,280.09,14.57,TRACKED,RETAINED,data/phase2_roi_crops/retained/WhatsApp_Video_2026-08-11_at_6.55.17_AM_(1)/crop_002685.jpg
WhatsApp Video 2026-08-11 at 6.55.17 AM (1).mp4,18,Mild Steel,train,2700,45.0,461,187,150,150,311,37,611,337,300,300,430.17,16.88,TRACKED,RETAINED,data/phase2_roi_crops/retained/WhatsApp_Video_2026-08-11_at_6.55.17_AM_(1)/crop_002700.jpg
WhatsApp Video 2026-08-11 at 6.55.17 AM (1).mp4,18,Mild Steel,train,2715,45.25,460,187,150,150,310,37,610,337,300,300,281.31,6.56,TRACKED,RETAINED,data/phase2_roi_crops/retained/WhatsApp_Video_2026-08-11_at_6.55.17_AM_(1)/crop_002715.jpg
WhatsApp Video 2026-08-11 at 6.55.17 AM (1).mp4,18,Mild Steel,train,2730,45.5,463,189,150,150,313,39,613,339,300,300,278.75,4.91,TRACKED,RETAINED,data/phase2_roi_crops/retained/WhatsApp_Video_2026-08-11_at_6.55.17_AM_(1)/crop_002730.jpg
WhatsApp Video 2026-08-11 at 6.55.17 AM (1).mp4,18,Mild Steel,train,2745,45.75,463,192,150,150,313,42,613,342,300,300,263.89,9.28,TRACKED,RETAINED,data/phase2_roi_crops/retained/WhatsApp_Video_2026-08-11_at_6.55.17_AM_(1)/crop_002745.jpg
WhatsApp Video 2026-08-11 at 6.55.17 AM (1).mp4,18,Mild Steel,train,2760,46.0,464,191,150,150,314,41,614,341,300,300,270.46,4.02,TRACKED,RETAINED,data/phase2_roi_crops/retained/WhatsApp_Video_2026-08-11_at_6.55.17_AM_(1)/crop_002760.jpg
WhatsApp Video 2026-08-11 at 6.55.17 AM (1).mp4,18,Mild Steel,train,2775,46.25,464,193,150,150,314,43,614,343,300,300,265.66,3.94,TRACKED,RETAINED,data/phase2_roi_crops/retained/WhatsApp_Video_2026-08-11_at_6.55.17_AM_(1)/crop_002775.jpg
WhatsApp Video 2026-08-11 at 6.55.17 AM (1).mp4,18,Mild Steel,train,2790,46.5,462,193,150,150,312,43,612,343,300,300,253.47,5.01,TRACKED,RETAINED,data/phase2_roi_crops/retained/WhatsApp_Video_2026-08-11_at_6.55.17_AM_(1)/crop_002790.jpg
WhatsApp Video 2026-08-11 at 6.55.17 AM (1).mp4,18,Mild Steel,train,2805,46.75,457,192,150,150,307,42,607,342,300,300,270.78,4.31,TRACKED,RETAINED,data/phase2_roi_crops/retained/WhatsApp_Video_2026-08-11_at_6.55.17_AM_(1)/crop_002805.jpg
WhatsApp Video 2026-08-11 at 6.55.17 AM (1).mp4,18,Mild Steel,train,2820,47.0,463,197,150,150,313,47,613,347,300,300,239.69,13.28,TRACKED,RETAINED,data/phase2_roi_crops/retained/WhatsApp_Video_2026-08-11_at_6.55.17_AM_(1)/crop_002820.jpg
WhatsApp Video 2026-08-11 at 6.55.17 AM (1).mp4,18,Mild Steel,train,2835,47.25,462,194,150,150,312,44,612,344,300,300,268.93,17.69,TRACKED,RETAINED,data/phase2_roi_crops/retained/WhatsApp_Video_2026-08-11_at_6.55.17_AM_(1)/crop_002835.jpg
WhatsApp Video 2026-08-11 at 6.55.17 AM (1).mp4,18,Mild Steel,train,2850,47.5,460,196,150,150,310,46,610,346,300,300,251.01,7.04,TRACKED,RETAINED,data/phase2_roi_crops/retained/WhatsApp_Video_2026-08-11_at_6.55.17_AM_(1)/crop_002850.jpg
WhatsApp Video 2026-08-11 at 6.55.17 AM (1).mp4,18,Mild Steel,train,2865,47.75,459,197,150,150,309,47,609,347,300,300,235.37,6.9,TRACKED,RETAINED,data/phase2_roi_crops/retained/WhatsApp_Video_2026-08-11_at_6.55.17_AM_(1)/crop_002865.jpg
WhatsApp Video 2026-08-11 at 6.55.17 AM (1).mp4,18,Mild Steel,train,2880,48.0,460,196,150,150,310,46,610,346,300,300,245.85,4.18,TRACKED,RETAINED,data/phase2_roi_crops/retained/WhatsApp_Video_2026-08-11_at_6.55.17_AM_(1)/crop_002880.jpg
WhatsApp Video 2026-08-11 at 6.55.17 AM (1).mp4,18,Mild Steel,train,2895,48.25,462,195,150,150,312,45,612,345,300,300,260.46,5.87,TRACKED,RETAINED,data/phase2_roi_crops/retained/WhatsApp_Video_2026-08-11_at_6.55.17_AM_(1)/crop_002895.jpg
WhatsApp Video 2026-08-11 at 6.55.17 AM (1).mp4,18,Mild Steel,train,2910,48.5,459,195,150,150,309,45,609,345,300,300,267.41,4.26,TRACKED,RETAINED,data/phase2_roi_crops/retained/WhatsApp_Video_2026-08-11_at_6.55.17_AM_(1)/crop_002910.jpg
WhatsApp Video 2026-08-11 at 6.55.17 AM (1).mp4,18,Mild Steel,train,2925,48.75,459,194,150,150,309,44,609,344,300,300,235.07,5.31,TRACKED,RETAINED,data/phase2_roi_crops/retained/WhatsApp_Video_2026-08-11_at_6.55.17_AM_(1)/crop_002925.jpg
WhatsApp Video 2026-08-11 at 6.55.17 AM (1).mp4,18,Mild Steel,train,2940,49.0,461,196,150,150,311,46,611,346,300,300,233.86,6.03,TRACKED,RETAINED,data/phase2_roi_crops/retained/WhatsApp_Video_2026-08-11_at_6.55.17_AM_(1)/crop_002940.jpg
WhatsApp Video 2026-08-11 at 6.55.17 AM (1).mp4,18,Mild Steel,train,2955,49.25,459,199,150,150,309,49,609,349,300,300,232.27,13.28,TRACKED,RETAINED,data/phase2_roi_crops/retained/WhatsApp_Video_2026-08-11_at_6.55.17_AM_(1)/crop_002955.jpg
WhatsApp Video 2026-08-11 at 6.55.17 AM (1).mp4,18,Mild Steel,train,2970,49.5,456,197,150,150,306,47,606,347,300,300,243.87,9.17,TRACKED,RETAINED,data/phase2_roi_crops/retained/WhatsApp_Video_2026-08-11_at_6.55.17_AM_(1)/crop_002970.jpg
WhatsApp Video 2026-08-11 at 6.55.17 AM (1).mp4,18,Mild Steel,train,2985,49.75,455,197,150,150,305,47,605,347,300,300,225.04,4.98,TRACKED,RETAINED,data/phase2_roi_crops/retained/WhatsApp_Video_2026-08-11_at_6.55.17_AM_(1)/crop_002985.jpg
WhatsApp Video 2026-08-11 at 6.55.17 AM (1).mp4,18,Mild Steel,train,3000,50.0,457,204,150,150,307,54,607,354,300,300,376.89,12.54,TRACKED,RETAINED,data/phase2_roi_crops/retained/WhatsApp_Video_2026-08-11_at_6.55.17_AM_(1)/crop_003000.jpg
WhatsApp Video 2026-08-11 at 6.55.17 AM (1).mp4,18,Mild Steel,train,3015,50.25,455,204,150,150,305,54,605,354,300,300,261.2,18.68,TRACKED,RETAINED,data/phase2_roi_crops/retained/WhatsApp_Video_2026-08-11_at_6.55.17_AM_(1)/crop_003015.jpg
WhatsApp Video 2026-08-11 at 6.55.17 AM (1).mp4,18,Mild Steel,train,3030,50.5,453,203,150,150,303,53,603,353,300,300,251.66,15.27,TRACKED,RETAINED,data/phase2_roi_crops/retained/WhatsApp_Video_2026-08-11_at_6.55.17_AM_(1)/crop_003030.jpg
WhatsApp Video 2026-08-11 at 6.55.17 AM (1).mp4,18,Mild Steel,train,3045,50.75,456,204,150,150,306,54,606,354,300,300,237.1,7.15,TRACKED,RETAINED,data/phase2_roi_crops/retained/WhatsApp_Video_2026-08-11_at_6.55.17_AM_(1)/crop_003045.jpg
WhatsApp Video 2026-08-11 at 6.55.17 AM (1).mp4,18,Mild Steel,train,3060,51.0,462,204,150,150,312,54,612,354,300,300,223.36,7.72,TRACKED,RETAINED,data/phase2_roi_crops/retained/WhatsApp_Video_2026-08-11_at_6.55.17_AM_(1)/crop_003060.jpg
WhatsApp Video 2026-08-11 at 6.55.17 AM (1).mp4,18,Mild Steel,train,3075,51.25,454,205,150,150,304,55,604,355,300,300,230.97,14.73,TRACKED,RETAINED,data/phase2_roi_crops/retained/WhatsApp_Video_2026-08-11_at_6.55.17_AM_(1)/crop_003075.jpg
WhatsApp Video 2026-08-11 at 6.55.17 AM (1).mp4,18,Mild Steel,train,3090,51.5,453,208,150,150,303,58,603,358,300,300,247.53,15.59,TRACKED,RETAINED,data/phase2_roi_crops/retained/WhatsApp_Video_2026-08-11_at_6.55.17_AM_(1)/crop_003090.jpg
WhatsApp Video 2026-08-11 at 6.55.17 AM (1).mp4,18,Mild Steel,train,3105,51.75,456,210,150,150,306,60,606,360,300,300,227.65,19.55,TRACKED,RETAINED,data/phase2_roi_crops/retained/WhatsApp_Video_2026-08-11_at_6.55.17_AM_(1)/crop_003105.jpg
WhatsApp Video 2026-08-11 at 6.55.17 AM (1).mp4,18,Mild Steel,train,3120,52.0,457,208,150,150,307,58,607,358,300,300,208.04,15.67,TRACKED,RETAINED,data/phase2_roi_crops/retained/WhatsApp_Video_2026-08-11_at_6.55.17_AM_(1)/crop_003120.jpg
WhatsApp Video 2026-08-11 at 6.55.17 AM (1).mp4,18,Mild Steel,train,3135,52.25,457,206,150,150,307,56,607,356,300,300,231.22,13.8,TRACKED,RETAINED,data/phase2_roi_crops/retained/WhatsApp_Video_2026-08-11_at_6.55.17_AM_(1)/crop_003135.jpg
WhatsApp Video 2026-08-11 at 6.55.17 AM (1).mp4,18,Mild Steel,train,3150,52.5,457,206,150,150,307,56,607,356,300,300,228.95,5.69,TRACKED,RETAINED,data/phase2_roi_crops/retained/WhatsApp_Video_2026-08-11_at_6.55.17_AM_(1)/crop_003150.jpg
WhatsApp Video 2026-08-11 at 6.55.17 AM (1).mp4,18,Mild Steel,train,3165,52.75,459,207,150,150,309,57,609,357,300,300,218.31,5.49,TRACKED,RETAINED,data/phase2_roi_crops/retained/WhatsApp_Video_2026-08-11_at_6.55.17_AM_(1)/crop_003165.jpg
WhatsApp Video 2026-08-11 at 6.55.17 AM (1).mp4,18,Mild Steel,train,3180,53.0,458,210,150,150,308,60,608,360,300,300,217.0,7.28,TRACKED,RETAINED,data/phase2_roi_crops/retained/WhatsApp_Video_2026-08-11_at_6.55.17_AM_(1)/crop_003180.jpg
WhatsApp Video 2026-08-11 at 6.55.17 AM (1).mp4,18,Mild Steel,train,3195,53.25,453,211,150,150,303,61,603,361,300,300,209.26,14.63,TRACKED,RETAINED,data/phase2_roi_crops/retained/WhatsApp_Video_2026-08-11_at_6.55.17_AM_(1)/crop_003195.jpg
WhatsApp Video 2026-08-11 at 6.55.17 AM (1).mp4,18,Mild Steel,train,3210,53.5,453,212,150,150,303,62,603,362,300,300,213.94,3.92,TRACKED,RETAINED,data/phase2_roi_crops/retained/WhatsApp_Video_2026-08-11_at_6.55.17_AM_(1)/crop_003210.jpg
WhatsApp Video 2026-08-11 at 6.55.17 AM (1).mp4,18,Mild Steel,train,3225,53.75,449,213,150,150,299,63,599,363,300,300,207.97,4.54,TRACKED,RETAINED,data/phase2_roi_crops/retained/WhatsApp_Video_2026-08-11_at_6.55.17_AM_(1)/crop_003225.jpg
WhatsApp Video 2026-08-11 at 6.55.17 AM (1).mp4,18,Mild Steel,train,3240,54.0,451,215,150,150,301,65,601,365,300,300,203.46,3.23,TRACKED,RETAINED,data/phase2_roi_crops/retained/WhatsApp_Video_2026-08-11_at_6.55.17_AM_(1)/crop_003240.jpg
WhatsApp Video 2026-08-11 at 6.55.17 AM (1).mp4,18,Mild Steel,train,3255,54.25,450,211,150,150,300,61,600,361,300,300,193.15,11.3,TRACKED,RETAINED,data/phase2_roi_crops/retained/WhatsApp_Video_2026-08-11_at_6.55.17_AM_(1)/crop_003255.jpg
WhatsApp Video 2026-08-11 at 6.55.17 AM (1).mp4,18,Mild Steel,train,3270,54.5,449,211,150,150,299,61,599,361,300,300,201.86,4.42,TRACKED,RETAINED,data/phase2_roi_crops/retained/WhatsApp_Video_2026-08-11_at_6.55.17_AM_(1)/crop_003270.jpg
WhatsApp Video 2026-08-11 at 6.55.17 AM (1).mp4,18,Mild Steel,train,3285,54.75,457,212,150,150,307,62,607,362,300,300,203.75,9.55,TRACKED,RETAINED,data/phase2_roi_crops/retained/WhatsApp_Video_2026-08-11_at_6.55.17_AM_(1)/crop_003285.jpg
WhatsApp Video 2026-08-11 at 6.55.17 AM (1).mp4,18,Mild Steel,train,3300,55.0,451,215,150,150,301,65,601,365,300,300,311.53,15.82,TRACKED,RETAINED,data/phase2_roi_crops/retained/WhatsApp_Video_2026-08-11_at_6.55.17_AM_(1)/crop_003300.jpg
WhatsApp Video 2026-08-11 at 6.55.17 AM (1).mp4,18,Mild Steel,train,3315,55.25,451,217,150,150,301,67,601,367,300,300,211.31,15.24,TRACKED,RETAINED,data/phase2_roi_crops/retained/WhatsApp_Video_2026-08-11_at_6.55.17_AM_(1)/crop_003315.jpg
WhatsApp Video 2026-08-11 at 6.55.17 AM (1).mp4,18,Mild Steel,train,3330,55.5,450,216,150,150,300,66,600,366,300,300,211.68,14.8,TRACKED,RETAINED,data/phase2_roi_crops/retained/WhatsApp_Video_2026-08-11_at_6.55.17_AM_(1)/crop_003330.jpg
WhatsApp Video 2026-08-11 at 6.55.17 AM (1).mp4,18,Mild Steel,train,3345,55.75,455,216,150,150,305,66,605,366,300,300,212.76,4.12,TRACKED,RETAINED,data/phase2_roi_crops/retained/WhatsApp_Video_2026-08-11_at_6.55.17_AM_(1)/crop_003345.jpg
WhatsApp Video 2026-08-11 at 6.55.17 AM (1).mp4,18,Mild Steel,train,3360,56.0,452,215,150,150,302,65,602,365,300,300,204.74,12.84,TRACKED,RETAINED,data/phase2_roi_crops/retained/WhatsApp_Video_2026-08-11_at_6.55.17_AM_(1)/crop_003360.jpg
WhatsApp Video 2026-08-11 at 6.55.17 AM (1).mp4,18,Mild Steel,train,3375,56.25,451,215,150,150,301,65,601,365,300,300,196.45,5.42,TRACKED,RETAINED,data/phase2_roi_crops/retained/WhatsApp_Video_2026-08-11_at_6.55.17_AM_(1)/crop_003375.jpg
WhatsApp Video 2026-08-11 at 6.55.17 AM (1).mp4,18,Mild Steel,train,3390,56.5,452,217,150,150,302,67,602,367,300,300,188.9,3.56,TRACKED,RETAINED,data/phase2_roi_crops/retained/WhatsApp_Video_2026-08-11_at_6.55.17_AM_(1)/crop_003390.jpg
WhatsApp Video 2026-08-11 at 6.55.17 AM (1).mp4,18,Mild Steel,train,3405,56.75,450,219,150,150,300,69,600,369,300,300,214.9,6.89,TRACKED,RETAINED,data/phase2_roi_crops/retained/WhatsApp_Video_2026-08-11_at_6.55.17_AM_(1)/crop_003405.jpg
WhatsApp Video 2026-08-11 at 6.55.17 AM (1).mp4,18,Mild Steel,train,3420,57.0,447,215,150,150,297,65,597,365,300,300,198.76,4.33,TRACKED,RETAINED,data/phase2_roi_crops/retained/WhatsApp_Video_2026-08-11_at_6.55.17_AM_(1)/crop_003420.jpg
WhatsApp Video 2026-08-11 at 6.55.17 AM (1).mp4,18,Mild Steel,train,3435,57.25,448,219,150,150,298,69,598,369,300,300,212.75,18.41,TRACKED,RETAINED,data/phase2_roi_crops/retained/WhatsApp_Video_2026-08-11_at_6.55.17_AM_(1)/crop_003435.jpg
WhatsApp Video 2026-08-11 at 6.55.17 AM (1).mp4,18,Mild Steel,train,3450,57.5,448,220,150,150,298,70,598,370,300,300,195.28,2.82,TRACKED,RETAINED,data/phase2_roi_crops/retained/WhatsApp_Video_2026-08-11_at_6.55.17_AM_(1)/crop_003450.jpg
WhatsApp Video 2026-08-11 at 6.55.17 AM (1).mp4,18,Mild Steel,train,3465,57.75,448,223,150,150,298,73,598,373,300,300,195.77,4.43,TRACKED,RETAINED,data/phase2_roi_crops/retained/WhatsApp_Video_2026-08-11_at_6.55.17_AM_(1)/crop_003465.jpg
WhatsApp Video 2026-08-11 at 6.55.17 AM (1).mp4,18,Mild Steel,train,3480,58.0,447,224,150,150,297,74,597,374,300,300,187.17,4.25,TRACKED,RETAINED,data/phase2_roi_crops/retained/WhatsApp_Video_2026-08-11_at_6.55.17_AM_(1)/crop_003480.jpg
WhatsApp Video 2026-08-11 at 6.55.17 AM (1).mp4,18,Mild Steel,train,3495,58.25,445,223,150,150,295,73,595,373,300,300,177.92,15.55,TRACKED,RETAINED,data/phase2_roi_crops/retained/WhatsApp_Video_2026-08-11_at_6.55.17_AM_(1)/crop_003495.jpg
WhatsApp Video 2026-08-11 at 6.55.17 AM (1).mp4,18,Mild Steel,train,3510,58.5,444,223,150,150,294,73,594,373,300,300,185.0,4.95,TRACKED,RETAINED,data/phase2_roi_crops/retained/WhatsApp_Video_2026-08-11_at_6.55.17_AM_(1)/crop_003510.jpg
WhatsApp Video 2026-08-11 at 6.55.17 AM (1).mp4,18,Mild Steel,train,3525,58.75,446,224,150,150,296,74,596,374,300,300,187.22,22.89,TRACKED,RETAINED,data/phase2_roi_crops/retained/WhatsApp_Video_2026-08-11_at_6.55.17_AM_(1)/crop_003525.jpg
WhatsApp Video 2026-08-11 at 6.55.17 AM (1).mp4,18,Mild Steel,train,3540,59.0,449,222,150,150,299,72,599,372,300,300,177.91,24.16,TRACKED,RETAINED,data/phase2_roi_crops/retained/WhatsApp_Video_2026-08-11_at_6.55.17_AM_(1)/crop_003540.jpg
WhatsApp Video 2026-08-11 at 6.55.17 AM (1).mp4,18,Mild Steel,train,3555,59.25,447,224,150,150,297,74,597,374,300,300,175.84,30.49,TRACKED,RETAINED,data/phase2_roi_crops/retained/WhatsApp_Video_2026-08-11_at_6.55.17_AM_(1)/crop_003555.jpg
WhatsApp Video 2026-08-11 at 6.55.17 AM (1).mp4,18,Mild Steel,train,3570,59.5,447,225,150,150,297,75,597,375,300,300,180.04,15.9,TRACKED,RETAINED,data/phase2_roi_crops/retained/WhatsApp_Video_2026-08-11_at_6.55.17_AM_(1)/crop_003570.jpg
WhatsApp Video 2026-08-11 at 6.55.17 AM (1).mp4,18,Mild Steel,train,3585,59.75,445,225,150,150,295,75,595,375,300,300,193.27,15.72,TRACKED,RETAINED,data/phase2_roi_crops/retained/WhatsApp_Video_2026-08-11_at_6.55.17_AM_(1)/crop_003585.jpg
WhatsApp Video 2026-08-11 at 6.55.17 AM (1).mp4,18,Mild Steel,train,3600,60.0,445,226,150,150,295,76,595,376,300,300,336.26,6.9,TRACKED,RETAINED,data/phase2_roi_crops/retained/WhatsApp_Video_2026-08-11_at_6.55.17_AM_(1)/crop_003600.jpg
WhatsApp Video 2026-08-11 at 6.55.17 AM (1).mp4,18,Mild Steel,train,3615,60.25,445,229,150,150,295,79,595,379,300,300,205.18,18.46,TRACKED,RETAINED,data/phase2_roi_crops/retained/WhatsApp_Video_2026-08-11_at_6.55.17_AM_(1)/crop_003615.jpg
WhatsApp Video 2026-08-11 at 6.55.17 AM (1).mp4,18,Mild Steel,train,3630,60.5,444,229,150,150,294,79,594,379,300,300,238.45,23.23,TRACKED,RETAINED,data/phase2_roi_crops/retained/WhatsApp_Video_2026-08-11_at_6.55.17_AM_(1)/crop_003630.jpg
WhatsApp Video 2026-08-11 at 6.55.17 AM (1).mp4,18,Mild Steel,train,3645,60.75,444,229,150,150,294,79,594,379,300,300,263.98,12.21,TRACKED,RETAINED,data/phase2_roi_crops/retained/WhatsApp_Video_2026-08-11_at_6.55.17_AM_(1)/crop_003645.jpg
WhatsApp Video 2026-08-11 at 6.55.21 AM (1).mp4,26,Mild Steel,test,0,0.0,495,172,150,150,345,22,645,322,300,300,1090.99,0.0,TRACKED,RETAINED,data/phase2_roi_crops/retained/WhatsApp_Video_2026-08-11_at_6.55.21_AM_(1)/crop_000000.jpg
WhatsApp Video 2026-08-11 at 6.55.21 AM (1).mp4,26,Mild Steel,test,15,0.25,498,175,150,150,348,25,648,325,300,300,643.35,10.02,TRACKED,RETAINED,data/phase2_roi_crops/retained/WhatsApp_Video_2026-08-11_at_6.55.21_AM_(1)/crop_000015.jpg
WhatsApp Video 2026-08-11 at 6.55.21 AM (1).mp4,26,Mild Steel,test,30,0.5,500,170,150,150,350,20,650,320,300,300,624.01,17.82,TRACKED,RETAINED,data/phase2_roi_crops/retained/WhatsApp_Video_2026-08-11_at_6.55.21_AM_(1)/crop_000030.jpg
WhatsApp Video 2026-08-11 at 6.55.21 AM (1).mp4,26,Mild Steel,test,45,0.75,503,169,150,150,353,19,653,319,300,300,491.72,8.3,TRACKED,RETAINED,data/phase2_roi_crops/retained/WhatsApp_Video_2026-08-11_at_6.55.21_AM_(1)/crop_000045.jpg
WhatsApp Video 2026-08-11 at 6.55.21 AM (1).mp4,26,Mild Steel,test,60,1.0,509,170,150,150,359,20,659,320,300,300,557.8,11.85,TRACKED,RETAINED,data/phase2_roi_crops/retained/WhatsApp_Video_2026-08-11_at_6.55.21_AM_(1)/crop_000060.jpg
WhatsApp Video 2026-08-11 at 6.55.21 AM (1).mp4,26,Mild Steel,test,75,1.25,510,168,150,150,360,18,660,318,300,300,469.84,16.81,TRACKED,RETAINED,data/phase2_roi_crops/retained/WhatsApp_Video_2026-08-11_at_6.55.21_AM_(1)/crop_000075.jpg
WhatsApp Video 2026-08-11 at 6.55.21 AM (1).mp4,26,Mild Steel,test,90,1.5,517,171,150,150,367,21,667,321,300,300,544.9,10.17,TRACKED,RETAINED,data/phase2_roi_crops/retained/WhatsApp_Video_2026-08-11_at_6.55.21_AM_(1)/crop_000090.jpg
WhatsApp Video 2026-08-11 at 6.55.21 AM (1).mp4,26,Mild Steel,test,105,1.75,516,165,150,150,366,15,666,315,300,300,407.15,14.25,TRACKED,RETAINED,data/phase2_roi_crops/retained/WhatsApp_Video_2026-08-11_at_6.55.21_AM_(1)/crop_000105.jpg
WhatsApp Video 2026-08-11 at 6.55.21 AM (1).mp4,26,Mild Steel,test,120,2.0,518,164,150,150,368,14,668,314,300,300,377.41,6.74,TRACKED,RETAINED,data/phase2_roi_crops/retained/WhatsApp_Video_2026-08-11_at_6.55.21_AM_(1)/crop_000120.jpg
WhatsApp Video 2026-08-11 at 6.55.21 AM (1).mp4,26,Mild Steel,test,135,2.25,521,162,150,150,371,12,671,312,300,300,392.24,13.07,TRACKED,RETAINED,data/phase2_roi_crops/retained/WhatsApp_Video_2026-08-11_at_6.55.21_AM_(1)/crop_000135.jpg
WhatsApp Video 2026-08-11 at 6.55.21 AM (1).mp4,26,Mild Steel,test,150,2.5,525,167,150,150,375,17,675,317,300,300,442.91,28.03,TRACKED,RETAINED,data/phase2_roi_crops/retained/WhatsApp_Video_2026-08-11_at_6.55.21_AM_(1)/crop_000150.jpg
WhatsApp Video 2026-08-11 at 6.55.21 AM (1).mp4,26,Mild Steel,test,165,2.75,527,163,150,150,377,13,677,313,300,300,437.73,7.51,TRACKED,RETAINED,data/phase2_roi_crops/retained/WhatsApp_Video_2026-08-11_at_6.55.21_AM_(1)/crop_000165.jpg
WhatsApp Video 2026-08-11 at 6.55.21 AM (1).mp4,26,Mild Steel,test,180,3.0,532,162,150,150,382,12,682,312,300,300,417.22,11.02,TRACKED,RETAINED,data/phase2_roi_crops/retained/WhatsApp_Video_2026-08-11_at_6.55.21_AM_(1)/crop_000180.jpg
WhatsApp Video 2026-08-11 at 6.55.21 AM (1).mp4,26,Mild Steel,test,195,3.25,534,162,150,150,384,12,684,312,300,300,349.94,4.92,TRACKED,RETAINED,data/phase2_roi_crops/retained/WhatsApp_Video_2026-08-11_at_6.55.21_AM_(1)/crop_000195.jpg
WhatsApp Video 2026-08-11 at 6.55.21 AM (1).mp4,26,Mild Steel,test,210,3.5,536,162,150,150,386,12,686,312,300,300,372.51,4.45,TRACKED,RETAINED,data/phase2_roi_crops/retained/WhatsApp_Video_2026-08-11_at_6.55.21_AM_(1)/crop_000210.jpg
WhatsApp Video 2026-08-11 at 6.55.21 AM (1).mp4,26,Mild Steel,test,225,3.75,535,161,150,150,385,11,685,311,300,300,362.58,6.56,TRACKED,RETAINED,data/phase2_roi_crops/retained/WhatsApp_Video_2026-08-11_at_6.55.21_AM_(1)/crop_000225.jpg
WhatsApp Video 2026-08-11 at 6.55.21 AM (1).mp4,26,Mild Steel,test,240,4.0,542,160,150,150,392,10,692,310,300,300,414.89,15.53,TRACKED,RETAINED,data/phase2_roi_crops/retained/WhatsApp_Video_2026-08-11_at_6.55.21_AM_(1)/crop_000240.jpg
WhatsApp Video 2026-08-11 at 6.55.21 AM (1).mp4,26,Mild Steel,test,255,4.25,544,160,150,150,394,10,694,310,300,300,368.98,8.22,TRACKED,RETAINED,data/phase2_roi_crops/retained/WhatsApp_Video_2026-08-11_at_6.55.21_AM_(1)/crop_000255.jpg
WhatsApp Video 2026-08-11 at 6.55.21 AM (1).mp4,26,Mild Steel,test,270,4.5,547,167,150,150,397,17,697,317,300,300,371.84,10.34,TRACKED,RETAINED,data/phase2_roi_crops/retained/WhatsApp_Video_2026-08-11_at_6.55.21_AM_(1)/crop_000270.jpg
WhatsApp Video 2026-08-11 at 6.55.21 AM (1).mp4,26,Mild Steel,test,285,4.75,546,170,150,150,396,20,696,320,300,300,385.87,7.53,TRACKED,RETAINED,data/phase2_roi_crops/retained/WhatsApp_Video_2026-08-11_at_6.55.21_AM_(1)/crop_000285.jpg
WhatsApp Video 2026-08-11 at 6.55.21 AM (1).mp4,26,Mild Steel,test,300,5.0,542,172,150,150,392,22,692,322,300,300,899.7,11.11,TRACKED,RETAINED,data/phase2_roi_crops/retained/WhatsApp_Video_2026-08-11_at_6.55.21_AM_(1)/crop_000300.jpg
WhatsApp Video 2026-08-11 at 6.55.21 AM (1).mp4,26,Mild Steel,test,315,5.25,540,176,150,150,390,26,690,326,300,300,383.22,5.52,TRACKED,RETAINED,data/phase2_roi_crops/retained/WhatsApp_Video_2026-08-11_at_6.55.21_AM_(1)/crop_000315.jpg
WhatsApp Video 2026-08-11 at 6.55.21 AM (1).mp4,26,Mild Steel,test,330,5.5,535,182,150,150,385,32,685,332,300,300,404.09,7.42,TRACKED,RETAINED,data/phase2_roi_crops/retained/WhatsApp_Video_2026-08-11_at_6.55.21_AM_(1)/crop_000330.jpg
WhatsApp Video 2026-08-11 at 6.55.21 AM (1).mp4,26,Mild Steel,test,345,5.75,535,185,150,150,385,35,685,335,300,300,346.51,20.15,TRACKED,RETAINED,data/phase2_roi_crops/retained/WhatsApp_Video_2026-08-11_at_6.55.21_AM_(1)/crop_000345.jpg
WhatsApp Video 2026-08-11 at 6.55.21 AM (1).mp4,26,Mild Steel,test,360,6.0,534,183,150,150,384,33,684,333,300,300,272.51,28.03,TRACKED,RETAINED,data/phase2_roi_crops/retained/WhatsApp_Video_2026-08-11_at_6.55.21_AM_(1)/crop_000360.jpg
WhatsApp Video 2026-08-11 at 6.55.21 AM (1).mp4,26,Mild Steel,test,375,6.25,533,190,150,150,383,40,683,340,300,300,353.57,6.35,TRACKED,RETAINED,data/phase2_roi_crops/retained/WhatsApp_Video_2026-08-11_at_6.55.21_AM_(1)/crop_000375.jpg
WhatsApp Video 2026-08-11 at 6.55.21 AM (1).mp4,26,Mild Steel,test,390,6.5,529,191,150,150,379,41,679,341,300,300,392.85,15.93,TRACKED,RETAINED,data/phase2_roi_crops/retained/WhatsApp_Video_2026-08-11_at_6.55.21_AM_(1)/crop_000390.jpg
WhatsApp Video 2026-08-11 at 6.55.21 AM (1).mp4,26,Mild Steel,test,405,6.75,529,192,150,150,379,42,679,342,300,300,363.72,4.62,TRACKED,RETAINED,data/phase2_roi_crops/retained/WhatsApp_Video_2026-08-11_at_6.55.21_AM_(1)/crop_000405.jpg
WhatsApp Video 2026-08-11 at 6.55.21 AM (1).mp4,26,Mild Steel,test,420,7.0,524,193,150,150,374,43,674,343,300,300,367.31,7.31,TRACKED,RETAINED,data/phase2_roi_crops/retained/WhatsApp_Video_2026-08-11_at_6.55.21_AM_(1)/crop_000420.jpg
WhatsApp Video 2026-08-11 at 6.55.21 AM (1).mp4,26,Mild Steel,test,435,7.25,525,194,150,150,375,44,675,344,300,300,370.08,7.81,TRACKED,RETAINED,data/phase2_roi_crops/retained/WhatsApp_Video_2026-08-11_at_6.55.21_AM_(1)/crop_000435.jpg
WhatsApp Video 2026-08-11 at 6.55.21 AM (1).mp4,26,Mild Steel,test,450,7.5,520,198,150,150,370,48,670,348,300,300,318.4,18.95,TRACKED,RETAINED,data/phase2_roi_crops/retained/WhatsApp_Video_2026-08-11_at_6.55.21_AM_(1)/crop_000450.jpg
WhatsApp Video 2026-08-11 at 6.55.21 AM (1).mp4,26,Mild Steel,test,465,7.75,518,200,150,150,368,50,668,350,300,300,384.29,17.47,TRACKED,RETAINED,data/phase2_roi_crops/retained/WhatsApp_Video_2026-08-11_at_6.55.21_AM_(1)/crop_000465.jpg
WhatsApp Video 2026-08-11 at 6.55.21 AM (1).mp4,26,Mild Steel,test,480,8.0,514,200,150,150,364,50,664,350,300,300,358.93,10.1,TRACKED,RETAINED,data/phase2_roi_crops/retained/WhatsApp_Video_2026-08-11_at_6.55.21_AM_(1)/crop_000480.jpg
WhatsApp Video 2026-08-11 at 6.55.21 AM (1).mp4,26,Mild Steel,test,495,8.25,513,204,150,150,363,54,663,354,300,300,371.27,16.67,TRACKED,RETAINED,data/phase2_roi_crops/retained/WhatsApp_Video_2026-08-11_at_6.55.21_AM_(1)/crop_000495.jpg
WhatsApp Video 2026-08-11 at 6.55.21 AM (1).mp4,26,Mild Steel,test,510,8.5,511,206,150,150,361,56,661,356,300,300,378.21,14.32,TRACKED,RETAINED,data/phase2_roi_crops/retained/WhatsApp_Video_2026-08-11_at_6.55.21_AM_(1)/crop_000510.jpg
WhatsApp Video 2026-08-11 at 6.55.21 AM (1).mp4,26,Mild Steel,test,525,8.75,512,208,150,150,362,58,662,358,300,300,392.32,15.51,TRACKED,RETAINED,data/phase2_roi_crops/retained/WhatsApp_Video_2026-08-11_at_6.55.21_AM_(1)/crop_000525.jpg
WhatsApp Video 2026-08-11 at 6.55.21 AM (1).mp4,26,Mild Steel,test,540,9.0,509,208,150,150,359,58,659,358,300,300,414.53,6.8,TRACKED,RETAINED,data/phase2_roi_crops/retained/WhatsApp_Video_2026-08-11_at_6.55.21_AM_(1)/crop_000540.jpg
WhatsApp Video 2026-08-11 at 6.55.21 AM (1).mp4,26,Mild Steel,test,555,9.25,506,213,150,150,356,63,656,363,300,300,479.37,15.63,TRACKED,RETAINED,data/phase2_roi_crops/retained/WhatsApp_Video_2026-08-11_at_6.55.21_AM_(1)/crop_000555.jpg
WhatsApp Video 2026-08-11 at 6.55.21 AM (1).mp4,26,Mild Steel,test,570,9.5,504,213,150,150,354,63,654,363,300,300,515.11,6.5,TRACKED,RETAINED,data/phase2_roi_crops/retained/WhatsApp_Video_2026-08-11_at_6.55.21_AM_(1)/crop_000570.jpg
WhatsApp Video 2026-08-11 at 6.55.21 AM (1).mp4,26,Mild Steel,test,585,9.75,502,211,150,150,352,61,652,361,300,300,383.75,7.98,TRACKED,RETAINED,data/phase2_roi_crops/retained/WhatsApp_Video_2026-08-11_at_6.55.21_AM_(1)/crop_000585.jpg
WhatsApp Video 2026-08-11 at 6.55.21 AM (1).mp4,26,Mild Steel,test,600,10.0,501,214,150,150,351,64,651,364,300,300,868.99,18.46,TRACKED,RETAINED,data/phase2_roi_crops/retained/WhatsApp_Video_2026-08-11_at_6.55.21_AM_(1)/crop_000600.jpg
WhatsApp Video 2026-08-11 at 6.55.21 AM (1).mp4,26,Mild Steel,test,615,10.25,498,217,150,150,348,67,648,367,300,300,518.8,19.06,TRACKED,RETAINED,data/phase2_roi_crops/retained/WhatsApp_Video_2026-08-11_at_6.55.21_AM_(1)/crop_000615.jpg
WhatsApp Video 2026-08-11 at 6.55.21 AM (1).mp4,26,Mild Steel,test,630,10.5,495,217,150,150,345,67,645,367,300,300,500.19,5.12,TRACKED,RETAINED,data/phase2_roi_crops/retained/WhatsApp_Video_2026-08-11_at_6.55.21_AM_(1)/crop_000630.jpg
WhatsApp Video 2026-08-11 at 6.55.21 AM (1).mp4,26,Mild Steel,test,645,10.75,493,217,150,150,343,67,643,367,300,300,468.02,6.74,TRACKED,RETAINED,data/phase2_roi_crops/retained/WhatsApp_Video_2026-08-11_at_6.55.21_AM_(1)/crop_000645.jpg
WhatsApp Video 2026-08-11 at 6.55.21 AM (1).mp4,26,Mild Steel,test,660,11.0,492,218,150,150,342,68,642,368,300,300,480.67,4.94,TRACKED,RETAINED,data/phase2_roi_crops/retained/WhatsApp_Video_2026-08-11_at_6.55.21_AM_(1)/crop_000660.jpg
WhatsApp Video 2026-08-11 at 6.55.21 AM (1).mp4,26,Mild Steel,test,675,11.25,490,221,150,150,340,71,640,371,300,300,474.86,14.07,TRACKED,RETAINED,data/phase2_roi_crops/retained/WhatsApp_Video_2026-08-11_at_6.55.21_AM_(1)/crop_000675.jpg
WhatsApp Video 2026-08-11 at 6.55.21 AM (1).mp4,26,Mild Steel,test,690,11.5,489,224,150,150,339,74,639,374,300,300,385.9,26.61,TRACKED,RETAINED,data/phase2_roi_crops/retained/WhatsApp_Video_2026-08-11_at_6.55.21_AM_(1)/crop_000690.jpg
WhatsApp Video 2026-08-11 at 6.55.21 AM (1).mp4,26,Mild Steel,test,705,11.75,484,224,150,150,334,74,634,374,300,300,374.8,27.38,TRACKED,RETAINED,data/phase2_roi_crops/retained/WhatsApp_Video_2026-08-11_at_6.55.21_AM_(1)/crop_000705.jpg
WhatsApp Video 2026-08-11 at 6.55.21 AM (1).mp4,26,Mild Steel,test,720,12.0,481,229,150,150,331,79,631,379,300,300,270.8,19.26,TRACKED,RETAINED,data/phase2_roi_crops/retained/WhatsApp_Video_2026-08-11_at_6.55.21_AM_(1)/crop_000720.jpg
WhatsApp Video 2026-08-11 at 6.55.21 AM (1).mp4,26,Mild Steel,test,735,12.25,480,232,150,150,330,82,630,382,300,300,178.04,37.79,TRACKED,RETAINED,data/phase2_roi_crops/retained/WhatsApp_Video_2026-08-11_at_6.55.21_AM_(1)/crop_000735.jpg
WhatsApp Video 2026-08-11 at 6.55.21 AM (1).mp4,26,Mild Steel,test,750,12.5,477,231,150,150,327,81,627,381,300,300,154.15,33.98,TRACKED,RETAINED,data/phase2_roi_crops/retained/WhatsApp_Video_2026-08-11_at_6.55.21_AM_(1)/crop_000750.jpg
WhatsApp Video 2026-08-11 at 6.55.21 AM (1).mp4,26,Mild Steel,test,765,12.75,474,232,150,150,324,82,624,382,300,300,167.85,5.32,TRACKED,RETAINED,data/phase2_roi_crops/retained/WhatsApp_Video_2026-08-11_at_6.55.21_AM_(1)/crop_000765.jpg
WhatsApp Video 2026-08-11 at 6.55.21 AM (1).mp4,26,Mild Steel,test,780,13.0,473,231,150,150,323,81,623,381,300,300,163.69,20.63,TRACKED,RETAINED,data/phase2_roi_crops/retained/WhatsApp_Video_2026-08-11_at_6.55.21_AM_(1)/crop_000780.jpg
WhatsApp Video 2026-08-11 at 6.55.21 AM (1).mp4,26,Mild Steel,test,795,13.25,469,232,150,150,319,82,619,382,300,300,173.02,6.38,TRACKED,RETAINED,data/phase2_roi_crops/retained/WhatsApp_Video_2026-08-11_at_6.55.21_AM_(1)/crop_000795.jpg
WhatsApp Video 2026-08-11 at 6.55.21 AM (1).mp4,26,Mild Steel,test,810,13.5,468,233,150,150,318,83,618,383,300,300,187.27,4.66,TRACKED,RETAINED,data/phase2_roi_crops/retained/WhatsApp_Video_2026-08-11_at_6.55.21_AM_(1)/crop_000810.jpg
WhatsApp Video 2026-08-11 at 6.55.21 AM (1).mp4,26,Mild Steel,test,825,13.75,468,235,150,150,318,85,618,385,300,300,176.29,24.36,TRACKED,RETAINED,data/phase2_roi_crops/retained/WhatsApp_Video_2026-08-11_at_6.55.21_AM_(1)/crop_000825.jpg
WhatsApp Video 2026-08-11 at 6.55.21 AM (1).mp4,26,Mild Steel,test,840,14.0,470,236,150,150,320,86,620,386,300,300,188.89,15.71,TRACKED,RETAINED,data/phase2_roi_crops/retained/WhatsApp_Video_2026-08-11_at_6.55.21_AM_(1)/crop_000840.jpg
WhatsApp Video 2026-08-11 at 6.55.21 AM (1).mp4,26,Mild Steel,test,855,14.25,464,239,150,150,314,89,614,389,300,300,181.65,19.64,TRACKED,RETAINED,data/phase2_roi_crops/retained/WhatsApp_Video_2026-08-11_at_6.55.21_AM_(1)/crop_000855.jpg
WhatsApp Video 2026-08-11 at 6.55.21 AM (1).mp4,26,Mild Steel,test,870,14.5,465,241,150,150,315,91,615,391,300,300,171.87,6.43,TRACKED,RETAINED,data/phase2_roi_crops/retained/WhatsApp_Video_2026-08-11_at_6.55.21_AM_(1)/crop_000870.jpg
WhatsApp Video 2026-08-11 at 6.55.21 AM (1).mp4,26,Mild Steel,test,885,14.75,460,239,150,150,310,89,610,389,300,300,160.07,9.87,TRACKED,RETAINED,data/phase2_roi_crops/retained/WhatsApp_Video_2026-08-11_at_6.55.21_AM_(1)/crop_000885.jpg
WhatsApp Video 2026-08-11 at 6.55.21 AM (1).mp4,26,Mild Steel,test,900,15.0,454,242,150,150,304,92,604,392,300,300,339.59,5.52,TRACKED,RETAINED,data/phase2_roi_crops/retained/WhatsApp_Video_2026-08-11_at_6.55.21_AM_(1)/crop_000900.jpg
WhatsApp Video 2026-08-11 at 6.55.21 AM (1).mp4,26,Mild Steel,test,915,15.25,456,240,150,150,306,90,606,390,300,300,187.35,13.58,TRACKED,RETAINED,data/phase2_roi_crops/retained/WhatsApp_Video_2026-08-11_at_6.55.21_AM_(1)/crop_000915.jpg
WhatsApp Video 2026-08-11 at 6.55.21 AM (1).mp4,26,Mild Steel,test,930,15.5,452,241,150,150,302,91,602,391,300,300,184.58,5.58,TRACKED,RETAINED,data/phase2_roi_crops/retained/WhatsApp_Video_2026-08-11_at_6.55.21_AM_(1)/crop_000930.jpg
WhatsApp Video 2026-08-11 at 6.55.21 AM (1).mp4,26,Mild Steel,test,945,15.75,450,246,150,150,300,96,600,396,300,300,179.7,23.84,TRACKED,RETAINED,data/phase2_roi_crops/retained/WhatsApp_Video_2026-08-11_at_6.55.21_AM_(1)/crop_000945.jpg
WhatsApp Video 2026-08-11 at 6.55.21 AM (1).mp4,26,Mild Steel,test,960,16.0,447,247,150,150,297,97,597,397,300,300,162.6,29.02,TRACKED,RETAINED,data/phase2_roi_crops/retained/WhatsApp_Video_2026-08-11_at_6.55.21_AM_(1)/crop_000960.jpg
WhatsApp Video 2026-08-11 at 6.55.21 AM (1).mp4,26,Mild Steel,test,975,16.25,445,248,150,150,295,98,595,398,300,300,137.58,44.08,TRACKED,RETAINED,data/phase2_roi_crops/retained/WhatsApp_Video_2026-08-11_at_6.55.21_AM_(1)/crop_000975.jpg
WhatsApp Video 2026-08-11 at 6.55.21 AM (1).mp4,26,Mild Steel,test,990,16.5,442,245,150,150,292,95,592,395,300,300,102.13,49.14,TRACKED,RETAINED,data/phase2_roi_crops/retained/WhatsApp_Video_2026-08-11_at_6.55.21_AM_(1)/crop_000990.jpg
WhatsApp Video 2026-08-11 at 6.55.21 AM (1).mp4,26,Mild Steel,test,1005,16.75,441,251,150,150,291,101,591,401,300,300,184.67,42.58,TRACKED,RETAINED,data/phase2_roi_crops/retained/WhatsApp_Video_2026-08-11_at_6.55.21_AM_(1)/crop_001005.jpg
WhatsApp Video 2026-08-11 at 6.55.21 AM (1).mp4,26,Mild Steel,test,1020,17.0,438,252,150,150,288,102,588,402,300,300,225.45,29.97,TRACKED,RETAINED,data/phase2_roi_crops/retained/WhatsApp_Video_2026-08-11_at_6.55.21_AM_(1)/crop_001020.jpg
WhatsApp Video 2026-08-11 at 6.55.20 AM.mp4,25,Mild Steel,train,0,0.0,616,224,150,150,466,74,766,374,300,300,142.18,0.0,TRACKED,RETAINED,data/phase2_roi_crops/retained/WhatsApp_Video_2026-08-11_at_6.55.20_AM/crop_000000.jpg
WhatsApp Video 2026-08-11 at 6.55.20 AM.mp4,25,Mild Steel,train,15,0.25,613,222,150,150,463,72,763,372,300,300,78.78,30.83,TRACKED,RETAINED,data/phase2_roi_crops/retained/WhatsApp_Video_2026-08-11_at_6.55.20_AM/crop_000015.jpg
WhatsApp Video 2026-08-11 at 6.55.20 AM.mp4,25,Mild Steel,train,30,0.5,610,222,150,150,460,72,760,372,300,300,94.24,30.56,TRACKED,RETAINED,data/phase2_roi_crops/retained/WhatsApp_Video_2026-08-11_at_6.55.20_AM/crop_000030.jpg
WhatsApp Video 2026-08-11 at 6.55.20 AM.mp4,25,Mild Steel,train,45,0.75,608,225,150,150,458,75,758,375,300,300,104.39,5.6,TRACKED,RETAINED,data/phase2_roi_crops/retained/WhatsApp_Video_2026-08-11_at_6.55.20_AM/crop_000045.jpg
WhatsApp Video 2026-08-11 at 6.55.20 AM.mp4,25,Mild Steel,train,60,1.0,607,221,150,150,457,71,757,371,300,300,81.57,34.88,TRACKED,RETAINED,data/phase2_roi_crops/retained/WhatsApp_Video_2026-08-11_at_6.55.20_AM/crop_000060.jpg
WhatsApp Video 2026-08-11 at 6.55.20 AM.mp4,25,Mild Steel,train,75,1.25,601,222,150,150,451,72,751,372,300,300,92.2,19.78,TRACKED,RETAINED,data/phase2_roi_crops/retained/WhatsApp_Video_2026-08-11_at_6.55.20_AM/crop_000075.jpg
WhatsApp Video 2026-08-11 at 6.55.20 AM.mp4,25,Mild Steel,train,90,1.5,601,219,150,150,451,69,751,369,300,300,79.47,20.43,TRACKED,RETAINED,data/phase2_roi_crops/retained/WhatsApp_Video_2026-08-11_at_6.55.20_AM/crop_000090.jpg
WhatsApp Video 2026-08-11 at 6.55.20 AM.mp4,25,Mild Steel,train,105,1.75,597,220,150,150,447,70,747,370,300,300,75.37,16.44,TRACKED,RETAINED,data/phase2_roi_crops/retained/WhatsApp_Video_2026-08-11_at_6.55.20_AM/crop_000105.jpg
WhatsApp Video 2026-08-11 at 6.55.20 AM.mp4,25,Mild Steel,train,120,2.0,597,215,150,150,447,65,747,365,300,300,75.58,15.57,TRACKED,RETAINED,data/phase2_roi_crops/retained/WhatsApp_Video_2026-08-11_at_6.55.20_AM/crop_000120.jpg
WhatsApp Video 2026-08-11 at 6.55.20 AM.mp4,25,Mild Steel,train,135,2.25,599,215,150,150,449,65,749,365,300,300,72.97,13.9,TRACKED,RETAINED,data/phase2_roi_crops/retained/WhatsApp_Video_2026-08-11_at_6.55.20_AM/crop_000135.jpg
WhatsApp Video 2026-08-11 at 6.55.20 AM.mp4,25,Mild Steel,train,150,2.5,593,215,150,150,443,65,743,365,300,300,81.31,14.32,TRACKED,RETAINED,data/phase2_roi_crops/retained/WhatsApp_Video_2026-08-11_at_6.55.20_AM/crop_000150.jpg
WhatsApp Video 2026-08-11 at 6.55.20 AM.mp4,25,Mild Steel,train,165,2.75,590,214,150,150,440,64,740,364,300,300,90.29,7.06,TRACKED,RETAINED,data/phase2_roi_crops/retained/WhatsApp_Video_2026-08-11_at_6.55.20_AM/crop_000165.jpg
WhatsApp Video 2026-08-11 at 6.55.20 AM.mp4,25,Mild Steel,train,180,3.0,586,213,150,150,436,63,736,363,300,300,92.44,6.99,TRACKED,RETAINED,data/phase2_roi_crops/retained/WhatsApp_Video_2026-08-11_at_6.55.20_AM/crop_000180.jpg
WhatsApp Video 2026-08-11 at 6.55.20 AM.mp4,25,Mild Steel,train,195,3.25,585,214,150,150,435,64,735,364,300,300,99.04,14.13,TRACKED,RETAINED,data/phase2_roi_crops/retained/WhatsApp_Video_2026-08-11_at_6.55.20_AM/crop_000195.jpg
WhatsApp Video 2026-08-11 at 6.55.20 AM.mp4,25,Mild Steel,train,210,3.5,583,212,150,150,433,62,733,362,300,300,112.7,14.57,TRACKED,RETAINED,data/phase2_roi_crops/retained/WhatsApp_Video_2026-08-11_at_6.55.20_AM/crop_000210.jpg
WhatsApp Video 2026-08-11 at 6.55.20 AM.mp4,25,Mild Steel,train,225,3.75,579,215,150,150,429,65,729,365,300,300,98.86,13.63,TRACKED,RETAINED,data/phase2_roi_crops/retained/WhatsApp_Video_2026-08-11_at_6.55.20_AM/crop_000225.jpg
WhatsApp Video 2026-08-11 at 6.55.20 AM.mp4,25,Mild Steel,train,240,4.0,577,216,150,150,427,66,727,366,300,300,95.3,5.98,TRACKED,RETAINED,data/phase2_roi_crops/retained/WhatsApp_Video_2026-08-11_at_6.55.20_AM/crop_000240.jpg
WhatsApp Video 2026-08-11 at 6.55.20 AM.mp4,25,Mild Steel,train,255,4.25,577,216,150,150,427,66,727,366,300,300,98.69,6.58,TRACKED,RETAINED,data/phase2_roi_crops/retained/WhatsApp_Video_2026-08-11_at_6.55.20_AM/crop_000255.jpg
WhatsApp Video 2026-08-11 at 6.55.20 AM.mp4,25,Mild Steel,train,270,4.5,573,208,150,150,423,58,723,358,300,300,93.04,23.48,TRACKED,RETAINED,data/phase2_roi_crops/retained/WhatsApp_Video_2026-08-11_at_6.55.20_AM/crop_000270.jpg
WhatsApp Video 2026-08-11 at 6.55.20 AM.mp4,25,Mild Steel,train,285,4.75,572,209,150,150,422,59,722,359,300,300,96.65,14.52,TRACKED,RETAINED,data/phase2_roi_crops/retained/WhatsApp_Video_2026-08-11_at_6.55.20_AM/crop_000285.jpg
WhatsApp Video 2026-08-11 at 6.55.20 AM.mp4,25,Mild Steel,train,300,5.0,575,207,150,150,425,57,725,357,300,300,124.47,9.37,TRACKED,RETAINED,data/phase2_roi_crops/retained/WhatsApp_Video_2026-08-11_at_6.55.20_AM/crop_000300.jpg
WhatsApp Video 2026-08-11 at 6.55.20 AM.mp4,25,Mild Steel,train,315,5.25,572,208,150,150,422,58,722,358,300,300,95.42,22.33,TRACKED,RETAINED,data/phase2_roi_crops/retained/WhatsApp_Video_2026-08-11_at_6.55.20_AM/crop_000315.jpg
WhatsApp Video 2026-08-11 at 6.55.20 AM.mp4,25,Mild Steel,train,330,5.5,568,205,150,150,418,55,718,355,300,300,80.02,23.04,TRACKED,RETAINED,data/phase2_roi_crops/retained/WhatsApp_Video_2026-08-11_at_6.55.20_AM/crop_000330.jpg
WhatsApp Video 2026-08-11 at 6.55.20 AM.mp4,25,Mild Steel,train,345,5.75,565,205,150,150,415,55,715,355,300,300,87.52,9.23,TRACKED,RETAINED,data/phase2_roi_crops/retained/WhatsApp_Video_2026-08-11_at_6.55.20_AM/crop_000345.jpg
WhatsApp Video 2026-08-11 at 6.55.20 AM.mp4,25,Mild Steel,train,360,6.0,563,204,150,150,413,54,713,354,300,300,81.66,5.59,TRACKED,RETAINED,data/phase2_roi_crops/retained/WhatsApp_Video_2026-08-11_at_6.55.20_AM/crop_000360.jpg
WhatsApp Video 2026-08-11 at 6.55.20 AM.mp4,25,Mild Steel,train,375,6.25,560,207,150,150,410,57,710,357,300,300,89.15,23.07,TRACKED,RETAINED,data/phase2_roi_crops/retained/WhatsApp_Video_2026-08-11_at_6.55.20_AM/crop_000375.jpg
WhatsApp Video 2026-08-11 at 6.55.20 AM.mp4,25,Mild Steel,train,390,6.5,558,206,150,150,408,56,708,356,300,300,91.64,13.7,TRACKED,RETAINED,data/phase2_roi_crops/retained/WhatsApp_Video_2026-08-11_at_6.55.20_AM/crop_000390.jpg
WhatsApp Video 2026-08-11 at 6.55.20 AM.mp4,25,Mild Steel,train,405,6.75,555,205,150,150,405,55,705,355,300,300,79.02,24.44,TRACKED,RETAINED,data/phase2_roi_crops/retained/WhatsApp_Video_2026-08-11_at_6.55.20_AM/crop_000405.jpg
WhatsApp Video 2026-08-11 at 6.55.20 AM.mp4,25,Mild Steel,train,420,7.0,553,204,150,150,403,54,703,354,300,300,91.12,13.47,TRACKED,RETAINED,data/phase2_roi_crops/retained/WhatsApp_Video_2026-08-11_at_6.55.20_AM/crop_000420.jpg
WhatsApp Video 2026-08-11 at 6.55.20 AM.mp4,25,Mild Steel,train,435,7.25,551,204,150,150,401,54,701,354,300,300,84.3,11.42,TRACKED,RETAINED,data/phase2_roi_crops/retained/WhatsApp_Video_2026-08-11_at_6.55.20_AM/crop_000435.jpg
WhatsApp Video 2026-08-11 at 6.55.20 AM.mp4,25,Mild Steel,train,450,7.5,545,202,150,150,395,52,695,352,300,300,86.47,17.72,TRACKED,RETAINED,data/phase2_roi_crops/retained/WhatsApp_Video_2026-08-11_at_6.55.20_AM/crop_000450.jpg
WhatsApp Video 2026-08-11 at 6.55.20 AM.mp4,25,Mild Steel,train,465,7.75,545,205,150,150,395,55,695,355,300,300,87.26,7.47,TRACKED,RETAINED,data/phase2_roi_crops/retained/WhatsApp_Video_2026-08-11_at_6.55.20_AM/crop_000465.jpg
WhatsApp Video 2026-08-11 at 6.55.20 AM.mp4,25,Mild Steel,train,480,8.0,544,202,150,150,394,52,694,352,300,300,90.07,18.73,TRACKED,RETAINED,data/phase2_roi_crops/retained/WhatsApp_Video_2026-08-11_at_6.55.20_AM/crop_000480.jpg
WhatsApp Video 2026-08-11 at 6.55.20 AM.mp4,25,Mild Steel,train,495,8.25,541,201,150,150,391,51,691,351,300,300,82.61,12.31,TRACKED,RETAINED,data/phase2_roi_crops/retained/WhatsApp_Video_2026-08-11_at_6.55.20_AM/crop_000495.jpg
WhatsApp Video 2026-08-11 at 6.55.20 AM.mp4,25,Mild Steel,train,510,8.5,539,197,150,150,389,47,689,347,300,300,80.37,13.21,TRACKED,RETAINED,data/phase2_roi_crops/retained/WhatsApp_Video_2026-08-11_at_6.55.20_AM/crop_000510.jpg
WhatsApp Video 2026-08-11 at 6.55.20 AM.mp4,25,Mild Steel,train,525,8.75,541,199,150,150,391,49,691,349,300,300,80.78,16.43,TRACKED,RETAINED,data/phase2_roi_crops/retained/WhatsApp_Video_2026-08-11_at_6.55.20_AM/crop_000525.jpg
WhatsApp Video 2026-08-11 at 6.55.20 AM.mp4,25,Mild Steel,train,540,9.0,539,199,150,150,389,49,689,349,300,300,80.46,17.84,TRACKED,RETAINED,data/phase2_roi_crops/retained/WhatsApp_Video_2026-08-11_at_6.55.20_AM/crop_000540.jpg
WhatsApp Video 2026-08-11 at 6.55.20 AM.mp4,25,Mild Steel,train,555,9.25,540,197,150,150,390,47,690,347,300,300,77.48,11.06,TRACKED,RETAINED,data/phase2_roi_crops/retained/WhatsApp_Video_2026-08-11_at_6.55.20_AM/crop_000555.jpg
WhatsApp Video 2026-08-11 at 6.55.20 AM.mp4,25,Mild Steel,train,570,9.5,538,200,150,150,388,50,688,350,300,300,81.48,16.18,TRACKED,RETAINED,data/phase2_roi_crops/retained/WhatsApp_Video_2026-08-11_at_6.55.20_AM/crop_000570.jpg
WhatsApp Video 2026-08-11 at 6.55.20 AM.mp4,25,Mild Steel,train,585,9.75,538,202,150,150,388,52,688,352,300,300,79.07,9.11,TRACKED,RETAINED,data/phase2_roi_crops/retained/WhatsApp_Video_2026-08-11_at_6.55.20_AM/crop_000585.jpg
WhatsApp Video 2026-08-11 at 6.55.20 AM.mp4,25,Mild Steel,train,600,10.0,536,203,150,150,386,53,686,353,300,300,126.61,10.18,TRACKED,RETAINED,data/phase2_roi_crops/retained/WhatsApp_Video_2026-08-11_at_6.55.20_AM/crop_000600.jpg
WhatsApp Video 2026-08-11 at 6.55.20 AM.mp4,25,Mild Steel,train,615,10.25,531,202,150,150,381,52,681,352,300,300,87.43,14.86,TRACKED,RETAINED,data/phase2_roi_crops/retained/WhatsApp_Video_2026-08-11_at_6.55.20_AM/crop_000615.jpg
WhatsApp Video 2026-08-11 at 6.55.20 AM.mp4,25,Mild Steel,train,630,10.5,529,200,150,150,379,50,679,350,300,300,94.14,18.65,TRACKED,RETAINED,data/phase2_roi_crops/retained/WhatsApp_Video_2026-08-11_at_6.55.20_AM/crop_000630.jpg
WhatsApp Video 2026-08-11 at 6.55.20 AM.mp4,25,Mild Steel,train,645,10.75,526,202,150,150,376,52,676,352,300,300,81.09,6.49,TRACKED,RETAINED,data/phase2_roi_crops/retained/WhatsApp_Video_2026-08-11_at_6.55.20_AM/crop_000645.jpg
WhatsApp Video 2026-08-11 at 6.55.20 AM.mp4,25,Mild Steel,train,660,11.0,525,201,150,150,375,51,675,351,300,300,83.21,6.08,TRACKED,RETAINED,data/phase2_roi_crops/retained/WhatsApp_Video_2026-08-11_at_6.55.20_AM/crop_000660.jpg
WhatsApp Video 2026-08-11 at 6.55.20 AM.mp4,25,Mild Steel,train,675,11.25,528,195,150,150,378,45,678,345,300,300,69.57,21.23,TRACKED,RETAINED,data/phase2_roi_crops/retained/WhatsApp_Video_2026-08-11_at_6.55.20_AM/crop_000675.jpg
WhatsApp Video 2026-08-11 at 6.55.20 AM.mp4,25,Mild Steel,train,690,11.5,529,199,150,150,379,49,679,349,300,300,80.34,19.77,TRACKED,RETAINED,data/phase2_roi_crops/retained/WhatsApp_Video_2026-08-11_at_6.55.20_AM/crop_000690.jpg
WhatsApp Video 2026-08-11 at 6.55.20 AM.mp4,25,Mild Steel,train,705,11.75,523,198,150,150,373,48,673,348,300,300,82.18,8.36,TRACKED,RETAINED,data/phase2_roi_crops/retained/WhatsApp_Video_2026-08-11_at_6.55.20_AM/crop_000705.jpg
WhatsApp Video 2026-08-11 at 6.55.20 AM.mp4,25,Mild Steel,train,720,12.0,520,197,150,150,370,47,670,347,300,300,85.62,5.85,TRACKED,RETAINED,data/phase2_roi_crops/retained/WhatsApp_Video_2026-08-11_at_6.55.20_AM/crop_000720.jpg
WhatsApp Video 2026-08-11 at 6.55.20 AM.mp4,25,Mild Steel,train,735,12.25,516,198,150,150,366,48,666,348,300,300,81.82,5.42,TRACKED,RETAINED,data/phase2_roi_crops/retained/WhatsApp_Video_2026-08-11_at_6.55.20_AM/crop_000735.jpg
WhatsApp Video 2026-08-11 at 6.55.20 AM.mp4,25,Mild Steel,train,750,12.5,522,199,150,150,372,49,672,349,300,300,84.86,13.52,TRACKED,RETAINED,data/phase2_roi_crops/retained/WhatsApp_Video_2026-08-11_at_6.55.20_AM/crop_000750.jpg
WhatsApp Video 2026-08-11 at 6.55.20 AM.mp4,25,Mild Steel,train,765,12.75,523,200,150,150,373,50,673,350,300,300,96.08,3.82,TRACKED,RETAINED,data/phase2_roi_crops/retained/WhatsApp_Video_2026-08-11_at_6.55.20_AM/crop_000765.jpg
WhatsApp Video 2026-08-11 at 6.55.20 AM.mp4,25,Mild Steel,train,780,13.0,521,199,150,150,371,49,671,349,300,300,88.64,13.99,TRACKED,RETAINED,data/phase2_roi_crops/retained/WhatsApp_Video_2026-08-11_at_6.55.20_AM/crop_000780.jpg
WhatsApp Video 2026-08-11 at 6.55.20 AM.mp4,25,Mild Steel,train,795,13.25,521,199,150,150,371,49,671,349,300,300,88.76,6.03,TRACKED,RETAINED,data/phase2_roi_crops/retained/WhatsApp_Video_2026-08-11_at_6.55.20_AM/crop_000795.jpg
WhatsApp Video 2026-08-11 at 6.55.20 AM.mp4,25,Mild Steel,train,810,13.5,519,198,150,150,369,48,669,348,300,300,91.57,5.39,TRACKED,RETAINED,data/phase2_roi_crops/retained/WhatsApp_Video_2026-08-11_at_6.55.20_AM/crop_000810.jpg
WhatsApp Video 2026-08-11 at 6.55.20 AM.mp4,25,Mild Steel,train,825,13.75,515,197,150,150,365,47,665,347,300,300,91.71,14.29,TRACKED,RETAINED,data/phase2_roi_crops/retained/WhatsApp_Video_2026-08-11_at_6.55.20_AM/crop_000825.jpg
WhatsApp Video 2026-08-11 at 6.55.20 AM.mp4,25,Mild Steel,train,840,14.0,516,200,150,150,366,50,666,350,300,300,90.88,6.39,TRACKED,RETAINED,data/phase2_roi_crops/retained/WhatsApp_Video_2026-08-11_at_6.55.20_AM/crop_000840.jpg
WhatsApp Video 2026-08-11 at 6.55.20 AM.mp4,25,Mild Steel,train,855,14.25,515,198,150,150,365,48,665,348,300,300,102.6,15.65,TRACKED,RETAINED,data/phase2_roi_crops/retained/WhatsApp_Video_2026-08-11_at_6.55.20_AM/crop_000855.jpg
WhatsApp Video 2026-08-11 at 6.55.20 AM.mp4,25,Mild Steel,train,870,14.5,511,196,150,150,361,46,661,346,300,300,89.08,21.97,TRACKED,RETAINED,data/phase2_roi_crops/retained/WhatsApp_Video_2026-08-11_at_6.55.20_AM/crop_000870.jpg
WhatsApp Video 2026-08-11 at 6.55.20 AM.mp4,25,Mild Steel,train,885,14.75,510,194,150,150,360,44,660,344,300,300,91.03,16.2,TRACKED,RETAINED,data/phase2_roi_crops/retained/WhatsApp_Video_2026-08-11_at_6.55.20_AM/crop_000885.jpg
WhatsApp Video 2026-08-11 at 6.55.20 AM.mp4,25,Mild Steel,train,900,15.0,509,197,150,150,359,47,659,347,300,300,149.27,14.69,TRACKED,RETAINED,data/phase2_roi_crops/retained/WhatsApp_Video_2026-08-11_at_6.55.20_AM/crop_000900.jpg
WhatsApp Video 2026-08-11 at 6.55.20 AM.mp4,25,Mild Steel,train,915,15.25,505,198,150,150,355,48,655,348,300,300,103.01,6.5,TRACKED,RETAINED,data/phase2_roi_crops/retained/WhatsApp_Video_2026-08-11_at_6.55.20_AM/crop_000915.jpg
WhatsApp Video 2026-08-11 at 6.55.20 AM.mp4,25,Mild Steel,train,930,15.5,508,194,150,150,358,44,658,344,300,300,91.48,11.6,TRACKED,RETAINED,data/phase2_roi_crops/retained/WhatsApp_Video_2026-08-11_at_6.55.20_AM/crop_000930.jpg
WhatsApp Video 2026-08-11 at 6.55.20 AM.mp4,25,Mild Steel,train,945,15.75,506,194,150,150,356,44,656,344,300,300,88.21,3.83,TRACKED,RETAINED,data/phase2_roi_crops/retained/WhatsApp_Video_2026-08-11_at_6.55.20_AM/crop_000945.jpg
WhatsApp Video 2026-08-11 at 6.55.20 AM.mp4,25,Mild Steel,train,960,16.0,502,194,150,150,352,44,652,344,300,300,85.9,4.26,TRACKED,RETAINED,data/phase2_roi_crops/retained/WhatsApp_Video_2026-08-11_at_6.55.20_AM/crop_000960.jpg
WhatsApp Video 2026-08-11 at 6.55.20 AM.mp4,25,Mild Steel,train,975,16.25,502,192,150,150,352,42,652,342,300,300,89.78,5.03,TRACKED,RETAINED,data/phase2_roi_crops/retained/WhatsApp_Video_2026-08-11_at_6.55.20_AM/crop_000975.jpg
WhatsApp Video 2026-08-11 at 6.55.20 AM.mp4,25,Mild Steel,train,990,16.5,500,193,150,150,350,43,650,343,300,300,85.23,6.49,TRACKED,RETAINED,data/phase2_roi_crops/retained/WhatsApp_Video_2026-08-11_at_6.55.20_AM/crop_000990.jpg
WhatsApp Video 2026-08-11 at 6.55.20 AM.mp4,25,Mild Steel,train,1005,16.75,500,196,150,150,350,46,650,346,300,300,87.37,3.5,TRACKED,RETAINED,data/phase2_roi_crops/retained/WhatsApp_Video_2026-08-11_at_6.55.20_AM/crop_001005.jpg
WhatsApp Video 2026-08-11 at 6.55.20 AM.mp4,25,Mild Steel,train,1020,17.0,498,197,150,150,348,47,648,347,300,300,91.21,7.28,TRACKED,RETAINED,data/phase2_roi_crops/retained/WhatsApp_Video_2026-08-11_at_6.55.20_AM/crop_001020.jpg
WhatsApp Video 2026-08-11 at 6.55.20 AM.mp4,25,Mild Steel,train,1035,17.25,494,197,150,150,344,47,644,347,300,300,82.36,8.12,TRACKED,RETAINED,data/phase2_roi_crops/retained/WhatsApp_Video_2026-08-11_at_6.55.20_AM/crop_001035.jpg
WhatsApp Video 2026-08-11 at 6.55.20 AM.mp4,25,Mild Steel,train,1050,17.5,493,198,150,150,343,48,643,348,300,300,90.87,6.96,TRACKED,RETAINED,data/phase2_roi_crops/retained/WhatsApp_Video_2026-08-11_at_6.55.20_AM/crop_001050.jpg
WhatsApp Video 2026-08-11 at 6.55.20 AM.mp4,25,Mild Steel,train,1065,17.75,487,197,150,150,337,47,637,347,300,300,87.59,19.57,TRACKED,RETAINED,data/phase2_roi_crops/retained/WhatsApp_Video_2026-08-11_at_6.55.20_AM/crop_001065.jpg
WhatsApp Video 2026-08-11 at 6.55.20 AM.mp4,25,Mild Steel,train,1080,18.0,483,197,150,150,333,47,633,347,300,300,90.84,6.7,TRACKED,RETAINED,data/phase2_roi_crops/retained/WhatsApp_Video_2026-08-11_at_6.55.20_AM/crop_001080.jpg
WhatsApp Video 2026-08-11 at 6.55.20 AM.mp4,25,Mild Steel,train,1095,18.25,477,203,150,150,327,53,627,353,300,300,91.43,24.65,TRACKED,RETAINED,data/phase2_roi_crops/retained/WhatsApp_Video_2026-08-11_at_6.55.20_AM/crop_001095.jpg
WhatsApp Video 2026-08-11 at 6.55.20 AM.mp4,25,Mild Steel,train,1110,18.5,480,202,150,150,330,52,630,352,300,300,98.07,10.32,TRACKED,RETAINED,data/phase2_roi_crops/retained/WhatsApp_Video_2026-08-11_at_6.55.20_AM/crop_001110.jpg
WhatsApp Video 2026-08-11 at 6.55.20 AM.mp4,25,Mild Steel,train,1125,18.75,478,205,150,150,328,55,628,355,300,300,107.21,16.72,TRACKED,RETAINED,data/phase2_roi_crops/retained/WhatsApp_Video_2026-08-11_at_6.55.20_AM/crop_001125.jpg
WhatsApp Video 2026-08-11 at 6.55.20 AM.mp4,25,Mild Steel,train,1140,19.0,476,206,150,150,326,56,626,356,300,300,111.7,5.76,TRACKED,RETAINED,data/phase2_roi_crops/retained/WhatsApp_Video_2026-08-11_at_6.55.20_AM/crop_001140.jpg
WhatsApp Video 2026-08-11 at 6.55.20 AM.mp4,25,Mild Steel,train,1155,19.25,473,207,150,150,323,57,623,357,300,300,104.37,9.16,TRACKED,RETAINED,data/phase2_roi_crops/retained/WhatsApp_Video_2026-08-11_at_6.55.20_AM/crop_001155.jpg
WhatsApp Video 2026-08-11 at 6.55.20 AM.mp4,25,Mild Steel,train,1170,19.5,470,204,150,150,320,54,620,354,300,300,105.62,6.08,TRACKED,RETAINED,data/phase2_roi_crops/retained/WhatsApp_Video_2026-08-11_at_6.55.20_AM/crop_001170.jpg
WhatsApp Video 2026-08-11 at 6.55.20 AM.mp4,25,Mild Steel,train,1185,19.75,469,207,150,150,319,57,619,357,300,300,106.56,9.74,TRACKED,RETAINED,data/phase2_roi_crops/retained/WhatsApp_Video_2026-08-11_at_6.55.20_AM/crop_001185.jpg
WhatsApp Video 2026-08-11 at 6.55.20 AM.mp4,25,Mild Steel,train,1200,20.0,465,213,150,150,315,63,615,363,300,300,171.28,6.53,TRACKED,RETAINED,data/phase2_roi_crops/retained/WhatsApp_Video_2026-08-11_at_6.55.20_AM/crop_001200.jpg
WhatsApp Video 2026-08-11 at 6.55.20 AM.mp4,25,Mild Steel,train,1215,20.25,463,214,150,150,313,64,613,364,300,300,112.39,16.1,TRACKED,RETAINED,data/phase2_roi_crops/retained/WhatsApp_Video_2026-08-11_at_6.55.20_AM/crop_001215.jpg
WhatsApp Video 2026-08-11 at 6.55.20 AM.mp4,25,Mild Steel,train,1230,20.5,462,214,150,150,312,64,612,364,300,300,110.7,3.34,TRACKED,RETAINED,data/phase2_roi_crops/retained/WhatsApp_Video_2026-08-11_at_6.55.20_AM/crop_001230.jpg
WhatsApp Video 2026-08-11 at 6.55.20 AM.mp4,25,Mild Steel,train,1245,20.75,460,214,150,150,310,64,610,364,300,300,111.89,11.01,TRACKED,RETAINED,data/phase2_roi_crops/retained/WhatsApp_Video_2026-08-11_at_6.55.20_AM/crop_001245.jpg
WhatsApp Video 2026-08-11 at 6.55.20 AM.mp4,25,Mild Steel,train,1260,21.0,459,215,150,150,309,65,609,365,300,300,102.78,5.13,TRACKED,RETAINED,data/phase2_roi_crops/retained/WhatsApp_Video_2026-08-11_at_6.55.20_AM/crop_001260.jpg
WhatsApp Video 2026-08-11 at 6.55.20 AM.mp4,25,Mild Steel,train,1275,21.25,453,219,150,150,303,69,603,369,300,300,103.6,6.35,TRACKED,RETAINED,data/phase2_roi_crops/retained/WhatsApp_Video_2026-08-11_at_6.55.20_AM/crop_001275.jpg
WhatsApp Video 2026-08-11 at 6.55.20 AM.mp4,25,Mild Steel,train,1290,21.5,450,219,150,150,300,69,600,369,300,300,101.7,11.19,TRACKED,RETAINED,data/phase2_roi_crops/retained/WhatsApp_Video_2026-08-11_at_6.55.20_AM/crop_001290.jpg
WhatsApp Video 2026-08-11 at 6.55.20 AM.mp4,25,Mild Steel,train,1305,21.75,448,222,150,150,298,72,598,372,300,300,99.75,5.72,TRACKED,RETAINED,data/phase2_roi_crops/retained/WhatsApp_Video_2026-08-11_at_6.55.20_AM/crop_001305.jpg
WhatsApp Video 2026-08-11 at 6.55.20 AM.mp4,25,Mild Steel,train,1320,22.0,448,224,150,150,298,74,598,374,300,300,99.56,5.73,TRACKED,RETAINED,data/phase2_roi_crops/retained/WhatsApp_Video_2026-08-11_at_6.55.20_AM/crop_001320.jpg
WhatsApp Video 2026-08-11 at 6.55.20 AM.mp4,25,Mild Steel,train,1335,22.25,445,223,150,150,295,73,595,373,300,300,101.72,4.54,TRACKED,RETAINED,data/phase2_roi_crops/retained/WhatsApp_Video_2026-08-11_at_6.55.20_AM/crop_001335.jpg
WhatsApp Video 2026-08-11 at 6.55.20 AM.mp4,25,Mild Steel,train,1350,22.5,443,224,150,150,293,74,593,374,300,300,98.96,6.27,TRACKED,RETAINED,data/phase2_roi_crops/retained/WhatsApp_Video_2026-08-11_at_6.55.20_AM/crop_001350.jpg
WhatsApp Video 2026-08-11 at 6.55.20 AM.mp4,25,Mild Steel,train,1365,22.75,441,229,150,150,291,79,591,379,300,300,112.53,12.55,TRACKED,RETAINED,data/phase2_roi_crops/retained/WhatsApp_Video_2026-08-11_at_6.55.20_AM/crop_001365.jpg
WhatsApp Video 2026-08-11 at 6.55.20 AM.mp4,25,Mild Steel,train,1380,23.0,435,229,150,150,285,79,585,379,300,300,104.33,10.18,TRACKED,RETAINED,data/phase2_roi_crops/retained/WhatsApp_Video_2026-08-11_at_6.55.20_AM/crop_001380.jpg
WhatsApp Video 2026-08-11 at 6.55.20 AM.mp4,25,Mild Steel,train,1395,23.25,434,232,150,150,284,82,584,382,300,300,102.16,4.8,TRACKED,RETAINED,data/phase2_roi_crops/retained/WhatsApp_Video_2026-08-11_at_6.55.20_AM/crop_001395.jpg
WhatsApp Video 2026-08-11 at 6.55.20 AM.mp4,25,Mild Steel,train,1410,23.5,432,230,150,150,282,80,582,380,300,300,104.9,21.54,TRACKED,RETAINED,data/phase2_roi_crops/retained/WhatsApp_Video_2026-08-11_at_6.55.20_AM/crop_001410.jpg
WhatsApp Video 2026-08-11 at 6.55.20 AM.mp4,25,Mild Steel,train,1425,23.75,428,233,150,150,278,83,578,383,300,300,105.72,11.24,TRACKED,RETAINED,data/phase2_roi_crops/retained/WhatsApp_Video_2026-08-11_at_6.55.20_AM/crop_001425.jpg
WhatsApp Video 2026-08-11 at 6.55.20 AM.mp4,25,Mild Steel,train,1440,24.0,428,235,150,150,278,85,578,385,300,300,98.64,9.16,TRACKED,RETAINED,data/phase2_roi_crops/retained/WhatsApp_Video_2026-08-11_at_6.55.20_AM/crop_001440.jpg
WhatsApp Video 2026-08-11 at 6.55.20 AM.mp4,25,Mild Steel,train,1455,24.25,424,234,150,150,274,84,574,384,300,300,101.56,20.41,TRACKED,RETAINED,data/phase2_roi_crops/retained/WhatsApp_Video_2026-08-11_at_6.55.20_AM/crop_001455.jpg
WhatsApp Video 2026-08-11 at 6.55.20 AM.mp4,25,Mild Steel,train,1470,24.5,421,233,150,150,271,83,571,383,300,300,101.25,5.8,TRACKED,RETAINED,data/phase2_roi_crops/retained/WhatsApp_Video_2026-08-11_at_6.55.20_AM/crop_001470.jpg
WhatsApp Video 2026-08-11 at 6.55.20 AM.mp4,25,Mild Steel,train,1485,24.75,421,237,150,150,271,87,571,387,300,300,100.27,13.89,TRACKED,RETAINED,data/phase2_roi_crops/retained/WhatsApp_Video_2026-08-11_at_6.55.20_AM/crop_001485.jpg
WhatsApp Video 2026-08-11 at 6.55.20 AM.mp4,25,Mild Steel,train,1500,25.0,420,238,150,150,270,88,570,388,300,300,167.29,10.08,TRACKED,RETAINED,data/phase2_roi_crops/retained/WhatsApp_Video_2026-08-11_at_6.55.20_AM/crop_001500.jpg
WhatsApp Video 2026-08-11 at 6.55.20 AM.mp4,25,Mild Steel,train,1515,25.25,420,239,150,150,270,89,570,389,300,300,105.91,7.78,TRACKED,RETAINED,data/phase2_roi_crops/retained/WhatsApp_Video_2026-08-11_at_6.55.20_AM/crop_001515.jpg
WhatsApp Video 2026-08-11 at 6.55.20 AM.mp4,25,Mild Steel,train,1530,25.5,420,238,150,150,270,88,570,388,300,300,100.89,3.12,TRACKED,RETAINED,data/phase2_roi_crops/retained/WhatsApp_Video_2026-08-11_at_6.55.20_AM/crop_001530.jpg
WhatsApp Video 2026-08-11 at 6.55.20 AM.mp4,25,Mild Steel,train,1545,25.75,420,238,150,150,270,88,570,388,300,300,99.2,9.86,TRACKED,RETAINED,data/phase2_roi_crops/retained/WhatsApp_Video_2026-08-11_at_6.55.20_AM/crop_001545.jpg
WhatsApp Video 2026-08-11 at 6.55.20 AM.mp4,25,Mild Steel,train,1560,26.0,422,235,150,150,272,85,572,385,300,300,93.6,28.71,TRACKED,RETAINED,data/phase2_roi_crops/retained/WhatsApp_Video_2026-08-11_at_6.55.20_AM/crop_001560.jpg
WhatsApp Video 2026-08-11 at 6.55.20 AM.mp4,25,Mild Steel,train,1575,26.25,423,234,150,150,273,84,573,384,300,300,91.63,19.32,TRACKED,RETAINED,data/phase2_roi_crops/retained/WhatsApp_Video_2026-08-11_at_6.55.20_AM/crop_001575.jpg
WhatsApp Video 2026-08-11 at 6.55.20 AM.mp4,25,Mild Steel,train,1590,26.5,425,234,150,150,275,84,575,384,300,300,81.15,4.12,TRACKED,RETAINED,data/phase2_roi_crops/retained/WhatsApp_Video_2026-08-11_at_6.55.20_AM/crop_001590.jpg
WhatsApp Video 2026-08-11 at 6.55.20 AM.mp4,25,Mild Steel,train,1605,26.75,426,233,150,150,276,83,576,383,300,300,87.74,5.7,TRACKED,RETAINED,data/phase2_roi_crops/retained/WhatsApp_Video_2026-08-11_at_6.55.20_AM/crop_001605.jpg
WhatsApp Video 2026-08-11 at 6.55.20 AM.mp4,25,Mild Steel,train,1620,27.0,430,232,150,150,280,82,580,382,300,300,87.52,11.01,TRACKED,RETAINED,data/phase2_roi_crops/retained/WhatsApp_Video_2026-08-11_at_6.55.20_AM/crop_001620.jpg
WhatsApp Video 2026-08-11 at 6.55.20 AM.mp4,25,Mild Steel,train,1635,27.25,429,232,150,150,279,82,579,382,300,300,83.08,16.9,TRACKED,RETAINED,data/phase2_roi_crops/retained/WhatsApp_Video_2026-08-11_at_6.55.20_AM/crop_001635.jpg
WhatsApp Video 2026-08-11 at 6.55.20 AM.mp4,25,Mild Steel,train,1650,27.5,427,233,150,150,277,83,577,383,300,300,88.28,12.51,TRACKED,RETAINED,data/phase2_roi_crops/retained/WhatsApp_Video_2026-08-11_at_6.55.20_AM/crop_001650.jpg
WhatsApp Video 2026-08-11 at 6.55.20 AM.mp4,25,Mild Steel,train,1665,27.75,430,235,150,150,280,85,580,385,300,300,91.57,6.51,TRACKED,RETAINED,data/phase2_roi_crops/retained/WhatsApp_Video_2026-08-11_at_6.55.20_AM/crop_001665.jpg
WhatsApp Video 2026-08-11 at 6.55.20 AM.mp4,25,Mild Steel,train,1680,28.0,429,234,150,150,279,84,579,384,300,300,91.52,21.47,TRACKED,RETAINED,data/phase2_roi_crops/retained/WhatsApp_Video_2026-08-11_at_6.55.20_AM/crop_001680.jpg
WhatsApp Video 2026-08-11 at 6.55.20 AM.mp4,25,Mild Steel,train,1695,28.25,432,231,150,150,282,81,582,381,300,300,92.98,20.79,TRACKED,RETAINED,data/phase2_roi_crops/retained/WhatsApp_Video_2026-08-11_at_6.55.20_AM/crop_001695.jpg
WhatsApp Video 2026-08-11 at 6.55.20 AM.mp4,25,Mild Steel,train,1710,28.5,431,232,150,150,281,82,581,382,300,300,84.12,13.01,TRACKED,RETAINED,data/phase2_roi_crops/retained/WhatsApp_Video_2026-08-11_at_6.55.20_AM/crop_001710.jpg
WhatsApp Video 2026-08-11 at 6.55.20 AM.mp4,25,Mild Steel,train,1725,28.75,430,232,150,150,280,82,580,382,300,300,79.92,6.44,TRACKED,RETAINED,data/phase2_roi_crops/retained/WhatsApp_Video_2026-08-11_at_6.55.20_AM/crop_001725.jpg
WhatsApp Video 2026-08-11 at 6.55.20 AM.mp4,25,Mild Steel,train,1740,29.0,430,231,150,150,280,81,580,381,300,300,78.14,8.08,TRACKED,RETAINED,data/phase2_roi_crops/retained/WhatsApp_Video_2026-08-11_at_6.55.20_AM/crop_001740.jpg
WhatsApp Video 2026-08-11 at 6.55.20 AM.mp4,25,Mild Steel,train,1755,29.25,432,231,150,150,282,81,582,381,300,300,82.53,11.41,TRACKED,RETAINED,data/phase2_roi_crops/retained/WhatsApp_Video_2026-08-11_at_6.55.20_AM/crop_001755.jpg
WhatsApp Video 2026-08-11 at 6.55.20 AM.mp4,25,Mild Steel,train,1770,29.5,432,227,150,150,282,77,582,377,300,300,75.77,17.31,TRACKED,RETAINED,data/phase2_roi_crops/retained/WhatsApp_Video_2026-08-11_at_6.55.20_AM/crop_001770.jpg
WhatsApp Video 2026-08-11 at 6.55.20 AM.mp4,25,Mild Steel,train,1785,29.75,433,229,150,150,283,79,583,379,300,300,74.75,21.84,TRACKED,RETAINED,data/phase2_roi_crops/retained/WhatsApp_Video_2026-08-11_at_6.55.20_AM/crop_001785.jpg
WhatsApp Video 2026-08-11 at 6.55.20 AM.mp4,25,Mild Steel,train,1800,30.0,434,226,150,150,284,76,584,376,300,300,130.01,17.52,TRACKED,RETAINED,data/phase2_roi_crops/retained/WhatsApp_Video_2026-08-11_at_6.55.20_AM/crop_001800.jpg
WhatsApp Video 2026-08-11 at 6.55.20 AM.mp4,25,Mild Steel,train,1815,30.25,435,230,150,150,285,80,585,380,300,300,85.97,16.67,TRACKED,RETAINED,data/phase2_roi_crops/retained/WhatsApp_Video_2026-08-11_at_6.55.20_AM/crop_001815.jpg
WhatsApp Video 2026-08-11 at 6.55.20 AM.mp4,25,Mild Steel,train,1830,30.5,436,230,150,150,286,80,586,380,300,300,80.25,15.69,TRACKED,RETAINED,data/phase2_roi_crops/retained/WhatsApp_Video_2026-08-11_at_6.55.20_AM/crop_001830.jpg
WhatsApp Video 2026-08-11 at 6.55.20 AM.mp4,25,Mild Steel,train,1845,30.75,434,228,150,150,284,78,584,378,300,300,81.88,23.03,TRACKED,RETAINED,data/phase2_roi_crops/retained/WhatsApp_Video_2026-08-11_at_6.55.20_AM/crop_001845.jpg
WhatsApp Video 2026-08-11 at 6.55.20 AM.mp4,25,Mild Steel,train,1860,31.0,438,228,150,150,288,78,588,378,300,300,80.2,25.32,TRACKED,RETAINED,data/phase2_roi_crops/retained/WhatsApp_Video_2026-08-11_at_6.55.20_AM/crop_001860.jpg
WhatsApp Video 2026-08-11 at 6.55.20 AM.mp4,25,Mild Steel,train,1875,31.25,440,228,150,150,290,78,590,378,300,300,70.97,7.14,TRACKED,RETAINED,data/phase2_roi_crops/retained/WhatsApp_Video_2026-08-11_at_6.55.20_AM/crop_001875.jpg
WhatsApp Video 2026-08-11 at 6.55.20 AM.mp4,25,Mild Steel,train,1890,31.5,440,225,150,150,290,75,590,375,300,300,72.53,9.15,TRACKED,RETAINED,data/phase2_roi_crops/retained/WhatsApp_Video_2026-08-11_at_6.55.20_AM/crop_001890.jpg
WhatsApp Video 2026-08-11 at 6.55.20 AM.mp4,25,Mild Steel,train,1905,31.75,439,227,150,150,289,77,589,377,300,300,72.11,19.79,TRACKED,RETAINED,data/phase2_roi_crops/retained/WhatsApp_Video_2026-08-11_at_6.55.20_AM/crop_001905.jpg
WhatsApp Video 2026-08-11 at 6.55.20 AM.mp4,25,Mild Steel,train,1920,32.0,439,224,150,150,289,74,589,374,300,300,73.69,17.8,TRACKED,RETAINED,data/phase2_roi_crops/retained/WhatsApp_Video_2026-08-11_at_6.55.20_AM/crop_001920.jpg
WhatsApp Video 2026-08-11 at 6.55.20 AM.mp4,25,Mild Steel,train,1935,32.25,443,226,150,150,293,76,593,376,300,300,81.46,17.0,TRACKED,RETAINED,data/phase2_roi_crops/retained/WhatsApp_Video_2026-08-11_at_6.55.20_AM/crop_001935.jpg
WhatsApp Video 2026-08-11 at 6.55.20 AM.mp4,25,Mild Steel,train,1950,32.5,442,227,150,150,292,77,592,377,300,300,73.79,18.72,TRACKED,RETAINED,data/phase2_roi_crops/retained/WhatsApp_Video_2026-08-11_at_6.55.20_AM/crop_001950.jpg
WhatsApp Video 2026-08-11 at 6.55.20 AM.mp4,25,Mild Steel,train,1965,32.75,442,227,150,150,292,77,592,377,300,300,74.75,5.5,TRACKED,RETAINED,data/phase2_roi_crops/retained/WhatsApp_Video_2026-08-11_at_6.55.20_AM/crop_001965.jpg
WhatsApp Video 2026-08-11 at 6.55.20 AM (1).mp4,24,Mild Steel,train,0,0.0,455,319,150,150,305,169,605,469,300,300,592.27,0.0,TRACKED,RETAINED,data/phase2_roi_crops/retained/WhatsApp_Video_2026-08-11_at_6.55.20_AM_(1)/crop_000000.jpg
WhatsApp Video 2026-08-11 at 6.55.20 AM (1).mp4,24,Mild Steel,train,15,0.25,455,318,150,150,305,168,605,468,300,300,309.87,7.51,TRACKED,RETAINED,data/phase2_roi_crops/retained/WhatsApp_Video_2026-08-11_at_6.55.20_AM_(1)/crop_000015.jpg
WhatsApp Video 2026-08-11 at 6.55.20 AM (1).mp4,24,Mild Steel,train,30,0.5,455,317,150,150,305,167,605,467,300,300,302.55,4.99,TRACKED,RETAINED,data/phase2_roi_crops/retained/WhatsApp_Video_2026-08-11_at_6.55.20_AM_(1)/crop_000030.jpg
WhatsApp Video 2026-08-11 at 6.55.20 AM (1).mp4,24,Mild Steel,train,45,0.75,455,317,150,150,305,167,605,467,300,300,387.45,7.0,TRACKED,RETAINED,data/phase2_roi_crops/retained/WhatsApp_Video_2026-08-11_at_6.55.20_AM_(1)/crop_000045.jpg
WhatsApp Video 2026-08-11 at 6.55.20 AM (1).mp4,24,Mild Steel,train,60,1.0,455,315,150,150,305,165,605,465,300,300,350.82,7.25,TRACKED,RETAINED,data/phase2_roi_crops/retained/WhatsApp_Video_2026-08-11_at_6.55.20_AM_(1)/crop_000060.jpg
WhatsApp Video 2026-08-11 at 6.55.20 AM (1).mp4,24,Mild Steel,train,75,1.25,454,315,150,150,304,165,604,465,300,300,326.64,6.69,TRACKED,RETAINED,data/phase2_roi_crops/retained/WhatsApp_Video_2026-08-11_at_6.55.20_AM_(1)/crop_000075.jpg
WhatsApp Video 2026-08-11 at 6.55.20 AM (1).mp4,24,Mild Steel,train,90,1.5,454,315,150,150,304,165,604,465,300,300,373.02,5.52,TRACKED,RETAINED,data/phase2_roi_crops/retained/WhatsApp_Video_2026-08-11_at_6.55.20_AM_(1)/crop_000090.jpg
WhatsApp Video 2026-08-11 at 6.55.20 AM (1).mp4,24,Mild Steel,train,105,1.75,454,313,150,150,304,163,604,463,300,300,308.86,5.26,TRACKED,RETAINED,data/phase2_roi_crops/retained/WhatsApp_Video_2026-08-11_at_6.55.20_AM_(1)/crop_000105.jpg
WhatsApp Video 2026-08-11 at 6.55.20 AM (1).mp4,24,Mild Steel,train,120,2.0,456,320,150,150,306,170,606,470,300,300,294.68,23.09,TRACKED,RETAINED,data/phase2_roi_crops/retained/WhatsApp_Video_2026-08-11_at_6.55.20_AM_(1)/crop_000120.jpg
WhatsApp Video 2026-08-11 at 6.55.20 AM (1).mp4,24,Mild Steel,train,135,2.25,458,319,150,150,308,169,608,469,300,300,304.96,8.9,TRACKED,RETAINED,data/phase2_roi_crops/retained/WhatsApp_Video_2026-08-11_at_6.55.20_AM_(1)/crop_000135.jpg
WhatsApp Video 2026-08-11 at 6.55.20 AM (1).mp4,24,Mild Steel,train,150,2.5,452,315,150,150,302,165,602,465,300,300,289.97,24.53,TRACKED,RETAINED,data/phase2_roi_crops/retained/WhatsApp_Video_2026-08-11_at_6.55.20_AM_(1)/crop_000150.jpg
WhatsApp Video 2026-08-11 at 6.55.20 AM (1).mp4,24,Mild Steel,train,165,2.75,456,319,150,150,306,169,606,469,300,300,295.77,17.33,TRACKED,RETAINED,data/phase2_roi_crops/retained/WhatsApp_Video_2026-08-11_at_6.55.20_AM_(1)/crop_000165.jpg
WhatsApp Video 2026-08-11 at 6.55.20 AM (1).mp4,24,Mild Steel,train,180,3.0,456,318,150,150,306,168,606,468,300,300,376.31,7.01,TRACKED,RETAINED,data/phase2_roi_crops/retained/WhatsApp_Video_2026-08-11_at_6.55.20_AM_(1)/crop_000180.jpg
WhatsApp Video 2026-08-11 at 6.55.20 AM (1).mp4,24,Mild Steel,train,195,3.25,455,319,150,150,305,169,605,469,300,300,305.72,9.42,TRACKED,RETAINED,data/phase2_roi_crops/retained/WhatsApp_Video_2026-08-11_at_6.55.20_AM_(1)/crop_000195.jpg
WhatsApp Video 2026-08-11 at 6.55.20 AM (1).mp4,24,Mild Steel,train,210,3.5,454,317,150,150,304,167,604,467,300,300,305.78,10.09,TRACKED,RETAINED,data/phase2_roi_crops/retained/WhatsApp_Video_2026-08-11_at_6.55.20_AM_(1)/crop_000210.jpg
WhatsApp Video 2026-08-11 at 6.55.20 AM (1).mp4,24,Mild Steel,train,225,3.75,453,317,150,150,303,167,603,467,300,300,324.73,4.72,TRACKED,RETAINED,data/phase2_roi_crops/retained/WhatsApp_Video_2026-08-11_at_6.55.20_AM_(1)/crop_000225.jpg
WhatsApp Video 2026-08-11 at 6.55.20 AM (1).mp4,24,Mild Steel,train,240,4.0,453,318,150,150,303,168,603,468,300,300,359.09,6.49,TRACKED,RETAINED,data/phase2_roi_crops/retained/WhatsApp_Video_2026-08-11_at_6.55.20_AM_(1)/crop_000240.jpg
WhatsApp Video 2026-08-11 at 6.55.20 AM (1).mp4,24,Mild Steel,train,255,4.25,453,318,150,150,303,168,603,468,300,300,318.63,6.15,TRACKED,RETAINED,data/phase2_roi_crops/retained/WhatsApp_Video_2026-08-11_at_6.55.20_AM_(1)/crop_000255.jpg
WhatsApp Video 2026-08-11 at 6.55.20 AM (1).mp4,24,Mild Steel,train,270,4.5,454,319,150,150,304,169,604,469,300,300,319.97,4.49,TRACKED,RETAINED,data/phase2_roi_crops/retained/WhatsApp_Video_2026-08-11_at_6.55.20_AM_(1)/crop_000270.jpg
WhatsApp Video 2026-08-11 at 6.55.20 AM (1).mp4,24,Mild Steel,train,285,4.75,454,322,150,150,304,172,604,472,300,300,365.11,15.04,TRACKED,RETAINED,data/phase2_roi_crops/retained/WhatsApp_Video_2026-08-11_at_6.55.20_AM_(1)/crop_000285.jpg
WhatsApp Video 2026-08-11 at 6.55.20 AM (1).mp4,24,Mild Steel,train,300,5.0,453,319,150,150,303,169,603,469,300,300,670.64,12.49,TRACKED,RETAINED,data/phase2_roi_crops/retained/WhatsApp_Video_2026-08-11_at_6.55.20_AM_(1)/crop_000300.jpg
WhatsApp Video 2026-08-11 at 6.55.20 AM (1).mp4,24,Mild Steel,train,315,5.25,454,319,150,150,304,169,604,469,300,300,316.36,7.99,TRACKED,RETAINED,data/phase2_roi_crops/retained/WhatsApp_Video_2026-08-11_at_6.55.20_AM_(1)/crop_000315.jpg
WhatsApp Video 2026-08-11 at 6.55.20 AM (1).mp4,24,Mild Steel,train,330,5.5,456,320,150,150,306,170,606,470,300,300,319.63,10.25,TRACKED,RETAINED,data/phase2_roi_crops/retained/WhatsApp_Video_2026-08-11_at_6.55.20_AM_(1)/crop_000330.jpg
WhatsApp Video 2026-08-11 at 6.55.20 AM (1).mp4,24,Mild Steel,train,345,5.75,454,315,150,150,304,165,604,465,300,300,540.33,18.27,TRACKED,RETAINED,data/phase2_roi_crops/retained/WhatsApp_Video_2026-08-11_at_6.55.20_AM_(1)/crop_000345.jpg
WhatsApp Video 2026-08-11 at 6.55.20 AM (1).mp4,24,Mild Steel,train,360,6.0,454,317,150,150,304,167,604,467,300,300,467.56,10.83,TRACKED,RETAINED,data/phase2_roi_crops/retained/WhatsApp_Video_2026-08-11_at_6.55.20_AM_(1)/crop_000360.jpg
WhatsApp Video 2026-08-11 at 6.55.20 AM (1).mp4,24,Mild Steel,train,375,6.25,454,317,150,150,304,167,604,467,300,300,585.16,9.19,TRACKED,RETAINED,data/phase2_roi_crops/retained/WhatsApp_Video_2026-08-11_at_6.55.20_AM_(1)/crop_000375.jpg
WhatsApp Video 2026-08-11 at 6.55.20 AM (1).mp4,24,Mild Steel,train,390,6.5,457,321,150,150,307,171,607,471,300,300,632.33,15.77,TRACKED,RETAINED,data/phase2_roi_crops/retained/WhatsApp_Video_2026-08-11_at_6.55.20_AM_(1)/crop_000390.jpg
WhatsApp Video 2026-08-11 at 6.55.20 AM (1).mp4,24,Mild Steel,train,405,6.75,457,322,150,150,307,172,607,472,300,300,463.71,5.1,TRACKED,RETAINED,data/phase2_roi_crops/retained/WhatsApp_Video_2026-08-11_at_6.55.20_AM_(1)/crop_000405.jpg
WhatsApp Video 2026-08-11 at 6.55.20 AM (1).mp4,24,Mild Steel,train,420,7.0,455,317,150,150,305,167,605,467,300,300,554.96,21.95,TRACKED,RETAINED,data/phase2_roi_crops/retained/WhatsApp_Video_2026-08-11_at_6.55.20_AM_(1)/crop_000420.jpg
WhatsApp Video 2026-08-11 at 6.55.20 AM (1).mp4,24,Mild Steel,train,435,7.25,456,318,150,150,306,168,606,468,300,300,465.75,11.51,TRACKED,RETAINED,data/phase2_roi_crops/retained/WhatsApp_Video_2026-08-11_at_6.55.20_AM_(1)/crop_000435.jpg
WhatsApp Video 2026-08-11 at 6.55.20 AM (1).mp4,24,Mild Steel,train,450,7.5,457,321,150,150,307,171,607,471,300,300,585.3,14.4,TRACKED,RETAINED,data/phase2_roi_crops/retained/WhatsApp_Video_2026-08-11_at_6.55.20_AM_(1)/crop_000450.jpg
WhatsApp Video 2026-08-11 at 6.55.20 AM (1).mp4,24,Mild Steel,train,465,7.75,456,319,150,150,306,169,606,469,300,300,478.01,14.61,TRACKED,RETAINED,data/phase2_roi_crops/retained/WhatsApp_Video_2026-08-11_at_6.55.20_AM_(1)/crop_000465.jpg
WhatsApp Video 2026-08-11 at 6.55.20 AM (1).mp4,24,Mild Steel,train,480,8.0,456,317,150,150,306,167,606,467,300,300,537.61,13.88,TRACKED,RETAINED,data/phase2_roi_crops/retained/WhatsApp_Video_2026-08-11_at_6.55.20_AM_(1)/crop_000480.jpg
WhatsApp Video 2026-08-11 at 6.55.20 AM (1).mp4,24,Mild Steel,train,495,8.25,456,318,150,150,306,168,606,468,300,300,444.74,7.69,TRACKED,RETAINED,data/phase2_roi_crops/retained/WhatsApp_Video_2026-08-11_at_6.55.20_AM_(1)/crop_000495.jpg
WhatsApp Video 2026-08-11 at 6.55.20 AM (1).mp4,24,Mild Steel,train,510,8.5,455,317,150,150,305,167,605,467,300,300,564.41,8.49,TRACKED,RETAINED,data/phase2_roi_crops/retained/WhatsApp_Video_2026-08-11_at_6.55.20_AM_(1)/crop_000510.jpg
WhatsApp Video 2026-08-11 at 6.55.20 AM (1).mp4,24,Mild Steel,train,525,8.75,455,317,150,150,305,167,605,467,300,300,547.86,5.83,TRACKED,RETAINED,data/phase2_roi_crops/retained/WhatsApp_Video_2026-08-11_at_6.55.20_AM_(1)/crop_000525.jpg
WhatsApp Video 2026-08-11 at 6.55.20 AM (1).mp4,24,Mild Steel,train,540,9.0,455,317,150,150,305,167,605,467,300,300,497.3,9.1,TRACKED,RETAINED,data/phase2_roi_crops/retained/WhatsApp_Video_2026-08-11_at_6.55.20_AM_(1)/crop_000540.jpg
WhatsApp Video 2026-08-11 at 6.55.20 AM (1).mp4,24,Mild Steel,train,555,9.25,454,318,150,150,304,168,604,468,300,300,450.01,5.89,TRACKED,RETAINED,data/phase2_roi_crops/retained/WhatsApp_Video_2026-08-11_at_6.55.20_AM_(1)/crop_000555.jpg
WhatsApp Video 2026-08-11 at 6.55.20 AM (1).mp4,24,Mild Steel,train,570,9.5,455,317,150,150,305,167,605,467,300,300,460.04,16.66,TRACKED,RETAINED,data/phase2_roi_crops/retained/WhatsApp_Video_2026-08-11_at_6.55.20_AM_(1)/crop_000570.jpg
WhatsApp Video 2026-08-11 at 6.55.20 AM (1).mp4,24,Mild Steel,train,585,9.75,457,320,150,150,307,170,607,470,300,300,462.01,8.19,TRACKED,RETAINED,data/phase2_roi_crops/retained/WhatsApp_Video_2026-08-11_at_6.55.20_AM_(1)/crop_000585.jpg
WhatsApp Video 2026-08-11 at 6.55.20 AM (1).mp4,24,Mild Steel,train,600,10.0,458,322,150,150,308,172,608,472,300,300,950.17,7.55,TRACKED,RETAINED,data/phase2_roi_crops/retained/WhatsApp_Video_2026-08-11_at_6.55.20_AM_(1)/crop_000600.jpg
WhatsApp Video 2026-08-11 at 6.55.20 AM (1).mp4,24,Mild Steel,train,615,10.25,457,320,150,150,307,170,607,470,300,300,401.83,6.85,TRACKED,RETAINED,data/phase2_roi_crops/retained/WhatsApp_Video_2026-08-11_at_6.55.20_AM_(1)/crop_000615.jpg
WhatsApp Video 2026-08-11 at 6.55.20 AM (1).mp4,24,Mild Steel,train,630,10.5,457,320,150,150,307,170,607,470,300,300,357.43,10.33,TRACKED,RETAINED,data/phase2_roi_crops/retained/WhatsApp_Video_2026-08-11_at_6.55.20_AM_(1)/crop_000630.jpg
WhatsApp Video 2026-08-11 at 6.55.20 AM (1).mp4,24,Mild Steel,train,645,10.75,456,319,150,150,306,169,606,469,300,300,348.15,11.53,TRACKED,RETAINED,data/phase2_roi_crops/retained/WhatsApp_Video_2026-08-11_at_6.55.20_AM_(1)/crop_000645.jpg
WhatsApp Video 2026-08-11 at 6.55.20 AM (1).mp4,24,Mild Steel,train,660,11.0,458,319,150,150,308,169,608,469,300,300,361.63,9.76,TRACKED,RETAINED,data/phase2_roi_crops/retained/WhatsApp_Video_2026-08-11_at_6.55.20_AM_(1)/crop_000660.jpg
WhatsApp Video 2026-08-11 at 6.55.20 AM (1).mp4,24,Mild Steel,train,675,11.25,458,319,150,150,308,169,608,469,300,300,347.11,8.63,TRACKED,RETAINED,data/phase2_roi_crops/retained/WhatsApp_Video_2026-08-11_at_6.55.20_AM_(1)/crop_000675.jpg
WhatsApp Video 2026-08-11 at 6.55.20 AM (1).mp4,24,Mild Steel,train,690,11.5,459,319,150,150,309,169,609,469,300,300,348.64,7.11,TRACKED,RETAINED,data/phase2_roi_crops/retained/WhatsApp_Video_2026-08-11_at_6.55.20_AM_(1)/crop_000690.jpg
WhatsApp Video 2026-08-11 at 6.55.20 AM (1).mp4,24,Mild Steel,train,705,11.75,460,319,150,150,310,169,610,469,300,300,361.75,5.97,TRACKED,RETAINED,data/phase2_roi_crops/retained/WhatsApp_Video_2026-08-11_at_6.55.20_AM_(1)/crop_000705.jpg
WhatsApp Video 2026-08-11 at 6.55.20 AM (1).mp4,24,Mild Steel,train,720,12.0,460,318,150,150,310,168,610,468,300,300,351.05,5.4,TRACKED,RETAINED,data/phase2_roi_crops/retained/WhatsApp_Video_2026-08-11_at_6.55.20_AM_(1)/crop_000720.jpg
WhatsApp Video 2026-08-11 at 6.55.20 AM (1).mp4,24,Mild Steel,train,735,12.25,459,317,150,150,309,167,609,467,300,300,335.37,7.29,TRACKED,RETAINED,data/phase2_roi_crops/retained/WhatsApp_Video_2026-08-11_at_6.55.20_AM_(1)/crop_000735.jpg
WhatsApp Video 2026-08-11 at 6.55.20 AM (1).mp4,24,Mild Steel,train,750,12.5,460,317,150,150,310,167,610,467,300,300,376.31,6.42,TRACKED,RETAINED,data/phase2_roi_crops/retained/WhatsApp_Video_2026-08-11_at_6.55.20_AM_(1)/crop_000750.jpg
WhatsApp Video 2026-08-11 at 6.55.20 AM (1).mp4,24,Mild Steel,train,765,12.75,461,319,150,150,311,169,611,469,300,300,317.65,6.71,TRACKED,RETAINED,data/phase2_roi_crops/retained/WhatsApp_Video_2026-08-11_at_6.55.20_AM_(1)/crop_000765.jpg
WhatsApp Video 2026-08-11 at 6.55.20 AM (1).mp4,24,Mild Steel,train,780,13.0,462,319,150,150,312,169,612,469,300,300,306.75,5.3,TRACKED,RETAINED,data/phase2_roi_crops/retained/WhatsApp_Video_2026-08-11_at_6.55.20_AM_(1)/crop_000780.jpg
WhatsApp Video 2026-08-11 at 6.55.20 AM (1).mp4,24,Mild Steel,train,795,13.25,456,317,150,150,306,167,606,467,300,300,360.24,20.64,TRACKED,RETAINED,data/phase2_roi_crops/retained/WhatsApp_Video_2026-08-11_at_6.55.20_AM_(1)/crop_000795.jpg
WhatsApp Video 2026-08-11 at 6.55.20 AM (1).mp4,24,Mild Steel,train,810,13.5,457,317,150,150,307,167,607,467,300,300,345.41,5.44,TRACKED,RETAINED,data/phase2_roi_crops/retained/WhatsApp_Video_2026-08-11_at_6.55.20_AM_(1)/crop_000810.jpg
WhatsApp Video 2026-08-11 at 6.55.20 AM (1).mp4,24,Mild Steel,train,825,13.75,455,316,150,150,305,166,605,466,300,300,374.84,6.59,TRACKED,RETAINED,data/phase2_roi_crops/retained/WhatsApp_Video_2026-08-11_at_6.55.20_AM_(1)/crop_000825.jpg
WhatsApp Video 2026-08-11 at 6.55.20 AM (1).mp4,24,Mild Steel,train,840,14.0,455,315,150,150,305,165,605,465,300,300,430.84,6.72,TRACKED,RETAINED,data/phase2_roi_crops/retained/WhatsApp_Video_2026-08-11_at_6.55.20_AM_(1)/crop_000840.jpg
WhatsApp Video 2026-08-11 at 6.55.20 AM (1).mp4,24,Mild Steel,train,855,14.25,455,316,150,150,305,166,605,466,300,300,324.08,6.0,TRACKED,RETAINED,data/phase2_roi_crops/retained/WhatsApp_Video_2026-08-11_at_6.55.20_AM_(1)/crop_000855.jpg
WhatsApp Video 2026-08-11 at 6.55.20 AM (1).mp4,24,Mild Steel,train,870,14.5,455,316,150,150,305,166,605,466,300,300,368.41,5.55,TRACKED,RETAINED,data/phase2_roi_crops/retained/WhatsApp_Video_2026-08-11_at_6.55.20_AM_(1)/crop_000870.jpg
WhatsApp Video 2026-08-11 at 6.55.20 AM (1).mp4,24,Mild Steel,train,885,14.75,455,316,150,150,305,166,605,466,300,300,317.47,7.29,TRACKED,RETAINED,data/phase2_roi_crops/retained/WhatsApp_Video_2026-08-11_at_6.55.20_AM_(1)/crop_000885.jpg
WhatsApp Video 2026-08-11 at 6.55.20 AM (1).mp4,24,Mild Steel,train,900,15.0,455,316,150,150,305,166,605,466,300,300,661.15,5.78,TRACKED,RETAINED,data/phase2_roi_crops/retained/WhatsApp_Video_2026-08-11_at_6.55.20_AM_(1)/crop_000900.jpg
WhatsApp Video 2026-08-11 at 6.55.20 AM (1).mp4,24,Mild Steel,train,915,15.25,455,316,150,150,305,166,605,466,300,300,362.68,7.52,TRACKED,RETAINED,data/phase2_roi_crops/retained/WhatsApp_Video_2026-08-11_at_6.55.20_AM_(1)/crop_000915.jpg
WhatsApp Video 2026-08-11 at 6.55.20 AM (1).mp4,24,Mild Steel,train,930,15.5,456,316,150,150,306,166,606,466,300,300,322.56,5.96,TRACKED,RETAINED,data/phase2_roi_crops/retained/WhatsApp_Video_2026-08-11_at_6.55.20_AM_(1)/crop_000930.jpg
WhatsApp Video 2026-08-11 at 6.55.20 AM (1).mp4,24,Mild Steel,train,945,15.75,456,315,150,150,306,165,606,465,300,300,307.26,6.15,TRACKED,RETAINED,data/phase2_roi_crops/retained/WhatsApp_Video_2026-08-11_at_6.55.20_AM_(1)/crop_000945.jpg
WhatsApp Video 2026-08-11 at 6.55.20 AM (1).mp4,24,Mild Steel,train,960,16.0,456,316,150,150,306,166,606,466,300,300,324.59,6.35,TRACKED,RETAINED,data/phase2_roi_crops/retained/WhatsApp_Video_2026-08-11_at_6.55.20_AM_(1)/crop_000960.jpg
WhatsApp Video 2026-08-11 at 6.55.20 AM (1).mp4,24,Mild Steel,train,975,16.25,456,316,150,150,306,166,606,466,300,300,343.66,8.95,TRACKED,RETAINED,data/phase2_roi_crops/retained/WhatsApp_Video_2026-08-11_at_6.55.20_AM_(1)/crop_000975.jpg
WhatsApp Video 2026-08-11 at 6.55.20 AM (1).mp4,24,Mild Steel,train,990,16.5,456,316,150,150,306,166,606,466,300,300,349.18,5.85,TRACKED,RETAINED,data/phase2_roi_crops/retained/WhatsApp_Video_2026-08-11_at_6.55.20_AM_(1)/crop_000990.jpg
WhatsApp Video 2026-08-11 at 6.55.20 AM (1).mp4,24,Mild Steel,train,1005,16.75,456,316,150,150,306,166,606,466,300,300,352.0,3.87,TRACKED,RETAINED,data/phase2_roi_crops/retained/WhatsApp_Video_2026-08-11_at_6.55.20_AM_(1)/crop_001005.jpg
WhatsApp Video 2026-08-11 at 6.55.20 AM (1).mp4,24,Mild Steel,train,1020,17.0,456,316,150,150,306,166,606,466,300,300,336.61,4.75,TRACKED,RETAINED,data/phase2_roi_crops/retained/WhatsApp_Video_2026-08-11_at_6.55.20_AM_(1)/crop_001020.jpg
WhatsApp Video 2026-08-11 at 6.55.20 AM (1).mp4,24,Mild Steel,train,1035,17.25,456,316,150,150,306,166,606,466,300,300,341.92,6.21,TRACKED,RETAINED,data/phase2_roi_crops/retained/WhatsApp_Video_2026-08-11_at_6.55.20_AM_(1)/crop_001035.jpg
WhatsApp Video 2026-08-11 at 6.55.20 AM (1).mp4,24,Mild Steel,train,1050,17.5,455,316,150,150,305,166,605,466,300,300,342.54,5.76,TRACKED,RETAINED,data/phase2_roi_crops/retained/WhatsApp_Video_2026-08-11_at_6.55.20_AM_(1)/crop_001050.jpg
WhatsApp Video 2026-08-11 at 6.55.20 AM (1).mp4,24,Mild Steel,train,1065,17.75,454,316,150,150,304,166,604,466,300,300,343.91,5.0,TRACKED,RETAINED,data/phase2_roi_crops/retained/WhatsApp_Video_2026-08-11_at_6.55.20_AM_(1)/crop_001065.jpg
WhatsApp Video 2026-08-11 at 6.55.20 AM (1).mp4,24,Mild Steel,train,1080,18.0,453,316,150,150,303,166,603,466,300,300,317.37,4.92,TRACKED,RETAINED,data/phase2_roi_crops/retained/WhatsApp_Video_2026-08-11_at_6.55.20_AM_(1)/crop_001080.jpg
WhatsApp Video 2026-08-11 at 6.55.20 AM (1).mp4,24,Mild Steel,train,1095,18.25,453,316,150,150,303,166,603,466,300,300,350.56,4.51,TRACKED,RETAINED,data/phase2_roi_crops/retained/WhatsApp_Video_2026-08-11_at_6.55.20_AM_(1)/crop_001095.jpg
WhatsApp Video 2026-08-11 at 6.55.20 AM (1).mp4,24,Mild Steel,train,1110,18.5,452,315,150,150,302,165,602,465,300,300,327.42,5.18,TRACKED,RETAINED,data/phase2_roi_crops/retained/WhatsApp_Video_2026-08-11_at_6.55.20_AM_(1)/crop_001110.jpg
WhatsApp Video 2026-08-11 at 6.55.20 AM (1).mp4,24,Mild Steel,train,1125,18.75,458,317,150,150,308,167,608,467,300,300,349.8,17.62,TRACKED,RETAINED,data/phase2_roi_crops/retained/WhatsApp_Video_2026-08-11_at_6.55.20_AM_(1)/crop_001125.jpg
WhatsApp Video 2026-08-11 at 6.55.20 AM (1).mp4,24,Mild Steel,train,1140,19.0,458,317,150,150,308,167,608,467,300,300,322.04,8.26,TRACKED,RETAINED,data/phase2_roi_crops/retained/WhatsApp_Video_2026-08-11_at_6.55.20_AM_(1)/crop_001140.jpg
WhatsApp Video 2026-08-11 at 6.55.20 AM (1).mp4,24,Mild Steel,train,1155,19.25,459,316,150,150,309,166,609,466,300,300,324.64,5.37,TRACKED,RETAINED,data/phase2_roi_crops/retained/WhatsApp_Video_2026-08-11_at_6.55.20_AM_(1)/crop_001155.jpg
WhatsApp Video 2026-08-11 at 6.55.20 AM (1).mp4,24,Mild Steel,train,1170,19.5,460,315,150,150,310,165,610,465,300,300,399.79,6.6,TRACKED,RETAINED,data/phase2_roi_crops/retained/WhatsApp_Video_2026-08-11_at_6.55.20_AM_(1)/crop_001170.jpg
WhatsApp Video 2026-08-11 at 6.55.20 AM (1).mp4,24,Mild Steel,train,1185,19.75,460,315,150,150,310,165,610,465,300,300,370.73,7.91,TRACKED,RETAINED,data/phase2_roi_crops/retained/WhatsApp_Video_2026-08-11_at_6.55.20_AM_(1)/crop_001185.jpg
WhatsApp Video 2026-08-11 at 6.55.20 AM (1).mp4,24,Mild Steel,train,1200,20.0,460,314,150,150,310,164,610,464,300,300,698.1,6.0,TRACKED,RETAINED,data/phase2_roi_crops/retained/WhatsApp_Video_2026-08-11_at_6.55.20_AM_(1)/crop_001200.jpg
WhatsApp Video 2026-08-11 at 6.55.20 AM (1).mp4,24,Mild Steel,train,1215,20.25,460,314,150,150,310,164,610,464,300,300,379.19,4.94,TRACKED,RETAINED,data/phase2_roi_crops/retained/WhatsApp_Video_2026-08-11_at_6.55.20_AM_(1)/crop_001215.jpg
WhatsApp Video 2026-08-11 at 6.55.20 AM (1).mp4,24,Mild Steel,train,1230,20.5,457,317,150,150,307,167,607,467,300,300,331.69,17.33,TRACKED,RETAINED,data/phase2_roi_crops/retained/WhatsApp_Video_2026-08-11_at_6.55.20_AM_(1)/crop_001230.jpg
WhatsApp Video 2026-08-11 at 6.55.20 AM (1).mp4,24,Mild Steel,train,1245,20.75,456,318,150,150,306,168,606,468,300,300,333.22,5.83,TRACKED,RETAINED,data/phase2_roi_crops/retained/WhatsApp_Video_2026-08-11_at_6.55.20_AM_(1)/crop_001245.jpg
WhatsApp Video 2026-08-11 at 6.55.20 AM (1).mp4,24,Mild Steel,train,1260,21.0,455,317,150,150,305,167,605,467,300,300,385.45,5.76,TRACKED,RETAINED,data/phase2_roi_crops/retained/WhatsApp_Video_2026-08-11_at_6.55.20_AM_(1)/crop_001260.jpg
WhatsApp Video 2026-08-11 at 6.55.20 AM (1).mp4,24,Mild Steel,train,1275,21.25,453,315,150,150,303,165,603,465,300,300,300.75,6.43,TRACKED,RETAINED,data/phase2_roi_crops/retained/WhatsApp_Video_2026-08-11_at_6.55.20_AM_(1)/crop_001275.jpg
WhatsApp Video 2026-08-11 at 6.55.20 AM (1).mp4,24,Mild Steel,train,1290,21.5,453,315,150,150,303,165,603,465,300,300,332.26,6.43,TRACKED,RETAINED,data/phase2_roi_crops/retained/WhatsApp_Video_2026-08-11_at_6.55.20_AM_(1)/crop_001290.jpg
WhatsApp Video 2026-08-11 at 6.55.20 AM (1).mp4,24,Mild Steel,train,1305,21.75,453,315,150,150,303,165,603,465,300,300,316.2,5.01,TRACKED,RETAINED,data/phase2_roi_crops/retained/WhatsApp_Video_2026-08-11_at_6.55.20_AM_(1)/crop_001305.jpg
WhatsApp Video 2026-08-11 at 6.55.20 AM (1).mp4,24,Mild Steel,train,1320,22.0,453,316,150,150,303,166,603,466,300,300,289.14,7.39,TRACKED,RETAINED,data/phase2_roi_crops/retained/WhatsApp_Video_2026-08-11_at_6.55.20_AM_(1)/crop_001320.jpg
WhatsApp Video 2026-08-11 at 6.55.20 AM (1).mp4,24,Mild Steel,train,1335,22.25,453,315,150,150,303,165,603,465,300,300,343.92,5.8,TRACKED,RETAINED,data/phase2_roi_crops/retained/WhatsApp_Video_2026-08-11_at_6.55.20_AM_(1)/crop_001335.jpg
WhatsApp Video 2026-08-11 at 6.55.20 AM (1).mp4,24,Mild Steel,train,1350,22.5,453,316,150,150,303,166,603,466,300,300,309.47,9.28,TRACKED,RETAINED,data/phase2_roi_crops/retained/WhatsApp_Video_2026-08-11_at_6.55.20_AM_(1)/crop_001350.jpg
WhatsApp Video 2026-08-11 at 6.55.20 AM (1).mp4,24,Mild Steel,train,1365,22.75,454,315,150,150,304,165,604,465,300,300,329.91,6.75,TRACKED,RETAINED,data/phase2_roi_crops/retained/WhatsApp_Video_2026-08-11_at_6.55.20_AM_(1)/crop_001365.jpg
WhatsApp Video 2026-08-11 at 6.55.20 AM (1).mp4,24,Mild Steel,train,1380,23.0,454,315,150,150,304,165,604,465,300,300,297.74,6.29,TRACKED,RETAINED,data/phase2_roi_crops/retained/WhatsApp_Video_2026-08-11_at_6.55.20_AM_(1)/crop_001380.jpg
WhatsApp Video 2026-08-11 at 6.55.20 AM (1).mp4,24,Mild Steel,train,1395,23.25,454,314,150,150,304,164,604,464,300,300,310.34,5.19,TRACKED,RETAINED,data/phase2_roi_crops/retained/WhatsApp_Video_2026-08-11_at_6.55.20_AM_(1)/crop_001395.jpg
WhatsApp Video 2026-08-11 at 6.55.20 AM (1).mp4,24,Mild Steel,train,1410,23.5,455,314,150,150,305,164,605,464,300,300,326.0,5.29,TRACKED,RETAINED,data/phase2_roi_crops/retained/WhatsApp_Video_2026-08-11_at_6.55.20_AM_(1)/crop_001410.jpg
WhatsApp Video 2026-08-11 at 6.55.20 AM (1).mp4,24,Mild Steel,train,1425,23.75,453,314,150,150,303,164,603,464,300,300,337.16,7.96,TRACKED,RETAINED,data/phase2_roi_crops/retained/WhatsApp_Video_2026-08-11_at_6.55.20_AM_(1)/crop_001425.jpg
WhatsApp Video 2026-08-11 at 6.55.20 AM (1).mp4,24,Mild Steel,train,1440,24.0,453,312,150,150,303,162,603,462,300,300,322.02,8.85,TRACKED,RETAINED,data/phase2_roi_crops/retained/WhatsApp_Video_2026-08-11_at_6.55.20_AM_(1)/crop_001440.jpg
WhatsApp Video 2026-08-11 at 6.55.20 AM (1).mp4,24,Mild Steel,train,1455,24.25,453,313,150,150,303,163,603,463,300,300,307.74,6.76,TRACKED,RETAINED,data/phase2_roi_crops/retained/WhatsApp_Video_2026-08-11_at_6.55.20_AM_(1)/crop_001455.jpg
WhatsApp Video 2026-08-11 at 6.55.20 AM (1).mp4,24,Mild Steel,train,1470,24.5,453,314,150,150,303,164,603,464,300,300,328.03,6.73,TRACKED,RETAINED,data/phase2_roi_crops/retained/WhatsApp_Video_2026-08-11_at_6.55.20_AM_(1)/crop_001470.jpg
WhatsApp Video 2026-08-11 at 6.55.20 AM (1).mp4,24,Mild Steel,train,1485,24.75,453,314,150,150,303,164,603,464,300,300,315.88,7.75,TRACKED,RETAINED,data/phase2_roi_crops/retained/WhatsApp_Video_2026-08-11_at_6.55.20_AM_(1)/crop_001485.jpg
WhatsApp Video 2026-08-11 at 6.55.20 AM (1).mp4,24,Mild Steel,train,1500,25.0,454,313,150,150,304,163,604,463,300,300,561.25,12.16,TRACKED,RETAINED,data/phase2_roi_crops/retained/WhatsApp_Video_2026-08-11_at_6.55.20_AM_(1)/crop_001500.jpg
WhatsApp Video 2026-08-11 at 6.55.20 AM (1).mp4,24,Mild Steel,train,1515,25.25,448,312,150,150,298,162,598,462,300,300,282.49,22.8,TRACKED,RETAINED,data/phase2_roi_crops/retained/WhatsApp_Video_2026-08-11_at_6.55.20_AM_(1)/crop_001515.jpg
WhatsApp Video 2026-08-11 at 6.55.20 AM (1).mp4,24,Mild Steel,train,1530,25.5,450,312,150,150,300,162,600,462,300,300,308.17,7.51,TRACKED,RETAINED,data/phase2_roi_crops/retained/WhatsApp_Video_2026-08-11_at_6.55.20_AM_(1)/crop_001530.jpg
WhatsApp Video 2026-08-11 at 6.55.20 AM (1).mp4,24,Mild Steel,train,1545,25.75,449,311,150,150,299,161,599,461,300,300,275.81,7.65,TRACKED,RETAINED,data/phase2_roi_crops/retained/WhatsApp_Video_2026-08-11_at_6.55.20_AM_(1)/crop_001545.jpg
WhatsApp Video 2026-08-11 at 6.55.20 AM (1).mp4,24,Mild Steel,train,1560,26.0,449,311,150,150,299,161,599,461,300,300,278.82,9.0,TRACKED,RETAINED,data/phase2_roi_crops/retained/WhatsApp_Video_2026-08-11_at_6.55.20_AM_(1)/crop_001560.jpg
WhatsApp Video 2026-08-11 at 6.55.20 AM (1).mp4,24,Mild Steel,train,1575,26.25,448,310,150,150,298,160,598,460,300,300,251.76,8.62,TRACKED,RETAINED,data/phase2_roi_crops/retained/WhatsApp_Video_2026-08-11_at_6.55.20_AM_(1)/crop_001575.jpg
WhatsApp Video 2026-08-11 at 6.55.20 AM (1).mp4,24,Mild Steel,train,1590,26.5,446,310,150,150,296,160,596,460,300,300,224.58,13.62,TRACKED,RETAINED,data/phase2_roi_crops/retained/WhatsApp_Video_2026-08-11_at_6.55.20_AM_(1)/crop_001590.jpg
WhatsApp Video 2026-08-11 at 6.55.20 AM (1).mp4,24,Mild Steel,train,1605,26.75,445,309,150,150,295,159,595,459,300,300,231.71,10.41,TRACKED,RETAINED,data/phase2_roi_crops/retained/WhatsApp_Video_2026-08-11_at_6.55.20_AM_(1)/crop_001605.jpg
WhatsApp Video 2026-08-11 at 6.55.20 AM (1).mp4,24,Mild Steel,train,1620,27.0,445,310,150,150,295,160,595,460,300,300,235.81,9.98,TRACKED,RETAINED,data/phase2_roi_crops/retained/WhatsApp_Video_2026-08-11_at_6.55.20_AM_(1)/crop_001620.jpg
WhatsApp Video 2026-08-11 at 6.55.20 AM (1).mp4,24,Mild Steel,train,1635,27.25,442,311,150,150,292,161,592,461,300,300,233.63,10.43,TRACKED,RETAINED,data/phase2_roi_crops/retained/WhatsApp_Video_2026-08-11_at_6.55.20_AM_(1)/crop_001635.jpg
WhatsApp Video 2026-08-11 at 6.55.20 AM (1).mp4,24,Mild Steel,train,1650,27.5,442,309,150,150,292,159,592,459,300,300,245.74,13.05,TRACKED,RETAINED,data/phase2_roi_crops/retained/WhatsApp_Video_2026-08-11_at_6.55.20_AM_(1)/crop_001650.jpg
WhatsApp Video 2026-08-11 at 6.55.20 AM (1).mp4,24,Mild Steel,train,1665,27.75,444,309,150,150,294,159,594,459,300,300,246.41,15.08,TRACKED,RETAINED,data/phase2_roi_crops/retained/WhatsApp_Video_2026-08-11_at_6.55.20_AM_(1)/crop_001665.jpg
WhatsApp Video 2026-08-11 at 6.55.20 AM (1).mp4,24,Mild Steel,train,1680,28.0,445,310,150,150,295,160,595,460,300,300,261.18,6.94,TRACKED,RETAINED,data/phase2_roi_crops/retained/WhatsApp_Video_2026-08-11_at_6.55.20_AM_(1)/crop_001680.jpg
WhatsApp Video 2026-08-11 at 6.55.20 AM (1).mp4,24,Mild Steel,train,1695,28.25,446,310,150,150,296,160,596,460,300,300,213.01,9.38,TRACKED,RETAINED,data/phase2_roi_crops/retained/WhatsApp_Video_2026-08-11_at_6.55.20_AM_(1)/crop_001695.jpg
WhatsApp Video 2026-08-11 at 6.55.20 AM (1).mp4,24,Mild Steel,train,1710,28.5,445,310,150,150,295,160,595,460,300,300,216.18,13.9,TRACKED,RETAINED,data/phase2_roi_crops/retained/WhatsApp_Video_2026-08-11_at_6.55.20_AM_(1)/crop_001710.jpg
WhatsApp Video 2026-08-11 at 6.55.20 AM (1).mp4,24,Mild Steel,train,1725,28.75,442,308,150,150,292,158,592,458,300,300,251.59,15.61,TRACKED,RETAINED,data/phase2_roi_crops/retained/WhatsApp_Video_2026-08-11_at_6.55.20_AM_(1)/crop_001725.jpg
WhatsApp Video 2026-08-11 at 6.55.20 AM (1).mp4,24,Mild Steel,train,1740,29.0,442,308,150,150,292,158,592,458,300,300,233.48,6.24,TRACKED,RETAINED,data/phase2_roi_crops/retained/WhatsApp_Video_2026-08-11_at_6.55.20_AM_(1)/crop_001740.jpg
WhatsApp Video 2026-08-11 at 6.55.20 AM (1).mp4,24,Mild Steel,train,1755,29.25,441,307,150,150,291,157,591,457,300,300,240.86,11.63,TRACKED,RETAINED,data/phase2_roi_crops/retained/WhatsApp_Video_2026-08-11_at_6.55.20_AM_(1)/crop_001755.jpg
WhatsApp Video 2026-08-11 at 6.55.20 AM (1).mp4,24,Mild Steel,train,1770,29.5,441,308,150,150,291,158,591,458,300,300,267.7,8.96,TRACKED,RETAINED,data/phase2_roi_crops/retained/WhatsApp_Video_2026-08-11_at_6.55.20_AM_(1)/crop_001770.jpg
WhatsApp Video 2026-08-11 at 6.55.20 AM (1).mp4,24,Mild Steel,train,1785,29.75,441,307,150,150,291,157,591,457,300,300,199.38,17.71,TRACKED,RETAINED,data/phase2_roi_crops/retained/WhatsApp_Video_2026-08-11_at_6.55.20_AM_(1)/crop_001785.jpg
WhatsApp Video 2026-08-11 at 6.55.20 AM (1).mp4,24,Mild Steel,train,1800,30.0,440,307,150,150,290,157,590,457,300,300,443.35,7.34,TRACKED,RETAINED,data/phase2_roi_crops/retained/WhatsApp_Video_2026-08-11_at_6.55.20_AM_(1)/crop_001800.jpg
WhatsApp Video 2026-08-11 at 6.55.20 AM (1).mp4,24,Mild Steel,train,1815,30.25,440,306,150,150,290,156,590,456,300,300,218.66,7.66,TRACKED,RETAINED,data/phase2_roi_crops/retained/WhatsApp_Video_2026-08-11_at_6.55.20_AM_(1)/crop_001815.jpg
WhatsApp Video 2026-08-11 at 6.55.20 AM (1).mp4,24,Mild Steel,train,1830,30.5,439,306,150,150,289,156,589,456,300,300,244.86,6.22,TRACKED,RETAINED,data/phase2_roi_crops/retained/WhatsApp_Video_2026-08-11_at_6.55.20_AM_(1)/crop_001830.jpg
WhatsApp Video 2026-08-11 at 6.55.20 AM (1).mp4,24,Mild Steel,train,1845,30.75,440,306,150,150,290,156,590,456,300,300,212.17,9.05,TRACKED,RETAINED,data/phase2_roi_crops/retained/WhatsApp_Video_2026-08-11_at_6.55.20_AM_(1)/crop_001845.jpg
WhatsApp Video 2026-08-11 at 6.55.20 AM (1).mp4,24,Mild Steel,train,1860,31.0,439,306,150,150,289,156,589,456,300,300,230.07,9.02,TRACKED,RETAINED,data/phase2_roi_crops/retained/WhatsApp_Video_2026-08-11_at_6.55.20_AM_(1)/crop_001860.jpg
WhatsApp Video 2026-08-11 at 6.55.20 AM (1).mp4,24,Mild Steel,train,1875,31.25,439,304,150,150,289,154,589,454,300,300,239.11,4.93,TRACKED,RETAINED,data/phase2_roi_crops/retained/WhatsApp_Video_2026-08-11_at_6.55.20_AM_(1)/crop_001875.jpg
WhatsApp Video 2026-08-11 at 6.55.20 AM (1).mp4,24,Mild Steel,train,1890,31.5,437,302,150,150,287,152,587,452,300,300,202.51,7.3,TRACKED,RETAINED,data/phase2_roi_crops/retained/WhatsApp_Video_2026-08-11_at_6.55.20_AM_(1)/crop_001890.jpg
WhatsApp Video 2026-08-11 at 6.55.20 AM (1).mp4,24,Mild Steel,train,1905,31.75,437,305,150,150,287,155,587,455,300,300,232.04,20.2,TRACKED,RETAINED,data/phase2_roi_crops/retained/WhatsApp_Video_2026-08-11_at_6.55.20_AM_(1)/crop_001905.jpg
WhatsApp Video 2026-08-11 at 6.55.20 AM (1).mp4,24,Mild Steel,train,1920,32.0,441,302,150,150,291,152,591,452,300,300,260.58,15.21,TRACKED,RETAINED,data/phase2_roi_crops/retained/WhatsApp_Video_2026-08-11_at_6.55.20_AM_(1)/crop_001920.jpg
WhatsApp Video 2026-08-11 at 6.55.20 AM (1).mp4,24,Mild Steel,train,1935,32.25,439,301,150,150,289,151,589,451,300,300,216.25,7.77,TRACKED,RETAINED,data/phase2_roi_crops/retained/WhatsApp_Video_2026-08-11_at_6.55.20_AM_(1)/crop_001935.jpg
WhatsApp Video 2026-08-11 at 6.55.20 AM (1).mp4,24,Mild Steel,train,1950,32.5,437,304,150,150,287,154,587,454,300,300,261.11,21.28,TRACKED,RETAINED,data/phase2_roi_crops/retained/WhatsApp_Video_2026-08-11_at_6.55.20_AM_(1)/crop_001950.jpg
WhatsApp Video 2026-08-11 at 6.55.20 AM (1).mp4,24,Mild Steel,train,1965,32.75,434,302,150,150,284,152,584,452,300,300,226.88,9.53,TRACKED,RETAINED,data/phase2_roi_crops/retained/WhatsApp_Video_2026-08-11_at_6.55.20_AM_(1)/crop_001965.jpg
WhatsApp Video 2026-08-11 at 6.55.20 AM (1).mp4,24,Mild Steel,train,1980,33.0,434,304,150,150,284,154,584,454,300,300,237.89,15.51,TRACKED,RETAINED,data/phase2_roi_crops/retained/WhatsApp_Video_2026-08-11_at_6.55.20_AM_(1)/crop_001980.jpg
WhatsApp Video 2026-08-11 at 6.55.20 AM (1).mp4,24,Mild Steel,train,1995,33.25,432,302,150,150,282,152,582,452,300,300,230.37,8.81,TRACKED,RETAINED,data/phase2_roi_crops/retained/WhatsApp_Video_2026-08-11_at_6.55.20_AM_(1)/crop_001995.jpg
WhatsApp Video 2026-08-11 at 6.55.20 AM (1).mp4,24,Mild Steel,train,2010,33.5,432,301,150,150,282,151,582,451,300,300,229.73,6.83,TRACKED,RETAINED,data/phase2_roi_crops/retained/WhatsApp_Video_2026-08-11_at_6.55.20_AM_(1)/crop_002010.jpg
WhatsApp Video 2026-08-11 at 6.55.20 AM (1).mp4,24,Mild Steel,train,2025,33.75,434,303,150,150,284,153,584,453,300,300,244.83,10.23,TRACKED,RETAINED,data/phase2_roi_crops/retained/WhatsApp_Video_2026-08-11_at_6.55.20_AM_(1)/crop_002025.jpg
WhatsApp Video 2026-08-11 at 6.55.20 AM (1).mp4,24,Mild Steel,train,2040,34.0,433,302,150,150,283,152,583,452,300,300,214.02,11.26,TRACKED,RETAINED,data/phase2_roi_crops/retained/WhatsApp_Video_2026-08-11_at_6.55.20_AM_(1)/crop_002040.jpg
WhatsApp Video 2026-08-11 at 6.55.20 AM (1).mp4,24,Mild Steel,train,2055,34.25,433,302,150,150,283,152,583,452,300,300,233.06,7.88,TRACKED,RETAINED,data/phase2_roi_crops/retained/WhatsApp_Video_2026-08-11_at_6.55.20_AM_(1)/crop_002055.jpg
WhatsApp Video 2026-08-11 at 6.55.20 AM (1).mp4,24,Mild Steel,train,2070,34.5,434,304,150,150,284,154,584,454,300,300,229.82,10.45,TRACKED,RETAINED,data/phase2_roi_crops/retained/WhatsApp_Video_2026-08-11_at_6.55.20_AM_(1)/crop_002070.jpg
WhatsApp Video 2026-08-11 at 6.55.20 AM (1).mp4,24,Mild Steel,train,2085,34.75,435,305,150,150,285,155,585,455,300,300,234.11,5.25,TRACKED,RETAINED,data/phase2_roi_crops/retained/WhatsApp_Video_2026-08-11_at_6.55.20_AM_(1)/crop_002085.jpg
WhatsApp Video 2026-08-11 at 6.55.20 AM (1).mp4,24,Mild Steel,train,2100,35.0,435,305,150,150,285,155,585,455,300,300,469.6,6.37,TRACKED,RETAINED,data/phase2_roi_crops/retained/WhatsApp_Video_2026-08-11_at_6.55.20_AM_(1)/crop_002100.jpg
WhatsApp Video 2026-08-11 at 6.55.20 AM (1).mp4,24,Mild Steel,train,2115,35.25,432,302,150,150,282,152,582,452,300,300,242.18,16.44,TRACKED,RETAINED,data/phase2_roi_crops/retained/WhatsApp_Video_2026-08-11_at_6.55.20_AM_(1)/crop_002115.jpg
WhatsApp Video 2026-08-11 at 6.55.20 AM (1).mp4,24,Mild Steel,train,2130,35.5,431,301,150,150,281,151,581,451,300,300,244.26,7.6,TRACKED,RETAINED,data/phase2_roi_crops/retained/WhatsApp_Video_2026-08-11_at_6.55.20_AM_(1)/crop_002130.jpg
WhatsApp Video 2026-08-11 at 6.55.20 AM (1).mp4,24,Mild Steel,train,2145,35.75,431,300,150,150,281,150,581,450,300,300,228.59,10.42,TRACKED,RETAINED,data/phase2_roi_crops/retained/WhatsApp_Video_2026-08-11_at_6.55.20_AM_(1)/crop_002145.jpg
WhatsApp Video 2026-08-11 at 6.55.20 AM (1).mp4,24,Mild Steel,train,2160,36.0,430,302,150,150,280,152,580,452,300,300,227.5,7.48,TRACKED,RETAINED,data/phase2_roi_crops/retained/WhatsApp_Video_2026-08-11_at_6.55.20_AM_(1)/crop_002160.jpg
WhatsApp Video 2026-08-11 at 6.55.20 AM (1).mp4,24,Mild Steel,train,2175,36.25,430,301,150,150,280,151,580,451,300,300,227.89,6.63,TRACKED,RETAINED,data/phase2_roi_crops/retained/WhatsApp_Video_2026-08-11_at_6.55.20_AM_(1)/crop_002175.jpg
WhatsApp Video 2026-08-11 at 6.55.20 AM (1).mp4,24,Mild Steel,train,2190,36.5,430,301,150,150,280,151,580,451,300,300,223.36,6.61,TRACKED,RETAINED,data/phase2_roi_crops/retained/WhatsApp_Video_2026-08-11_at_6.55.20_AM_(1)/crop_002190.jpg
WhatsApp Video 2026-08-11 at 6.55.20 AM (1).mp4,24,Mild Steel,train,2205,36.75,429,301,150,150,279,151,579,451,300,300,239.21,5.25,TRACKED,RETAINED,data/phase2_roi_crops/retained/WhatsApp_Video_2026-08-11_at_6.55.20_AM_(1)/crop_002205.jpg
WhatsApp Video 2026-08-11 at 6.55.20 AM (1).mp4,24,Mild Steel,train,2220,37.0,429,301,150,150,279,151,579,451,300,300,232.33,5.27,TRACKED,RETAINED,data/phase2_roi_crops/retained/WhatsApp_Video_2026-08-11_at_6.55.20_AM_(1)/crop_002220.jpg
WhatsApp Video 2026-08-11 at 6.55.20 AM (1).mp4,24,Mild Steel,train,2235,37.25,428,301,150,150,278,151,578,451,300,300,203.18,7.28,TRACKED,RETAINED,data/phase2_roi_crops/retained/WhatsApp_Video_2026-08-11_at_6.55.20_AM_(1)/crop_002235.jpg
WhatsApp Video 2026-08-11 at 6.55.20 AM (1).mp4,24,Mild Steel,train,2250,37.5,428,300,150,150,278,150,578,450,300,300,232.11,7.9,TRACKED,RETAINED,data/phase2_roi_crops/retained/WhatsApp_Video_2026-08-11_at_6.55.20_AM_(1)/crop_002250.jpg
WhatsApp Video 2026-08-11 at 6.55.20 AM (1).mp4,24,Mild Steel,train,2265,37.75,428,300,150,150,278,150,578,450,300,300,229.77,9.24,TRACKED,RETAINED,data/phase2_roi_crops/retained/WhatsApp_Video_2026-08-11_at_6.55.20_AM_(1)/crop_002265.jpg
WhatsApp Video 2026-08-11 at 6.55.20 AM (1).mp4,24,Mild Steel,train,2280,38.0,426,299,150,150,276,149,576,449,300,300,214.07,5.48,TRACKED,RETAINED,data/phase2_roi_crops/retained/WhatsApp_Video_2026-08-11_at_6.55.20_AM_(1)/crop_002280.jpg
WhatsApp Video 2026-08-11 at 6.55.20 AM (1).mp4,24,Mild Steel,train,2295,38.25,424,298,150,150,274,148,574,448,300,300,186.42,4.0,TRACKED,RETAINED,data/phase2_roi_crops/retained/WhatsApp_Video_2026-08-11_at_6.55.20_AM_(1)/crop_002295.jpg
WhatsApp Video 2026-08-11 at 6.55.20 AM (1).mp4,24,Mild Steel,train,2310,38.5,424,299,150,150,274,149,574,449,300,300,233.03,4.58,TRACKED,RETAINED,data/phase2_roi_crops/retained/WhatsApp_Video_2026-08-11_at_6.55.20_AM_(1)/crop_002310.jpg
WhatsApp Video 2026-08-11 at 6.55.20 AM (1).mp4,24,Mild Steel,train,2325,38.75,424,299,150,150,274,149,574,449,300,300,210.81,5.12,TRACKED,RETAINED,data/phase2_roi_crops/retained/WhatsApp_Video_2026-08-11_at_6.55.20_AM_(1)/crop_002325.jpg
WhatsApp Video 2026-08-11 at 6.55.20 AM (1).mp4,24,Mild Steel,train,2340,39.0,423,299,150,150,273,149,573,449,300,300,203.61,5.88,TRACKED,RETAINED,data/phase2_roi_crops/retained/WhatsApp_Video_2026-08-11_at_6.55.20_AM_(1)/crop_002340.jpg
WhatsApp Video 2026-08-11 at 6.55.20 AM (1).mp4,24,Mild Steel,train,2355,39.25,423,298,150,150,273,148,573,448,300,300,237.61,6.82,TRACKED,RETAINED,data/phase2_roi_crops/retained/WhatsApp_Video_2026-08-11_at_6.55.20_AM_(1)/crop_002355.jpg
WhatsApp Video 2026-08-11 at 6.55.20 AM (1).mp4,24,Mild Steel,train,2370,39.5,422,298,150,150,272,148,572,448,300,300,211.11,5.09,TRACKED,RETAINED,data/phase2_roi_crops/retained/WhatsApp_Video_2026-08-11_at_6.55.20_AM_(1)/crop_002370.jpg
WhatsApp Video 2026-08-11 at 6.55.20 AM (1).mp4,24,Mild Steel,train,2385,39.75,422,298,150,150,272,148,572,448,300,300,248.67,5.23,TRACKED,RETAINED,data/phase2_roi_crops/retained/WhatsApp_Video_2026-08-11_at_6.55.20_AM_(1)/crop_002385.jpg
WhatsApp Video 2026-08-11 at 6.55.20 AM (1).mp4,24,Mild Steel,train,2400,40.0,423,298,150,150,273,148,573,448,300,300,448.38,7.56,TRACKED,RETAINED,data/phase2_roi_crops/retained/WhatsApp_Video_2026-08-11_at_6.55.20_AM_(1)/crop_002400.jpg
WhatsApp Video 2026-08-11 at 6.55.20 AM (1).mp4,24,Mild Steel,train,2415,40.25,423,298,150,150,273,148,573,448,300,300,207.6,6.18,TRACKED,RETAINED,data/phase2_roi_crops/retained/WhatsApp_Video_2026-08-11_at_6.55.20_AM_(1)/crop_002415.jpg
WhatsApp Video 2026-08-11 at 6.55.20 AM (1).mp4,24,Mild Steel,train,2430,40.5,423,298,150,150,273,148,573,448,300,300,204.86,4.18,TRACKED,RETAINED,data/phase2_roi_crops/retained/WhatsApp_Video_2026-08-11_at_6.55.20_AM_(1)/crop_002430.jpg
WhatsApp Video 2026-08-11 at 6.55.20 AM (1).mp4,24,Mild Steel,train,2445,40.75,424,296,150,150,274,146,574,446,300,300,203.35,8.64,TRACKED,RETAINED,data/phase2_roi_crops/retained/WhatsApp_Video_2026-08-11_at_6.55.20_AM_(1)/crop_002445.jpg
WhatsApp Video 2026-08-11 at 6.55.20 AM (1).mp4,24,Mild Steel,train,2460,41.0,423,296,150,150,273,146,573,446,300,300,190.06,5.56,TRACKED,RETAINED,data/phase2_roi_crops/retained/WhatsApp_Video_2026-08-11_at_6.55.20_AM_(1)/crop_002460.jpg
WhatsApp Video 2026-08-11 at 6.55.20 AM (1).mp4,24,Mild Steel,train,2475,41.25,424,297,150,150,274,147,574,447,300,300,188.01,4.53,TRACKED,RETAINED,data/phase2_roi_crops/retained/WhatsApp_Video_2026-08-11_at_6.55.20_AM_(1)/crop_002475.jpg
WhatsApp Video 2026-08-11 at 6.55.20 AM (1).mp4,24,Mild Steel,train,2490,41.5,425,297,150,150,275,147,575,447,300,300,218.1,4.52,TRACKED,RETAINED,data/phase2_roi_crops/retained/WhatsApp_Video_2026-08-11_at_6.55.20_AM_(1)/crop_002490.jpg
WhatsApp Video 2026-08-11 at 6.55.20 AM (1).mp4,24,Mild Steel,train,2505,41.75,425,295,150,150,275,145,575,445,300,300,193.92,7.23,TRACKED,RETAINED,data/phase2_roi_crops/retained/WhatsApp_Video_2026-08-11_at_6.55.20_AM_(1)/crop_002505.jpg
WhatsApp Video 2026-08-11 at 6.55.20 AM (1).mp4,24,Mild Steel,train,2520,42.0,427,296,150,150,277,146,577,446,300,300,199.4,4.54,TRACKED,RETAINED,data/phase2_roi_crops/retained/WhatsApp_Video_2026-08-11_at_6.55.20_AM_(1)/crop_002520.jpg
WhatsApp Video 2026-08-11 at 6.55.20 AM (1).mp4,24,Mild Steel,train,2535,42.25,428,296,150,150,278,146,578,446,300,300,210.87,4.22,TRACKED,RETAINED,data/phase2_roi_crops/retained/WhatsApp_Video_2026-08-11_at_6.55.20_AM_(1)/crop_002535.jpg
WhatsApp Video 2026-08-11 at 6.55.20 AM (1).mp4,24,Mild Steel,train,2550,42.5,428,296,150,150,278,146,578,446,300,300,195.18,5.36,TRACKED,RETAINED,data/phase2_roi_crops/retained/WhatsApp_Video_2026-08-11_at_6.55.20_AM_(1)/crop_002550.jpg
WhatsApp Video 2026-08-11 at 6.55.20 AM (1).mp4,24,Mild Steel,train,2565,42.75,428,296,150,150,278,146,578,446,300,300,198.53,3.77,TRACKED,RETAINED,data/phase2_roi_crops/retained/WhatsApp_Video_2026-08-11_at_6.55.20_AM_(1)/crop_002565.jpg
WhatsApp Video 2026-08-11 at 6.55.20 AM (1).mp4,24,Mild Steel,train,2580,43.0,428,295,150,150,278,145,578,445,300,300,189.28,4.66,TRACKED,RETAINED,data/phase2_roi_crops/retained/WhatsApp_Video_2026-08-11_at_6.55.20_AM_(1)/crop_002580.jpg
WhatsApp Video 2026-08-11 at 6.55.20 AM (1).mp4,24,Mild Steel,train,2595,43.25,428,294,150,150,278,144,578,444,300,300,203.53,4.07,TRACKED,RETAINED,data/phase2_roi_crops/retained/WhatsApp_Video_2026-08-11_at_6.55.20_AM_(1)/crop_002595.jpg
WhatsApp Video 2026-08-11 at 6.55.20 AM (1).mp4,24,Mild Steel,train,2610,43.5,428,295,150,150,278,145,578,445,300,300,198.71,5.99,TRACKED,RETAINED,data/phase2_roi_crops/retained/WhatsApp_Video_2026-08-11_at_6.55.20_AM_(1)/crop_002610.jpg
WhatsApp Video 2026-08-11 at 6.55.20 AM (1).mp4,24,Mild Steel,train,2625,43.75,428,296,150,150,278,146,578,446,300,300,188.47,7.08,TRACKED,RETAINED,data/phase2_roi_crops/retained/WhatsApp_Video_2026-08-11_at_6.55.20_AM_(1)/crop_002625.jpg
WhatsApp Video 2026-08-11 at 6.55.20 AM (1).mp4,24,Mild Steel,train,2640,44.0,428,296,150,150,278,146,578,446,300,300,191.89,5.52,TRACKED,RETAINED,data/phase2_roi_crops/retained/WhatsApp_Video_2026-08-11_at_6.55.20_AM_(1)/crop_002640.jpg
WhatsApp Video 2026-08-11 at 6.55.20 AM (1).mp4,24,Mild Steel,train,2655,44.25,428,295,150,150,278,145,578,445,300,300,189.0,4.93,TRACKED,RETAINED,data/phase2_roi_crops/retained/WhatsApp_Video_2026-08-11_at_6.55.20_AM_(1)/crop_002655.jpg
WhatsApp Video 2026-08-11 at 6.55.20 AM (1).mp4,24,Mild Steel,train,2670,44.5,427,293,150,150,277,143,577,443,300,300,226.28,5.95,TRACKED,RETAINED,data/phase2_roi_crops/retained/WhatsApp_Video_2026-08-11_at_6.55.20_AM_(1)/crop_002670.jpg
WhatsApp Video 2026-08-11 at 6.55.20 AM (1).mp4,24,Mild Steel,train,2685,44.75,425,293,150,150,275,143,575,443,300,300,197.07,7.09,TRACKED,RETAINED,data/phase2_roi_crops/retained/WhatsApp_Video_2026-08-11_at_6.55.20_AM_(1)/crop_002685.jpg
WhatsApp Video 2026-08-11 at 6.55.20 AM (1).mp4,24,Mild Steel,train,2700,45.0,425,293,150,150,275,143,575,443,300,300,412.89,5.47,TRACKED,RETAINED,data/phase2_roi_crops/retained/WhatsApp_Video_2026-08-11_at_6.55.20_AM_(1)/crop_002700.jpg
WhatsApp Video 2026-08-11 at 6.55.20 AM (1).mp4,24,Mild Steel,train,2715,45.25,426,293,150,150,276,143,576,443,300,300,197.63,5.65,TRACKED,RETAINED,data/phase2_roi_crops/retained/WhatsApp_Video_2026-08-11_at_6.55.20_AM_(1)/crop_002715.jpg
WhatsApp Video 2026-08-11 at 6.55.20 AM (1).mp4,24,Mild Steel,train,2730,45.5,426,293,150,150,276,143,576,443,300,300,188.3,4.36,TRACKED,RETAINED,data/phase2_roi_crops/retained/WhatsApp_Video_2026-08-11_at_6.55.20_AM_(1)/crop_002730.jpg
WhatsApp Video 2026-08-11 at 6.55.20 AM (1).mp4,24,Mild Steel,train,2745,45.75,425,293,150,150,275,143,575,443,300,300,193.83,5.04,TRACKED,RETAINED,data/phase2_roi_crops/retained/WhatsApp_Video_2026-08-11_at_6.55.20_AM_(1)/crop_002745.jpg
WhatsApp Video 2026-08-11 at 6.55.20 AM (1).mp4,24,Mild Steel,train,2760,46.0,425,292,150,150,275,142,575,442,300,300,187.38,5.72,TRACKED,RETAINED,data/phase2_roi_crops/retained/WhatsApp_Video_2026-08-11_at_6.55.20_AM_(1)/crop_002760.jpg
WhatsApp Video 2026-08-11 at 6.55.20 AM (1).mp4,24,Mild Steel,train,2775,46.25,424,292,150,150,274,142,574,442,300,300,190.22,4.73,TRACKED,RETAINED,data/phase2_roi_crops/retained/WhatsApp_Video_2026-08-11_at_6.55.20_AM_(1)/crop_002775.jpg
WhatsApp Video 2026-08-11 at 6.55.20 AM (1).mp4,24,Mild Steel,train,2790,46.5,425,293,150,150,275,143,575,443,300,300,185.6,4.29,TRACKED,RETAINED,data/phase2_roi_crops/retained/WhatsApp_Video_2026-08-11_at_6.55.20_AM_(1)/crop_002790.jpg
WhatsApp Video 2026-08-11 at 6.55.20 AM (1).mp4,24,Mild Steel,train,2805,46.75,425,294,150,150,275,144,575,444,300,300,193.89,5.07,TRACKED,RETAINED,data/phase2_roi_crops/retained/WhatsApp_Video_2026-08-11_at_6.55.20_AM_(1)/crop_002805.jpg
WhatsApp Video 2026-08-11 at 6.55.20 AM (1).mp4,24,Mild Steel,train,2820,47.0,424,293,150,150,274,143,574,443,300,300,186.51,4.9,TRACKED,RETAINED,data/phase2_roi_crops/retained/WhatsApp_Video_2026-08-11_at_6.55.20_AM_(1)/crop_002820.jpg
WhatsApp Video 2026-08-11 at 6.55.20 AM (1).mp4,24,Mild Steel,train,2835,47.25,423,292,150,150,273,142,573,442,300,300,191.44,5.19,TRACKED,RETAINED,data/phase2_roi_crops/retained/WhatsApp_Video_2026-08-11_at_6.55.20_AM_(1)/crop_002835.jpg
WhatsApp Video 2026-08-11 at 6.55.20 AM (1).mp4,24,Mild Steel,train,2850,47.5,424,292,150,150,274,142,574,442,300,300,208.47,4.99,TRACKED,RETAINED,data/phase2_roi_crops/retained/WhatsApp_Video_2026-08-11_at_6.55.20_AM_(1)/crop_002850.jpg
WhatsApp Video 2026-08-11 at 6.55.20 AM (1).mp4,24,Mild Steel,train,2865,47.75,423,292,150,150,273,142,573,442,300,300,190.02,5.0,TRACKED,RETAINED,data/phase2_roi_crops/retained/WhatsApp_Video_2026-08-11_at_6.55.20_AM_(1)/crop_002865.jpg
WhatsApp Video 2026-08-11 at 6.55.20 AM (1).mp4,24,Mild Steel,train,2880,48.0,424,293,150,150,274,143,574,443,300,300,187.31,5.79,TRACKED,RETAINED,data/phase2_roi_crops/retained/WhatsApp_Video_2026-08-11_at_6.55.20_AM_(1)/crop_002880.jpg
WhatsApp Video 2026-08-11 at 6.55.20 AM (1).mp4,24,Mild Steel,train,2895,48.25,425,293,150,150,275,143,575,443,300,300,197.35,5.02,TRACKED,RETAINED,data/phase2_roi_crops/retained/WhatsApp_Video_2026-08-11_at_6.55.20_AM_(1)/crop_002895.jpg
WhatsApp Video 2026-08-11 at 6.55.20 AM (1).mp4,24,Mild Steel,train,2910,48.5,425,293,150,150,275,143,575,443,300,300,182.66,4.43,TRACKED,RETAINED,data/phase2_roi_crops/retained/WhatsApp_Video_2026-08-11_at_6.55.20_AM_(1)/crop_002910.jpg
WhatsApp Video 2026-08-11 at 6.55.20 AM (1).mp4,24,Mild Steel,train,2925,48.75,425,293,150,150,275,143,575,443,300,300,185.94,3.93,TRACKED,RETAINED,data/phase2_roi_crops/retained/WhatsApp_Video_2026-08-11_at_6.55.20_AM_(1)/crop_002925.jpg
WhatsApp Video 2026-08-11 at 6.55.20 AM (1).mp4,24,Mild Steel,train,2940,49.0,425,293,150,150,275,143,575,443,300,300,186.14,5.56,TRACKED,RETAINED,data/phase2_roi_crops/retained/WhatsApp_Video_2026-08-11_at_6.55.20_AM_(1)/crop_002940.jpg
WhatsApp Video 2026-08-11 at 6.55.20 AM (1).mp4,24,Mild Steel,train,2955,49.25,425,293,150,150,275,143,575,443,300,300,194.25,4.93,TRACKED,RETAINED,data/phase2_roi_crops/retained/WhatsApp_Video_2026-08-11_at_6.55.20_AM_(1)/crop_002955.jpg
WhatsApp Video 2026-08-11 at 6.55.20 AM (1).mp4,24,Mild Steel,train,2970,49.5,426,292,150,150,276,142,576,442,300,300,190.66,6.22,TRACKED,RETAINED,data/phase2_roi_crops/retained/WhatsApp_Video_2026-08-11_at_6.55.20_AM_(1)/crop_002970.jpg
WhatsApp Video 2026-08-11 at 6.55.20 AM (1).mp4,24,Mild Steel,train,2985,49.75,426,293,150,150,276,143,576,443,300,300,186.77,6.9,TRACKED,RETAINED,data/phase2_roi_crops/retained/WhatsApp_Video_2026-08-11_at_6.55.20_AM_(1)/crop_002985.jpg
WhatsApp Video 2026-08-11 at 6.55.20 AM (1).mp4,24,Mild Steel,train,3000,50.0,425,292,150,150,275,142,575,442,300,300,419.76,7.68,TRACKED,RETAINED,data/phase2_roi_crops/retained/WhatsApp_Video_2026-08-11_at_6.55.20_AM_(1)/crop_003000.jpg
WhatsApp Video 2026-08-11 at 6.55.20 AM (1).mp4,24,Mild Steel,train,3015,50.25,424,291,150,150,274,141,574,441,300,300,201.64,4.69,TRACKED,RETAINED,data/phase2_roi_crops/retained/WhatsApp_Video_2026-08-11_at_6.55.20_AM_(1)/crop_003015.jpg
WhatsApp Video 2026-08-11 at 6.55.20 AM (1).mp4,24,Mild Steel,train,3030,50.5,423,290,150,150,273,140,573,440,300,300,193.85,4.64,TRACKED,RETAINED,data/phase2_roi_crops/retained/WhatsApp_Video_2026-08-11_at_6.55.20_AM_(1)/crop_003030.jpg
WhatsApp Video 2026-08-11 at 6.55.20 AM (1).mp4,24,Mild Steel,train,3045,50.75,423,290,150,150,273,140,573,440,300,300,190.84,4.32,TRACKED,RETAINED,data/phase2_roi_crops/retained/WhatsApp_Video_2026-08-11_at_6.55.20_AM_(1)/crop_003045.jpg
WhatsApp Video 2026-08-11 at 6.55.20 AM (1).mp4,24,Mild Steel,train,3060,51.0,423,290,150,150,273,140,573,440,300,300,200.06,4.77,TRACKED,RETAINED,data/phase2_roi_crops/retained/WhatsApp_Video_2026-08-11_at_6.55.20_AM_(1)/crop_003060.jpg
WhatsApp Video 2026-08-11 at 6.55.20 AM (1).mp4,24,Mild Steel,train,3075,51.25,425,291,150,150,275,141,575,441,300,300,182.57,7.12,TRACKED,RETAINED,data/phase2_roi_crops/retained/WhatsApp_Video_2026-08-11_at_6.55.20_AM_(1)/crop_003075.jpg
WhatsApp Video 2026-08-11 at 6.55.20 AM (1).mp4,24,Mild Steel,train,3090,51.5,424,290,150,150,274,140,574,440,300,300,220.14,6.61,TRACKED,RETAINED,data/phase2_roi_crops/retained/WhatsApp_Video_2026-08-11_at_6.55.20_AM_(1)/crop_003090.jpg
WhatsApp Video 2026-08-11 at 6.55.20 AM (1).mp4,24,Mild Steel,train,3105,51.75,424,290,150,150,274,140,574,440,300,300,191.58,4.64,TRACKED,RETAINED,data/phase2_roi_crops/retained/WhatsApp_Video_2026-08-11_at_6.55.20_AM_(1)/crop_003105.jpg
WhatsApp Video 2026-08-11 at 6.55.20 AM (1).mp4,24,Mild Steel,train,3120,52.0,425,291,150,150,275,141,575,441,300,300,196.2,5.1,TRACKED,RETAINED,data/phase2_roi_crops/retained/WhatsApp_Video_2026-08-11_at_6.55.20_AM_(1)/crop_003120.jpg
WhatsApp Video 2026-08-11 at 6.55.20 AM (1).mp4,24,Mild Steel,train,3135,52.25,425,290,150,150,275,140,575,440,300,300,195.29,6.48,TRACKED,RETAINED,data/phase2_roi_crops/retained/WhatsApp_Video_2026-08-11_at_6.55.20_AM_(1)/crop_003135.jpg
WhatsApp Video 2026-08-11 at 6.55.20 AM (1).mp4,24,Mild Steel,train,3150,52.5,426,290,150,150,276,140,576,440,300,300,199.03,4.56,TRACKED,RETAINED,data/phase2_roi_crops/retained/WhatsApp_Video_2026-08-11_at_6.55.20_AM_(1)/crop_003150.jpg
WhatsApp Video 2026-08-11 at 6.55.20 AM (1).mp4,24,Mild Steel,train,3165,52.75,425,289,150,150,275,139,575,439,300,300,199.02,4.48,TRACKED,RETAINED,data/phase2_roi_crops/retained/WhatsApp_Video_2026-08-11_at_6.55.20_AM_(1)/crop_003165.jpg
WhatsApp Video 2026-08-11 at 6.55.20 AM (1).mp4,24,Mild Steel,train,3180,53.0,426,289,150,150,276,139,576,439,300,300,289.16,6.66,TRACKED,RETAINED,data/phase2_roi_crops/retained/WhatsApp_Video_2026-08-11_at_6.55.20_AM_(1)/crop_003180.jpg
WhatsApp Video 2026-08-11 at 6.55.20 AM (1).mp4,24,Mild Steel,train,3195,53.25,425,289,150,150,275,139,575,439,300,300,209.55,5.75,TRACKED,RETAINED,data/phase2_roi_crops/retained/WhatsApp_Video_2026-08-11_at_6.55.20_AM_(1)/crop_003195.jpg
WhatsApp Video 2026-08-11 at 6.55.20 AM (1).mp4,24,Mild Steel,train,3210,53.5,425,289,150,150,275,139,575,439,300,300,211.71,3.91,TRACKED,RETAINED,data/phase2_roi_crops/retained/WhatsApp_Video_2026-08-11_at_6.55.20_AM_(1)/crop_003210.jpg
WhatsApp Video 2026-08-11 at 6.55.20 AM (1).mp4,24,Mild Steel,train,3225,53.75,424,289,150,150,274,139,574,439,300,300,198.66,5.49,TRACKED,RETAINED,data/phase2_roi_crops/retained/WhatsApp_Video_2026-08-11_at_6.55.20_AM_(1)/crop_003225.jpg
WhatsApp Video 2026-08-11 at 6.55.20 AM (1).mp4,24,Mild Steel,train,3240,54.0,424,288,150,150,274,138,574,438,300,300,186.16,5.85,TRACKED,RETAINED,data/phase2_roi_crops/retained/WhatsApp_Video_2026-08-11_at_6.55.20_AM_(1)/crop_003240.jpg
WhatsApp Video 2026-08-11 at 6.55.20 AM (1).mp4,24,Mild Steel,train,3255,54.25,426,288,150,150,276,138,576,438,300,300,203.59,4.35,TRACKED,RETAINED,data/phase2_roi_crops/retained/WhatsApp_Video_2026-08-11_at_6.55.20_AM_(1)/crop_003255.jpg
WhatsApp Video 2026-08-11 at 6.55.20 AM (1).mp4,24,Mild Steel,train,3270,54.5,427,288,150,150,277,138,577,438,300,300,188.71,7.38,TRACKED,RETAINED,data/phase2_roi_crops/retained/WhatsApp_Video_2026-08-11_at_6.55.20_AM_(1)/crop_003270.jpg
WhatsApp Video 2026-08-11 at 6.55.20 AM (1).mp4,24,Mild Steel,train,3285,54.75,429,288,150,150,279,138,579,438,300,300,181.67,4.58,TRACKED,RETAINED,data/phase2_roi_crops/retained/WhatsApp_Video_2026-08-11_at_6.55.20_AM_(1)/crop_003285.jpg
WhatsApp Video 2026-08-11 at 6.55.20 AM (1).mp4,24,Mild Steel,train,3300,55.0,427,287,150,150,277,137,577,437,300,300,396.39,12.9,TRACKED,RETAINED,data/phase2_roi_crops/retained/WhatsApp_Video_2026-08-11_at_6.55.20_AM_(1)/crop_003300.jpg
WhatsApp Video 2026-08-11 at 6.55.20 AM (1).mp4,24,Mild Steel,train,3315,55.25,428,291,150,150,278,141,578,441,300,300,207.36,13.34,TRACKED,RETAINED,data/phase2_roi_crops/retained/WhatsApp_Video_2026-08-11_at_6.55.20_AM_(1)/crop_003315.jpg
WhatsApp Video 2026-08-11 at 6.55.20 AM (1).mp4,24,Mild Steel,train,3330,55.5,424,285,150,150,274,135,574,435,300,300,195.65,19.93,TRACKED,RETAINED,data/phase2_roi_crops/retained/WhatsApp_Video_2026-08-11_at_6.55.20_AM_(1)/crop_003330.jpg
WhatsApp Video 2026-08-11 at 6.55.20 AM (1).mp4,24,Mild Steel,train,3345,55.75,425,287,150,150,275,137,575,437,300,300,206.36,10.8,TRACKED,RETAINED,data/phase2_roi_crops/retained/WhatsApp_Video_2026-08-11_at_6.55.20_AM_(1)/crop_003345.jpg
WhatsApp Video 2026-08-11 at 6.55.20 AM (1).mp4,24,Mild Steel,train,3360,56.0,424,287,150,150,274,137,574,437,300,300,211.19,4.02,TRACKED,RETAINED,data/phase2_roi_crops/retained/WhatsApp_Video_2026-08-11_at_6.55.20_AM_(1)/crop_003360.jpg
WhatsApp Video 2026-08-11 at 6.55.20 AM (1).mp4,24,Mild Steel,train,3375,56.25,424,287,150,150,274,137,574,437,300,300,211.77,5.49,TRACKED,RETAINED,data/phase2_roi_crops/retained/WhatsApp_Video_2026-08-11_at_6.55.20_AM_(1)/crop_003375.jpg
WhatsApp Video 2026-08-11 at 6.55.20 AM (1).mp4,24,Mild Steel,train,3390,56.5,424,286,150,150,274,136,574,436,300,300,182.08,10.71,TRACKED,RETAINED,data/phase2_roi_crops/retained/WhatsApp_Video_2026-08-11_at_6.55.20_AM_(1)/crop_003390.jpg
WhatsApp Video 2026-08-11 at 6.55.20 AM (1).mp4,24,Mild Steel,train,3405,56.75,424,286,150,150,274,136,574,436,300,300,183.06,7.51,TRACKED,RETAINED,data/phase2_roi_crops/retained/WhatsApp_Video_2026-08-11_at_6.55.20_AM_(1)/crop_003405.jpg
WhatsApp Video 2026-08-11 at 6.55.20 AM (1).mp4,24,Mild Steel,train,3420,57.0,423,285,150,150,273,135,573,435,300,300,194.06,5.18,TRACKED,RETAINED,data/phase2_roi_crops/retained/WhatsApp_Video_2026-08-11_at_6.55.20_AM_(1)/crop_003420.jpg
WhatsApp Video 2026-08-11 at 6.55.20 AM (1).mp4,24,Mild Steel,train,3435,57.25,423,286,150,150,273,136,573,436,300,300,190.29,5.44,TRACKED,RETAINED,data/phase2_roi_crops/retained/WhatsApp_Video_2026-08-11_at_6.55.20_AM_(1)/crop_003435.jpg
WhatsApp Video 2026-08-11 at 6.55.20 AM (1).mp4,24,Mild Steel,train,3450,57.5,423,287,150,150,273,137,573,437,300,300,175.75,4.36,TRACKED,RETAINED,data/phase2_roi_crops/retained/WhatsApp_Video_2026-08-11_at_6.55.20_AM_(1)/crop_003450.jpg
WhatsApp Video 2026-08-11 at 6.55.20 AM (1).mp4,24,Mild Steel,train,3465,57.75,422,285,150,150,272,135,572,435,300,300,191.03,4.89,TRACKED,RETAINED,data/phase2_roi_crops/retained/WhatsApp_Video_2026-08-11_at_6.55.20_AM_(1)/crop_003465.jpg
WhatsApp Video 2026-08-11 at 6.55.20 AM (1).mp4,24,Mild Steel,train,3480,58.0,421,285,150,150,271,135,571,435,300,300,183.91,4.83,TRACKED,RETAINED,data/phase2_roi_crops/retained/WhatsApp_Video_2026-08-11_at_6.55.20_AM_(1)/crop_003480.jpg
WhatsApp Video 2026-08-11 at 6.55.20 AM (1).mp4,24,Mild Steel,train,3495,58.25,424,284,150,150,274,134,574,434,300,300,182.86,12.84,TRACKED,RETAINED,data/phase2_roi_crops/retained/WhatsApp_Video_2026-08-11_at_6.55.20_AM_(1)/crop_003495.jpg
WhatsApp Video 2026-08-11 at 6.55.20 AM (1).mp4,24,Mild Steel,train,3510,58.5,424,284,150,150,274,134,574,434,300,300,177.57,4.28,TRACKED,RETAINED,data/phase2_roi_crops/retained/WhatsApp_Video_2026-08-11_at_6.55.20_AM_(1)/crop_003510.jpg
WhatsApp Video 2026-08-11 at 6.55.20 AM (1).mp4,24,Mild Steel,train,3525,58.75,423,284,150,150,273,134,573,434,300,300,186.0,6.27,TRACKED,RETAINED,data/phase2_roi_crops/retained/WhatsApp_Video_2026-08-11_at_6.55.20_AM_(1)/crop_003525.jpg
WhatsApp Video 2026-08-11 at 6.55.20 AM (1).mp4,24,Mild Steel,train,3540,59.0,425,283,150,150,275,133,575,433,300,300,201.81,11.97,TRACKED,RETAINED,data/phase2_roi_crops/retained/WhatsApp_Video_2026-08-11_at_6.55.20_AM_(1)/crop_003540.jpg
WhatsApp Video 2026-08-11 at 6.55.20 AM (1).mp4,24,Mild Steel,train,3555,59.25,424,283,150,150,274,133,574,433,300,300,187.16,6.33,TRACKED,RETAINED,data/phase2_roi_crops/retained/WhatsApp_Video_2026-08-11_at_6.55.20_AM_(1)/crop_003555.jpg
WhatsApp Video 2026-08-11 at 6.55.20 AM (1).mp4,24,Mild Steel,train,3570,59.5,425,283,150,150,275,133,575,433,300,300,187.5,4.94,TRACKED,RETAINED,data/phase2_roi_crops/retained/WhatsApp_Video_2026-08-11_at_6.55.20_AM_(1)/crop_003570.jpg
WhatsApp Video 2026-08-11 at 6.55.20 AM (1).mp4,24,Mild Steel,train,3585,59.75,426,283,150,150,276,133,576,433,300,300,194.71,5.04,TRACKED,RETAINED,data/phase2_roi_crops/retained/WhatsApp_Video_2026-08-11_at_6.55.20_AM_(1)/crop_003585.jpg
WhatsApp Video 2026-08-11 at 6.55.20 AM (1).mp4,24,Mild Steel,train,3600,60.0,427,283,150,150,277,133,577,433,300,300,390.75,7.11,TRACKED,RETAINED,data/phase2_roi_crops/retained/WhatsApp_Video_2026-08-11_at_6.55.20_AM_(1)/crop_003600.jpg
WhatsApp Video 2026-08-11 at 6.55.20 AM (1).mp4,24,Mild Steel,train,3615,60.25,427,283,150,150,277,133,577,433,300,300,212.8,6.9,TRACKED,RETAINED,data/phase2_roi_crops/retained/WhatsApp_Video_2026-08-11_at_6.55.20_AM_(1)/crop_003615.jpg
WhatsApp Video 2026-08-11 at 6.55.20 AM (1).mp4,24,Mild Steel,train,3630,60.5,428,284,150,150,278,134,578,434,300,300,185.88,4.64,TRACKED,RETAINED,data/phase2_roi_crops/retained/WhatsApp_Video_2026-08-11_at_6.55.20_AM_(1)/crop_003630.jpg
WhatsApp Video 2026-08-11 at 6.55.20 AM (1).mp4,24,Mild Steel,train,3645,60.75,428,284,150,150,278,134,578,434,300,300,189.07,3.74,TRACKED,RETAINED,data/phase2_roi_crops/retained/WhatsApp_Video_2026-08-11_at_6.55.20_AM_(1)/crop_003645.jpg
WhatsApp Video 2026-08-11 at 6.55.20 AM (1).mp4,24,Mild Steel,train,3660,61.0,425,286,150,150,275,136,575,436,300,300,181.3,10.52,TRACKED,RETAINED,data/phase2_roi_crops/retained/WhatsApp_Video_2026-08-11_at_6.55.20_AM_(1)/crop_003660.jpg
WhatsApp Video 2026-08-11 at 6.55.20 AM (1).mp4,24,Mild Steel,train,3675,61.25,425,287,150,150,275,137,575,437,300,300,177.87,4.73,TRACKED,RETAINED,data/phase2_roi_crops/retained/WhatsApp_Video_2026-08-11_at_6.55.20_AM_(1)/crop_003675.jpg
WhatsApp Video 2026-08-11 at 6.55.20 AM (1).mp4,24,Mild Steel,train,3690,61.5,425,286,150,150,275,136,575,436,300,300,214.01,6.65,TRACKED,RETAINED,data/phase2_roi_crops/retained/WhatsApp_Video_2026-08-11_at_6.55.20_AM_(1)/crop_003690.jpg
WhatsApp Video 2026-08-11 at 6.55.20 AM (1).mp4,24,Mild Steel,train,3705,61.75,424,286,150,150,274,136,574,436,300,300,203.41,4.99,TRACKED,RETAINED,data/phase2_roi_crops/retained/WhatsApp_Video_2026-08-11_at_6.55.20_AM_(1)/crop_003705.jpg
WhatsApp Video 2026-08-11 at 6.55.20 AM (1).mp4,24,Mild Steel,train,3720,62.0,422,285,150,150,272,135,572,435,300,300,181.94,5.19,TRACKED,RETAINED,data/phase2_roi_crops/retained/WhatsApp_Video_2026-08-11_at_6.55.20_AM_(1)/crop_003720.jpg
WhatsApp Video 2026-08-11 at 6.55.20 AM (1).mp4,24,Mild Steel,train,3735,62.25,422,285,150,150,272,135,572,435,300,300,185.1,4.55,TRACKED,RETAINED,data/phase2_roi_crops/retained/WhatsApp_Video_2026-08-11_at_6.55.20_AM_(1)/crop_003735.jpg
WhatsApp Video 2026-08-11 at 6.55.20 AM (1).mp4,24,Mild Steel,train,3750,62.5,422,285,150,150,272,135,572,435,300,300,183.95,4.31,TRACKED,RETAINED,data/phase2_roi_crops/retained/WhatsApp_Video_2026-08-11_at_6.55.20_AM_(1)/crop_003750.jpg
WhatsApp Video 2026-08-11 at 6.55.20 AM (1).mp4,24,Mild Steel,train,3765,62.75,421,285,150,150,271,135,571,435,300,300,196.97,4.14,TRACKED,RETAINED,data/phase2_roi_crops/retained/WhatsApp_Video_2026-08-11_at_6.55.20_AM_(1)/crop_003765.jpg
WhatsApp Video 2026-08-11 at 6.55.20 AM (1).mp4,24,Mild Steel,train,3780,63.0,420,284,150,150,270,134,570,434,300,300,187.31,6.0,TRACKED,RETAINED,data/phase2_roi_crops/retained/WhatsApp_Video_2026-08-11_at_6.55.20_AM_(1)/crop_003780.jpg
WhatsApp Video 2026-08-11 at 6.55.20 AM (1).mp4,24,Mild Steel,train,3795,63.25,419,283,150,150,269,133,569,433,300,300,180.41,4.93,TRACKED,RETAINED,data/phase2_roi_crops/retained/WhatsApp_Video_2026-08-11_at_6.55.20_AM_(1)/crop_003795.jpg
WhatsApp Video 2026-08-11 at 6.55.20 AM (1).mp4,24,Mild Steel,train,3810,63.5,417,283,150,150,267,133,567,433,300,300,192.33,7.69,TRACKED,RETAINED,data/phase2_roi_crops/retained/WhatsApp_Video_2026-08-11_at_6.55.20_AM_(1)/crop_003810.jpg
WhatsApp Video 2026-08-11 at 6.55.20 AM (1).mp4,24,Mild Steel,train,3825,63.75,416,281,150,150,266,131,566,431,300,300,180.72,8.51,TRACKED,RETAINED,data/phase2_roi_crops/retained/WhatsApp_Video_2026-08-11_at_6.55.20_AM_(1)/crop_003825.jpg
WhatsApp Video 2026-08-11 at 6.55.20 AM (1).mp4,24,Mild Steel,train,3840,64.0,415,282,150,150,265,132,565,432,300,300,203.84,7.44,TRACKED,RETAINED,data/phase2_roi_crops/retained/WhatsApp_Video_2026-08-11_at_6.55.20_AM_(1)/crop_003840.jpg
WhatsApp Video 2026-08-11 at 6.55.20 AM (1).mp4,24,Mild Steel,train,3855,64.25,414,281,150,150,264,131,564,431,300,300,213.22,6.47,TRACKED,RETAINED,data/phase2_roi_crops/retained/WhatsApp_Video_2026-08-11_at_6.55.20_AM_(1)/crop_003855.jpg
WhatsApp Video 2026-08-11 at 6.55.20 AM (1).mp4,24,Mild Steel,train,3870,64.5,413,280,150,150,263,130,563,430,300,300,223.53,6.8,TRACKED,RETAINED,data/phase2_roi_crops/retained/WhatsApp_Video_2026-08-11_at_6.55.20_AM_(1)/crop_003870.jpg
WhatsApp Video 2026-08-11 at 6.55.20 AM (1).mp4,24,Mild Steel,train,3885,64.75,412,280,150,150,262,130,562,430,300,300,234.41,6.14,TRACKED,RETAINED,data/phase2_roi_crops/retained/WhatsApp_Video_2026-08-11_at_6.55.20_AM_(1)/crop_003885.jpg
WhatsApp Video 2026-08-11 at 6.55.20 AM (1).mp4,24,Mild Steel,train,3900,65.0,407,276,150,150,257,126,557,426,300,300,375.08,19.64,TRACKED,RETAINED,data/phase2_roi_crops/retained/WhatsApp_Video_2026-08-11_at_6.55.20_AM_(1)/crop_003900.jpg
WhatsApp Video 2026-08-11 at 6.55.20 AM (1).mp4,24,Mild Steel,train,3915,65.25,404,279,150,150,254,129,554,429,300,300,208.7,18.01,TRACKED,RETAINED,data/phase2_roi_crops/retained/WhatsApp_Video_2026-08-11_at_6.55.20_AM_(1)/crop_003915.jpg
WhatsApp Video 2026-08-11 at 6.55.20 AM (1).mp4,24,Mild Steel,train,3930,65.5,402,276,150,150,252,126,552,426,300,300,183.21,20.65,TRACKED,RETAINED,data/phase2_roi_crops/retained/WhatsApp_Video_2026-08-11_at_6.55.20_AM_(1)/crop_003930.jpg
WhatsApp Video 2026-08-11 at 6.55.20 AM (1).mp4,24,Mild Steel,train,3945,65.75,404,278,150,150,254,128,554,428,300,300,271.01,19.73,TRACKED,RETAINED,data/phase2_roi_crops/retained/WhatsApp_Video_2026-08-11_at_6.55.20_AM_(1)/crop_003945.jpg
WhatsApp Video 2026-08-11 at 6.55.20 AM (1).mp4,24,Mild Steel,train,3960,66.0,404,277,150,150,254,127,554,427,300,300,282.14,20.12,TRACKED,RETAINED,data/phase2_roi_crops/retained/WhatsApp_Video_2026-08-11_at_6.55.20_AM_(1)/crop_003960.jpg
WhatsApp Video 2026-08-11 at 6.55.20 AM (1).mp4,24,Mild Steel,train,3975,66.25,405,277,150,150,255,127,555,427,300,300,223.75,16.21,TRACKED,RETAINED,data/phase2_roi_crops/retained/WhatsApp_Video_2026-08-11_at_6.55.20_AM_(1)/crop_003975.jpg
WhatsApp Video 2026-08-11 at 6.55.20 AM (1).mp4,24,Mild Steel,train,3990,66.5,404,275,150,150,254,125,554,425,300,300,271.6,12.79,TRACKED,RETAINED,data/phase2_roi_crops/retained/WhatsApp_Video_2026-08-11_at_6.55.20_AM_(1)/crop_003990.jpg
WhatsApp Video 2026-08-11 at 6.55.20 AM (1).mp4,24,Mild Steel,train,4005,66.75,401,273,150,150,251,123,551,423,300,300,220.45,15.79,TRACKED,RETAINED,data/phase2_roi_crops/retained/WhatsApp_Video_2026-08-11_at_6.55.20_AM_(1)/crop_004005.jpg
WhatsApp Video 2026-08-11 at 6.55.20 AM (1).mp4,24,Mild Steel,train,4020,67.0,399,272,150,150,249,122,549,422,300,300,184.2,25.89,TRACKED,RETAINED,data/phase2_roi_crops/retained/WhatsApp_Video_2026-08-11_at_6.55.20_AM_(1)/crop_004020.jpg
WhatsApp Video 2026-08-11 at 6.55.20 AM (1).mp4,24,Mild Steel,train,4035,67.25,397,267,150,150,247,117,547,417,300,300,229.78,15.39,TRACKED,RETAINED,data/phase2_roi_crops/retained/WhatsApp_Video_2026-08-11_at_6.55.20_AM_(1)/crop_004035.jpg
WhatsApp Video 2026-08-11 at 6.55.20 AM (1).mp4,24,Mild Steel,train,4050,67.5,397,271,150,150,247,121,547,421,300,300,192.88,26.51,TRACKED,RETAINED,data/phase2_roi_crops/retained/WhatsApp_Video_2026-08-11_at_6.55.20_AM_(1)/crop_004050.jpg
WhatsApp Video 2026-08-11 at 6.55.20 AM (1).mp4,24,Mild Steel,train,4065,67.75,395,269,150,150,245,119,545,419,300,300,201.24,8.73,TRACKED,RETAINED,data/phase2_roi_crops/retained/WhatsApp_Video_2026-08-11_at_6.55.20_AM_(1)/crop_004065.jpg
WhatsApp Video 2026-08-11 at 6.55.20 AM (1).mp4,24,Mild Steel,train,4080,68.0,396,270,150,150,246,120,546,420,300,300,213.94,13.0,TRACKED,RETAINED,data/phase2_roi_crops/retained/WhatsApp_Video_2026-08-11_at_6.55.20_AM_(1)/crop_004080.jpg
WhatsApp Video 2026-08-11 at 6.55.20 AM (1).mp4,24,Mild Steel,train,4095,68.25,397,272,150,150,247,122,547,422,300,300,189.84,20.26,TRACKED,RETAINED,data/phase2_roi_crops/retained/WhatsApp_Video_2026-08-11_at_6.55.20_AM_(1)/crop_004095.jpg
WhatsApp Video 2026-08-11 at 6.55.20 AM (1).mp4,24,Mild Steel,train,4110,68.5,395,269,150,150,245,119,545,419,300,300,248.25,23.6,TRACKED,RETAINED,data/phase2_roi_crops/retained/WhatsApp_Video_2026-08-11_at_6.55.20_AM_(1)/crop_004110.jpg
WhatsApp Video 2026-08-11 at 6.55.20 AM (1).mp4,24,Mild Steel,train,4125,68.75,395,268,150,150,245,118,545,418,300,300,235.09,18.14,TRACKED,RETAINED,data/phase2_roi_crops/retained/WhatsApp_Video_2026-08-11_at_6.55.20_AM_(1)/crop_004125.jpg
WhatsApp Video 2026-08-11 at 6.55.20 AM (1).mp4,24,Mild Steel,train,4140,69.0,391,268,150,150,241,118,541,418,300,300,228.37,22.12,TRACKED,RETAINED,data/phase2_roi_crops/retained/WhatsApp_Video_2026-08-11_at_6.55.20_AM_(1)/crop_004140.jpg
WhatsApp Video 2026-08-11 at 6.55.20 AM (1).mp4,24,Mild Steel,train,4155,69.25,392,262,150,150,242,112,542,412,300,300,217.05,10.85,TRACKED,RETAINED,data/phase2_roi_crops/retained/WhatsApp_Video_2026-08-11_at_6.55.20_AM_(1)/crop_004155.jpg
WhatsApp Video 2026-08-11 at 6.55.20 AM (1).mp4,24,Mild Steel,train,4170,69.5,389,262,150,150,239,112,539,412,300,300,192.22,27.64,TRACKED,RETAINED,data/phase2_roi_crops/retained/WhatsApp_Video_2026-08-11_at_6.55.20_AM_(1)/crop_004170.jpg
WhatsApp Video 2026-08-11 at 6.55.20 AM (1).mp4,24,Mild Steel,train,4185,69.75,388,268,150,150,238,118,538,418,300,300,201.59,24.29,TRACKED,RETAINED,data/phase2_roi_crops/retained/WhatsApp_Video_2026-08-11_at_6.55.20_AM_(1)/crop_004185.jpg
WhatsApp Video 2026-08-11 at 6.55.20 AM (1).mp4,24,Mild Steel,train,4200,70.0,389,266,150,150,239,116,539,416,300,300,360.65,12.18,TRACKED,RETAINED,data/phase2_roi_crops/retained/WhatsApp_Video_2026-08-11_at_6.55.20_AM_(1)/crop_004200.jpg
WhatsApp Video 2026-08-11 at 6.55.20 AM (1).mp4,24,Mild Steel,train,4215,70.25,387,263,150,150,237,113,537,413,300,300,215.76,11.49,TRACKED,RETAINED,data/phase2_roi_crops/retained/WhatsApp_Video_2026-08-11_at_6.55.20_AM_(1)/crop_004215.jpg
WhatsApp Video 2026-08-11 at 6.55.20 AM (1).mp4,24,Mild Steel,train,4230,70.5,386,264,150,150,236,114,536,414,300,300,208.48,13.82,TRACKED,RETAINED,data/phase2_roi_crops/retained/WhatsApp_Video_2026-08-11_at_6.55.20_AM_(1)/crop_004230.jpg
WhatsApp Video 2026-08-11 at 6.55.20 AM (1).mp4,24,Mild Steel,train,4245,70.75,384,264,150,150,234,114,534,414,300,300,210.32,8.68,TRACKED,RETAINED,data/phase2_roi_crops/retained/WhatsApp_Video_2026-08-11_at_6.55.20_AM_(1)/crop_004245.jpg
WhatsApp Video 2026-08-11 at 6.55.20 AM (1).mp4,24,Mild Steel,train,4260,71.0,384,263,150,150,234,113,534,413,300,300,192.44,8.04,TRACKED,RETAINED,data/phase2_roi_crops/retained/WhatsApp_Video_2026-08-11_at_6.55.20_AM_(1)/crop_004260.jpg
WhatsApp Video 2026-08-11 at 6.55.20 AM (1).mp4,24,Mild Steel,train,4275,71.25,384,263,150,150,234,113,534,413,300,300,169.99,5.49,TRACKED,RETAINED,data/phase2_roi_crops/retained/WhatsApp_Video_2026-08-11_at_6.55.20_AM_(1)/crop_004275.jpg
WhatsApp Video 2026-08-11 at 6.55.20 AM (1).mp4,24,Mild Steel,train,4290,71.5,383,262,150,150,233,112,533,412,300,300,256.08,9.41,TRACKED,RETAINED,data/phase2_roi_crops/retained/WhatsApp_Video_2026-08-11_at_6.55.20_AM_(1)/crop_004290.jpg
WhatsApp Video 2026-08-11 at 6.55.20 AM (1).mp4,24,Mild Steel,train,4305,71.75,381,261,150,150,231,111,531,411,300,300,229.66,9.54,TRACKED,RETAINED,data/phase2_roi_crops/retained/WhatsApp_Video_2026-08-11_at_6.55.20_AM_(1)/crop_004305.jpg
WhatsApp Video 2026-08-11 at 6.55.20 AM (1).mp4,24,Mild Steel,train,4320,72.0,380,261,150,150,230,111,530,411,300,300,211.09,5.8,TRACKED,RETAINED,data/phase2_roi_crops/retained/WhatsApp_Video_2026-08-11_at_6.55.20_AM_(1)/crop_004320.jpg
WhatsApp Video 2026-08-11 at 6.55.20 AM (1).mp4,24,Mild Steel,train,4335,72.25,380,261,150,150,230,111,530,411,300,300,210.91,8.43,TRACKED,RETAINED,data/phase2_roi_crops/retained/WhatsApp_Video_2026-08-11_at_6.55.20_AM_(1)/crop_004335.jpg
WhatsApp Video 2026-08-11 at 6.55.20 AM (1).mp4,24,Mild Steel,train,4350,72.5,378,262,150,150,228,112,528,412,300,300,198.45,7.56,TRACKED,RETAINED,data/phase2_roi_crops/retained/WhatsApp_Video_2026-08-11_at_6.55.20_AM_(1)/crop_004350.jpg
WhatsApp Video 2026-08-11 at 6.55.20 AM (1).mp4,24,Mild Steel,train,4365,72.75,375,261,150,150,225,111,525,411,300,300,230.29,9.75,TRACKED,RETAINED,data/phase2_roi_crops/retained/WhatsApp_Video_2026-08-11_at_6.55.20_AM_(1)/crop_004365.jpg
WhatsApp Video 2026-08-11 at 6.55.20 AM (1).mp4,24,Mild Steel,train,4380,73.0,374,260,150,150,224,110,524,410,300,300,211.11,19.84,TRACKED,RETAINED,data/phase2_roi_crops/retained/WhatsApp_Video_2026-08-11_at_6.55.20_AM_(1)/crop_004380.jpg
WhatsApp Video 2026-08-11 at 6.55.20 AM (1).mp4,24,Mild Steel,train,4395,73.25,369,260,150,150,219,110,519,410,300,300,209.94,23.54,TRACKED,RETAINED,data/phase2_roi_crops/retained/WhatsApp_Video_2026-08-11_at_6.55.20_AM_(1)/crop_004395.jpg
WhatsApp Video 2026-08-11 at 6.55.20 AM (1).mp4,24,Mild Steel,train,4410,73.5,371,259,150,150,221,109,521,409,300,300,236.53,35.51,TRACKED,RETAINED,data/phase2_roi_crops/retained/WhatsApp_Video_2026-08-11_at_6.55.20_AM_(1)/crop_004410.jpg
WhatsApp Video 2026-08-11 at 6.55.20 AM (1).mp4,24,Mild Steel,train,4425,73.75,368,258,150,150,218,108,518,408,300,300,265.61,33.43,TRACKED,RETAINED,data/phase2_roi_crops/retained/WhatsApp_Video_2026-08-11_at_6.55.20_AM_(1)/crop_004425.jpg
WhatsApp Video 2026-08-11 at 6.55.20 AM (1).mp4,24,Mild Steel,train,4440,74.0,367,259,150,150,217,109,517,409,300,300,281.26,25.44,TRACKED,RETAINED,data/phase2_roi_crops/retained/WhatsApp_Video_2026-08-11_at_6.55.20_AM_(1)/crop_004440.jpg
WhatsApp Video 2026-08-11 at 6.55.20 AM (1).mp4,24,Mild Steel,train,4455,74.25,365,255,150,150,215,105,515,405,300,300,274.62,11.56,TRACKED,RETAINED,data/phase2_roi_crops/retained/WhatsApp_Video_2026-08-11_at_6.55.20_AM_(1)/crop_004455.jpg
WhatsApp Video 2026-08-11 at 6.55.20 AM (1).mp4,24,Mild Steel,train,4470,74.5,363,252,150,150,213,102,513,402,300,300,228.51,13.66,TRACKED,RETAINED,data/phase2_roi_crops/retained/WhatsApp_Video_2026-08-11_at_6.55.20_AM_(1)/crop_004470.jpg
WhatsApp Video 2026-08-11 at 6.55.20 AM (1).mp4,24,Mild Steel,train,4485,74.75,361,252,150,150,211,102,511,402,300,300,264.84,17.24,TRACKED,RETAINED,data/phase2_roi_crops/retained/WhatsApp_Video_2026-08-11_at_6.55.20_AM_(1)/crop_004485.jpg
WhatsApp Video 2026-08-11 at 6.55.20 AM (1).mp4,24,Mild Steel,train,4500,75.0,361,249,150,150,211,99,511,399,300,300,511.86,16.38,TRACKED,RETAINED,data/phase2_roi_crops/retained/WhatsApp_Video_2026-08-11_at_6.55.20_AM_(1)/crop_004500.jpg
WhatsApp Video 2026-08-11 at 6.55.20 AM (1).mp4,24,Mild Steel,train,4515,75.25,366,249,150,150,216,99,516,399,300,300,252.94,33.18,TRACKED,RETAINED,data/phase2_roi_crops/retained/WhatsApp_Video_2026-08-11_at_6.55.20_AM_(1)/crop_004515.jpg
WhatsApp Video 2026-08-11 at 6.55.20 AM (1).mp4,24,Mild Steel,train,4530,75.5,365,251,150,150,215,101,515,401,300,300,274.82,32.72,TRACKED,RETAINED,data/phase2_roi_crops/retained/WhatsApp_Video_2026-08-11_at_6.55.20_AM_(1)/crop_004530.jpg
WhatsApp Video 2026-08-11 at 6.55.20 AM (1).mp4,24,Mild Steel,train,4545,75.75,363,247,150,150,213,97,513,397,300,300,290.34,10.81,TRACKED,RETAINED,data/phase2_roi_crops/retained/WhatsApp_Video_2026-08-11_at_6.55.20_AM_(1)/crop_004545.jpg
WhatsApp Video 2026-08-11 at 6.55.20 AM (1).mp4,24,Mild Steel,train,4560,76.0,357,247,150,150,207,97,507,397,300,300,297.94,14.15,TRACKED,RETAINED,data/phase2_roi_crops/retained/WhatsApp_Video_2026-08-11_at_6.55.20_AM_(1)/crop_004560.jpg
WhatsApp Video 2026-08-11 at 6.55.20 AM (1).mp4,24,Mild Steel,train,4575,76.25,360,254,150,150,210,104,510,404,300,300,304.77,34.58,TRACKED,RETAINED,data/phase2_roi_crops/retained/WhatsApp_Video_2026-08-11_at_6.55.20_AM_(1)/crop_004575.jpg
WhatsApp Video 2026-08-11 at 6.55.20 AM (1).mp4,24,Mild Steel,train,4590,76.5,354,253,150,150,204,103,504,403,300,300,265.99,24.43,TRACKED,RETAINED,data/phase2_roi_crops/retained/WhatsApp_Video_2026-08-11_at_6.55.20_AM_(1)/crop_004590.jpg
WhatsApp Video 2026-08-11 at 6.55.20 AM (1).mp4,24,Mild Steel,train,4605,76.75,357,252,150,150,207,102,507,402,300,300,376.34,30.38,TRACKED,RETAINED,data/phase2_roi_crops/retained/WhatsApp_Video_2026-08-11_at_6.55.20_AM_(1)/crop_004605.jpg
WhatsApp Video 2026-08-11 at 6.55.20 AM (1).mp4,24,Mild Steel,train,4620,77.0,355,251,150,150,205,101,505,401,300,300,439.47,20.56,TRACKED,RETAINED,data/phase2_roi_crops/retained/WhatsApp_Video_2026-08-11_at_6.55.20_AM_(1)/crop_004620.jpg
WhatsApp Video 2026-08-11 at 6.55.20 AM (1).mp4,24,Mild Steel,train,4635,77.25,352,251,150,150,202,101,502,401,300,300,296.48,10.75,TRACKED,RETAINED,data/phase2_roi_crops/retained/WhatsApp_Video_2026-08-11_at_6.55.20_AM_(1)/crop_004635.jpg
WhatsApp Video 2026-08-11 at 6.55.20 AM (1).mp4,24,Mild Steel,train,4650,77.5,354,250,150,150,204,100,504,400,300,300,312.21,16.95,TRACKED,RETAINED,data/phase2_roi_crops/retained/WhatsApp_Video_2026-08-11_at_6.55.20_AM_(1)/crop_004650.jpg
WhatsApp Video 2026-08-11 at 6.55.20 AM (1).mp4,24,Mild Steel,train,4665,77.75,352,246,150,150,202,96,502,396,300,300,292.41,24.98,TRACKED,RETAINED,data/phase2_roi_crops/retained/WhatsApp_Video_2026-08-11_at_6.55.20_AM_(1)/crop_004665.jpg
WhatsApp Video 2026-08-11 at 6.55.20 AM (1).mp4,24,Mild Steel,train,4680,78.0,352,244,150,150,202,94,502,394,300,300,345.34,21.68,TRACKED,RETAINED,data/phase2_roi_crops/retained/WhatsApp_Video_2026-08-11_at_6.55.20_AM_(1)/crop_004680.jpg
WhatsApp Video 2026-08-11 at 6.55.20 AM (1).mp4,24,Mild Steel,train,4695,78.25,349,244,150,150,199,94,499,394,300,300,281.76,25.6,TRACKED,RETAINED,data/phase2_roi_crops/retained/WhatsApp_Video_2026-08-11_at_6.55.20_AM_(1)/crop_004695.jpg
WhatsApp Video 2026-08-11 at 6.55.20 AM (1).mp4,24,Mild Steel,train,4710,78.5,349,246,150,150,199,96,499,396,300,300,332.85,16.3,TRACKED,RETAINED,data/phase2_roi_crops/retained/WhatsApp_Video_2026-08-11_at_6.55.20_AM_(1)/crop_004710.jpg
WhatsApp Video 2026-08-11 at 6.55.20 AM (1).mp4,24,Mild Steel,train,4725,78.75,347,241,150,150,197,91,497,391,300,300,324.89,27.54,TRACKED,RETAINED,data/phase2_roi_crops/retained/WhatsApp_Video_2026-08-11_at_6.55.20_AM_(1)/crop_004725.jpg
WhatsApp Video 2026-08-11 at 6.55.20 AM (1).mp4,24,Mild Steel,train,4740,79.0,349,247,150,150,199,97,499,397,300,300,357.12,22.25,TRACKED,RETAINED,data/phase2_roi_crops/retained/WhatsApp_Video_2026-08-11_at_6.55.20_AM_(1)/crop_004740.jpg
WhatsApp Video 2026-08-11 at 6.55.20 AM (1).mp4,24,Mild Steel,train,4755,79.25,347,246,150,150,197,96,497,396,300,300,357.76,27.29,TRACKED,RETAINED,data/phase2_roi_crops/retained/WhatsApp_Video_2026-08-11_at_6.55.20_AM_(1)/crop_004755.jpg
WhatsApp Video 2026-08-11 at 6.55.20 AM (1).mp4,24,Mild Steel,train,4770,79.5,348,245,150,150,198,95,498,395,300,300,404.55,20.76,TRACKED,RETAINED,data/phase2_roi_crops/retained/WhatsApp_Video_2026-08-11_at_6.55.20_AM_(1)/crop_004770.jpg
WhatsApp Video 2026-08-11 at 6.55.20 AM (1).mp4,24,Mild Steel,train,4785,79.75,346,244,150,150,196,94,496,394,300,300,373.46,23.51,TRACKED,RETAINED,data/phase2_roi_crops/retained/WhatsApp_Video_2026-08-11_at_6.55.20_AM_(1)/crop_004785.jpg
WhatsApp Video 2026-08-11 at 6.55.20 AM (1).mp4,24,Mild Steel,train,4800,80.0,345,244,150,150,195,94,495,394,300,300,546.3,19.8,TRACKED,RETAINED,data/phase2_roi_crops/retained/WhatsApp_Video_2026-08-11_at_6.55.20_AM_(1)/crop_004800.jpg
WhatsApp Video 2026-08-11 at 6.55.20 AM (1).mp4,24,Mild Steel,train,4815,80.25,341,240,150,150,191,90,491,390,300,300,259.81,22.48,TRACKED,RETAINED,data/phase2_roi_crops/retained/WhatsApp_Video_2026-08-11_at_6.55.20_AM_(1)/crop_004815.jpg
WhatsApp Video 2026-08-11 at 6.55.20 AM (1).mp4,24,Mild Steel,train,4830,80.5,342,243,150,150,192,93,492,393,300,300,268.96,19.23,TRACKED,RETAINED,data/phase2_roi_crops/retained/WhatsApp_Video_2026-08-11_at_6.55.20_AM_(1)/crop_004830.jpg
WhatsApp Video 2026-08-11 at 6.55.20 AM (1).mp4,24,Mild Steel,train,4845,80.75,342,242,150,150,192,92,492,392,300,300,422.13,11.95,TRACKED,RETAINED,data/phase2_roi_crops/retained/WhatsApp_Video_2026-08-11_at_6.55.20_AM_(1)/crop_004845.jpg
WhatsApp Video 2026-08-11 at 6.55.20 AM (1).mp4,24,Mild Steel,train,4860,81.0,341,242,150,150,191,92,491,392,300,300,350.49,9.53,TRACKED,RETAINED,data/phase2_roi_crops/retained/WhatsApp_Video_2026-08-11_at_6.55.20_AM_(1)/crop_004860.jpg
WhatsApp Video 2026-08-11 at 6.55.20 AM (1).mp4,24,Mild Steel,train,4875,81.25,339,241,150,150,189,91,489,391,300,300,342.04,7.76,TRACKED,RETAINED,data/phase2_roi_crops/retained/WhatsApp_Video_2026-08-11_at_6.55.20_AM_(1)/crop_004875.jpg
